moisture,pH,EC,nitrogen,phosphorus,potassium,soilTemperature,airTemperature,airHumidity,soilHealth
19.57,5.34,2.63,13.75,9.79,20.24,15.56,36.58,33.41,Needs Attention
58.42,7.0,1.25,68.83,37.01,55.02,24.83,30.43,75.54,Healthy
39.66,7.8,2.29,36.84,21.92,25.29,31.94,34.81,95.75,Moderate
25.96,8.09,2.26,18.3,19.61,30.13,31.12,35.25,82.59,Moderate
65.66,8.2,2.13,39.13,20.61,39.93,29.7,31.16,47.83,Moderate
81.88,7.91,0.86,31.32,21.79,38.15,30.34,33.68,94.05,Moderate
59.78,6.88,1.76,51.3,33.42,52.16,24.4,26.44,63.37,Healthy
31.47,7.72,2.2,44.56,15.29,42.64,31.63,34.37,48.93,Moderate
70.36,7.91,1.28,33.07,22.94,33.08,31.19,32.2,48.28,Moderate
19.11,4.79,2.52,12.72,12.6,10.57,13.36,18.67,34.85,Needs Attention
53.36,6.6,1.62,48.24,44.25,57.8,25.03,27.09,73.23,Healthy
33.52,7.82,1.01,22.31,13.81,25.49,32.47,28.92,47.18,Moderate
9.48,9.04,2.8,26.85,11.5,15.64,14.85,37.35,26.44,Needs Attention
57.46,6.35,1.73,57.08,32.56,47.32,28.87,22.84,65.41,Healthy
33.38,5.64,2.4,32.85,26.11,21.97,27.86,32.67,83.02,Moderate
54.65,6.44,1.63,40.03,20.59,55.14,22.05,25.3,79.89,Healthy
5.58,4.71,2.74,24.81,8.91,6.48,33.17,35.37,90.82,Needs Attention
63.41,7.04,1.5,64.4,48.69,55.75,21.94,28.89,71.75,Healthy
35.23,5.67,0.62,42.7,26.72,24.6,33.33,36.72,39.24,Moderate
82.12,8.78,2.69,22.62,10.3,12.83,36.07,34.97,29.17,Needs Attention
46.63,7.04,1.21,59.09,63.07,26.96,25.08,27.81,69.95,Healthy
43.49,7.27,1.39,52.58,48.96,59.32,23.67,24.03,61.86,Healthy
7.69,5.08,0.57,28.64,11.96,36.65,36.08,17.01,98.75,Needs Attention
43.46,6.66,2.02,75.98,50.31,44.06,22.81,24.51,64.95,Healthy
33.33,5.77,2.43,23.55,22.62,42.51,30.02,32.43,80.6,Moderate
6.95,8.14,0.54,21.8,14.55,31.11,15.4,15.93,25.38,Needs Attention
52.7,6.91,1.69,54.84,35.95,47.46,25.23,25.59,65.5,Healthy
14.34,8.32,0.44,27.67,13.71,24.31,36.84,20.81,97.65,Needs Attention
87.79,8.74,2.81,15.06,15.28,16.55,16.0,40.06,98.55,Needs Attention
28.6,6.11,2.21,26.15,35.48,37.85,30.86,37.56,54.87,Moderate
19.35,7.85,1.96,35.37,12.06,30.29,34.08,33.09,31.16,Moderate
16.23,7.66,2.53,32.31,14.84,30.87,32.87,33.21,91.94,Moderate
55.87,6.53,1.35,48.44,41.75,60.2,19.73,28.67,67.57,Healthy
46.79,7.08,1.4,63.8,29.39,61.14,22.7,29.03,83.53,Healthy
59.62,7.44,0.86,30.24,32.27,38.43,32.7,28.62,37.5,Moderate
89.04,8.63,2.57,14.6,7.13,9.56,15.54,17.58,94.43,Needs Attention
89.95,4.32,0.7,13.82,11.78,16.99,35.42,39.42,32.37,Needs Attention
37.61,7.48,2.46,31.56,14.83,25.07,31.77,30.79,96.77,Moderate
43.77,6.74,1.4,57.81,53.0,48.09,22.55,25.67,70.31,Healthy
34.76,6.88,1.85,58.29,47.9,46.95,25.91,24.77,69.78,Healthy
64.64,7.42,1.25,29.22,28.13,28.77,31.03,35.29,56.69,Moderate
86.46,8.51,2.63,17.77,8.95,14.52,17.8,18.37,30.42,Needs Attention
85.8,5.83,1.08,36.69,24.66,23.44,30.09,36.32,48.36,Moderate
79.18,7.14,1.19,34.38,19.65,16.13,33.13,35.65,52.94,Moderate
57.76,5.31,0.6,22.42,23.74,44.49,31.71,33.9,94.15,Moderate
90.84,8.51,2.75,17.11,7.55,12.74,11.48,37.36,95.04,Needs Attention
16.21,4.84,2.89,21.39,13.73,16.57,38.32,20.96,98.48,Needs Attention
42.99,6.24,1.82,53.61,38.08,77.29,26.81,30.44,86.77,Healthy
92.08,8.55,0.36,24.93,22.57,13.17,16.43,17.94,27.01,Needs Attention
50.29,6.1,1.53,48.91,37.53,56.76,25.79,22.64,79.22,Healthy
46.64,6.23,1.46,56.37,30.67,55.6,25.92,27.24,69.6,Healthy
62.99,6.03,1.19,68.0,39.72,53.83,22.78,26.62,78.16,Healthy
12.73,8.01,2.16,32.61,16.51,33.99,35.49,38.33,81.31,Moderate
38.12,6.66,1.44,59.15,36.4,57.06,20.47,28.25,88.14,Healthy
28.29,7.44,1.88,52.09,25.08,30.24,36.31,30.74,100.0,Moderate
63.71,5.57,2.5,42.29,30.87,24.69,29.7,34.19,45.5,Moderate
22.31,5.04,2.78,18.72,12.6,16.4,16.38,16.37,99.74,Needs Attention
47.78,6.76,1.62,68.82,37.52,41.56,24.69,28.41,58.85,Healthy
45.3,6.49,1.49,69.27,49.58,40.76,24.03,20.42,72.98,Healthy
21.22,6.92,1.69,49.88,43.84,49.9,19.21,32.86,70.17,Healthy
30.21,8.05,2.22,32.74,10.18,47.23,33.44,34.45,59.37,Moderate
34.04,8.36,1.06,40.98,21.06,14.77,32.5,35.32,46.13,Moderate
51.8,5.46,0.71,17.85,14.29,44.8,31.07,31.4,88.17,Moderate
70.34,8.39,1.85,30.82,8.75,49.45,34.33,35.29,53.9,Moderate
7.32,4.94,0.33,22.28,14.96,14.7,15.13,35.43,97.2,Needs Attention
35.39,8.27,2.58,46.12,27.25,48.83,27.49,35.95,46.71,Moderate
45.88,7.13,0.95,63.43,34.81,41.37,25.36,30.93,85.48,Healthy
54.26,6.42,1.4,46.68,51.54,45.05,20.63,22.12,71.23,Healthy
28.72,5.69,1.81,33.65,20.85,24.03,26.91,29.82,88.26,Moderate
56.49,7.09,1.39,67.86,57.79,60.01,22.46,28.28,54.38,Healthy
44.65,7.13,1.37,61.29,38.75,62.63,19.53,27.91,60.71,Healthy
56.24,6.24,1.76,53.91,28.78,67.95,24.33,32.72,82.99,Healthy
27.66,5.37,2.58,25.2,29.55,27.51,31.94,35.4,48.98,Moderate
6.03,8.32,0.53,15.06,12.31,16.78,15.72,19.04,96.8,Needs Attention
25.97,5.66,2.33,37.13,25.9,24.18,29.71,33.89,84.34,Moderate
88.24,8.62,2.97,17.75,18.77,17.07,35.27,18.54,22.33,Needs Attention
40.48,5.95,1.87,35.5,21.76,27.02,36.76,34.26,94.92,Moderate
85.13,6.17,2.59,34.22,24.79,28.05,32.4,34.54,87.0,Moderate
2.66,4.67,2.75,19.93,12.4,24.71,35.97,35.57,39.16,Needs Attention
39.09,5.85,0.6,28.45,21.74,42.99,37.13,34.98,77.42,Moderate
68.94,5.62,0.79,41.72,19.69,44.46,28.95,36.02,60.49,Moderate
27.22,6.97,1.41,52.58,55.25,48.92,20.46,28.37,75.44,Healthy
35.86,6.0,0.67,34.58,24.56,43.91,35.92,33.46,82.53,Moderate
51.6,6.83,1.52,59.65,36.67,60.33,23.6,29.41,84.49,Healthy
54.29,6.89,1.61,56.2,34.18,37.3,24.28,25.39,70.93,Healthy
8.44,8.5,2.59,25.76,11.91,25.1,15.36,38.93,97.36,Needs Attention
45.36,6.54,1.27,68.44,46.16,42.68,21.51,26.53,91.4,Healthy
42.73,6.62,1.36,56.71,48.26,64.49,29.51,22.13,64.3,Healthy
60.59,7.63,2.13,34.03,30.34,21.36,34.23,34.67,44.33,Moderate
43.28,7.09,1.2,55.48,39.7,35.09,21.71,26.88,71.31,Healthy
62.24,7.18,0.42,32.4,35.79,32.46,32.81,32.68,86.49,Moderate
41.57,6.43,1.19,68.57,36.81,54.4,29.49,26.97,78.36,Healthy
27.61,6.83,1.16,50.99,21.88,20.66,30.95,34.03,56.54,Moderate
49.95,6.91,1.1,53.51,41.7,58.44,24.44,27.73,60.85,Healthy
60.37,8.67,0.82,62.79,15.59,40.32,28.17,33.39,46.8,Moderate
36.6,6.81,1.23,58.27,38.65,29.45,26.09,24.04,67.06,Healthy
80.66,8.66,2.63,17.46,8.64,22.87,34.59,37.76,31.04,Needs Attention
91.09,8.55,0.69,15.55,11.05,21.62,33.96,35.2,95.56,Needs Attention
41.35,7.01,1.07,63.73,40.81,62.72,24.35,27.17,76.58,Healthy
97.87,8.71,2.99,20.15,11.13,21.46,35.87,37.1,96.27,Needs Attention
54.81,6.93,1.19,49.31,37.79,61.57,25.08,26.38,84.35,Healthy
6.32,8.59,0.4,23.32,11.02,9.18,14.52,34.03,95.1,Needs Attention
92.61,5.18,2.9,14.24,10.51,15.39,35.21,19.32,25.28,Needs Attention
40.49,6.75,1.21,65.83,43.0,49.0,24.86,28.72,72.55,Healthy
41.96,5.76,2.08,21.98,25.45,29.35,28.98,35.25,76.59,Moderate
59.19,7.3,1.26,72.99,28.28,59.46,23.27,24.21,77.53,Healthy
62.28,6.91,1.39,71.86,52.52,57.13,22.56,25.35,58.98,Healthy
4.54,5.13,2.59,18.31,10.04,20.06,35.26,39.84,35.22,Needs Attention
63.36,5.65,0.8,27.95,21.14,20.67,29.94,36.28,44.79,Moderate
90.2,4.86,2.69,21.63,13.57,21.66,15.81,38.86,95.08,Needs Attention
16.12,8.61,2.81,16.14,10.85,29.18,40.38,38.66,34.55,Needs Attention
48.24,6.89,1.53,47.46,49.54,49.92,28.69,28.26,89.74,Healthy
46.14,6.12,1.35,51.6,26.84,57.83,24.51,28.5,78.59,Healthy
7.88,4.92,0.58,11.25,14.33,20.33,18.12,32.29,96.27,Needs Attention
48.81,6.87,1.62,74.63,35.82,53.27,24.28,30.07,93.6,Healthy
51.82,6.69,1.33,64.78,36.31,46.02,26.85,28.65,60.97,Healthy
50.74,7.23,1.3,48.34,41.82,56.14,25.72,29.48,65.41,Healthy
88.07,4.91,2.79,19.22,11.94,13.68,17.01,38.73,96.1,Needs Attention
17.41,5.19,0.28,23.57,10.95,17.03,32.8,35.66,32.92,Needs Attention
2.41,4.79,2.73,16.76,21.71,19.81,36.75,21.48,94.66,Needs Attention
49.07,7.03,1.39,52.1,37.62,64.15,24.36,32.57,66.86,Healthy
47.37,6.84,1.4,72.58,40.93,52.09,23.35,25.45,74.14,Healthy
58.36,6.54,1.4,70.66,39.61,60.25,23.03,26.41,76.58,Healthy
49.27,6.32,1.42,50.55,43.06,38.58,24.54,28.72,80.17,Healthy
26.29,7.94,0.69,48.55,9.39,17.66,32.58,33.04,89.91,Moderate
56.85,6.86,1.57,39.28,29.26,50.66,27.33,24.63,73.84,Healthy
62.71,6.85,0.83,77.51,33.27,53.62,24.75,27.72,72.43,Healthy
56.01,6.74,1.79,37.27,39.11,49.51,24.22,22.25,69.38,Healthy
90.6,8.71,0.45,29.18,11.36,14.81,13.01,16.67,94.48,Needs Attention
43.62,6.72,1.57,78.94,32.18,44.9,23.44,24.76,64.01,Healthy
44.23,6.6,1.2,72.88,44.01,48.9,23.32,24.03,71.37,Healthy
26.81,7.74,2.12,31.16,23.03,29.34,29.74,37.04,84.19,Moderate
56.32,6.68,1.37,51.64,50.77,55.73,22.53,25.82,81.68,Healthy
67.15,6.85,1.29,52.16,40.49,31.59,23.31,25.64,74.16,Healthy
68.14,6.02,2.08,25.62,15.74,38.15,30.79,35.39,38.31,Moderate
50.86,5.78,1.41,64.79,32.16,62.66,22.97,26.04,73.86,Healthy
61.66,8.15,2.02,34.26,18.64,32.08,30.44,36.34,32.4,Moderate
95.33,8.37,0.47,17.53,9.22,24.23,30.42,38.28,93.01,Needs Attention
85.28,5.49,0.51,19.86,22.02,16.28,16.72,35.42,99.28,Needs Attention
63.83,6.85,1.86,41.58,15.63,38.27,31.47,32.9,91.96,Moderate
53.88,6.87,1.48,70.09,64.47,57.07,26.77,27.84,77.83,Healthy
34.53,5.28,0.76,16.68,34.54,30.28,29.92,34.31,38.43,Moderate
57.58,6.84,1.1,56.65,43.02,59.1,20.03,24.1,74.79,Healthy
45.28,6.79,1.4,44.59,41.76,36.75,23.38,29.0,73.52,Healthy
51.52,6.88,1.69,61.59,45.9,52.65,22.46,27.49,82.94,Healthy
55.88,6.82,1.84,49.08,39.3,36.31,26.53,30.34,79.85,Healthy
61.17,7.85,2.45,19.29,19.93,27.48,30.68,31.21,80.31,Moderate
13.01,8.49,2.68,28.54,9.88,10.99,35.81,37.82,92.02,Needs Attention
11.46,8.15,2.56,11.88,13.83,25.98,14.11,35.51,97.99,Needs Attention
69.04,7.76,2.27,28.25,14.92,27.78,29.89,33.42,84.49,Moderate
9.1,8.63,2.66,23.06,12.66,17.7,35.65,19.69,95.62,Needs Attention
87.57,5.53,2.63,26.13,14.29,26.6,30.52,37.21,95.45,Needs Attention
47.08,7.13,1.71,53.03,37.73,56.2,30.57,26.29,84.44,Healthy
59.41,6.72,1.7,46.34,43.19,55.45,30.39,24.99,61.19,Healthy
39.42,6.41,0.83,32.08,24.29,8.84,32.01,34.57,52.64,Moderate
51.88,6.19,1.04,62.25,33.48,55.02,26.45,23.19,59.3,Healthy
15.14,5.11,2.62,10.72,4.75,10.8,34.17,38.25,100.0,Needs Attention
45.15,6.77,1.39,55.7,31.77,71.92,25.46,24.99,64.94,Healthy
63.97,6.94,0.7,57.92,36.63,48.46,25.99,27.8,65.55,Healthy
33.51,5.92,1.93,31.4,18.74,28.4,34.37,32.04,78.72,Moderate
33.29,5.46,2.11,34.26,23.23,37.85,36.82,32.16,77.61,Moderate
59.79,6.71,1.36,71.16,39.26,49.47,23.28,27.86,69.02,Healthy
83.17,8.99,0.54,28.11,3.97,26.89,33.93,37.64,97.05,Needs Attention
31.42,8.11,1.1,35.24,9.0,37.48,28.4,34.09,35.08,Moderate
93.41,8.19,2.89,13.08,18.14,15.8,31.48,17.71,33.72,Needs Attention
55.4,6.95,1.49,68.06,44.6,45.97,17.13,26.01,72.35,Healthy
48.15,7.07,1.25,57.11,27.89,55.21,25.07,29.39,61.69,Healthy
48.07,7.24,1.44,44.17,43.99,69.86,27.49,23.69,69.58,Healthy
47.91,7.06,1.27,67.6,51.53,46.08,27.52,30.14,79.82,Healthy
61.23,5.62,2.24,27.49,12.17,35.21,35.87,34.12,44.13,Moderate
50.83,6.08,1.19,59.15,41.94,46.14,22.51,25.18,70.7,Healthy
72.22,5.28,1.13,29.56,22.01,14.45,29.76,34.68,40.81,Moderate
86.3,5.48,2.59,28.7,6.13,15.36,16.31,16.5,98.06,Needs Attention
44.95,5.44,1.24,31.84,20.4,27.76,33.74,32.69,52.44,Moderate
59.51,7.47,1.17,65.2,16.98,58.69,19.82,25.43,60.18,Healthy
35.3,5.2,0.74,19.79,24.6,31.03,30.39,36.46,98.36,Moderate
64.81,7.27,0.79,70.51,34.93,70.01,21.9,23.62,71.55,Healthy
25.55,6.04,0.82,34.96,10.95,18.36,31.63,30.56,45.3,Moderate
18.92,8.38,2.98,19.42,17.83,13.29,15.57,19.37,36.64,Needs Attention
56.37,6.65,1.28,56.2,32.2,30.85,20.64,31.12,88.72,Healthy
46.69,6.68,1.48,72.63,51.79,51.16,26.96,25.45,75.93,Healthy
35.26,6.97,1.01,56.41,38.85,51.92,24.62,27.11,75.27,Healthy
78.38,7.96,2.27,30.36,11.4,38.67,32.92,40.89,42.23,Moderate
15.68,8.47,2.95,31.77,11.83,23.72,33.97,32.88,26.79,Needs Attention
51.04,6.22,1.48,72.82,29.44,44.16,23.51,26.0,88.57,Healthy
5.65,4.95,2.8,28.37,15.08,6.94,32.82,24.73,93.93,Needs Attention
40.34,6.55,1.59,41.35,32.85,47.34,26.94,32.14,75.41,Healthy
78.53,4.95,2.89,18.89,12.22,18.79,37.38,37.05,31.28,Needs Attention
27.73,8.1,0.85,33.96,15.6,34.51,27.88,38.38,49.47,Moderate
53.76,7.07,1.7,60.77,50.56,69.83,23.74,28.34,83.48,Healthy
33.09,7.05,1.84,56.36,50.4,51.76,28.5,25.63,50.72,Healthy
72.78,8.16,2.15,36.92,22.78,41.51,32.53,30.44,86.33,Moderate
37.95,6.68,1.44,57.87,33.61,46.21,23.71,29.45,65.91,Healthy
91.64,8.07,0.35,13.91,12.96,12.76,11.19,36.48,32.17,Needs Attention
37.34,5.84,0.89,26.42,16.13,32.41,28.41,33.22,53.2,Moderate
50.51,7.27,1.01,78.22,57.21,56.57,26.58,26.89,70.11,Healthy
49.62,7.23,1.74,68.51,30.37,52.17,27.56,27.82,76.99,Healthy
42.54,6.35,1.64,51.53,46.3,50.03,25.65,22.3,76.1,Healthy
43.87,7.85,0.58,32.19,27.83,43.24,30.12,33.93,87.35,Moderate
42.76,6.7,1.68,59.36,43.19,65.88,28.22,26.83,83.47,Healthy
60.73,6.22,0.76,38.23,30.59,33.78,32.3,28.77,37.8,Moderate
6.86,4.97,0.59,23.54,15.58,27.51,39.65,21.43,99.84,Needs Attention
61.74,5.61,2.08,38.54,18.31,30.36,31.32,34.07,41.54,Moderate
93.8,8.21,0.44,26.51,16.15,13.35,31.29,38.56,96.26,Needs Attention
96.03,8.61,2.83,18.47,16.6,9.04,15.52,19.73,28.55,Needs Attention
78.95,5.76,0.81,37.62,22.87,31.39,33.15,34.12,40.31,Moderate
35.01,6.31,0.95,21.58,21.25,19.62,29.95,38.89,28.6,Moderate
69.73,8.06,0.67,36.23,30.75,31.74,30.6,36.43,46.25,Moderate
26.13,6.12,2.08,21.98,15.64,42.73,33.53,37.22,47.53,Moderate
86.16,5.53,2.85,16.53,21.21,17.85,16.47,40.05,96.33,Needs Attention
19.51,5.53,2.07,28.95,16.86,33.39,33.59,30.97,74.73,Moderate
45.8,7.32,1.81,63.04,24.59,52.31,23.21,27.06,62.43,Healthy
48.16,6.07,1.42,55.97,40.41,50.1,28.07,26.19,64.4,Healthy
58.17,6.72,1.52,55.38,50.05,64.69,28.4,27.8,91.51,Healthy
40.24,7.67,1.99,34.38,14.55,33.33,33.58,30.94,84.43,Moderate
71.01,8.51,0.74,42.41,24.98,22.27,27.28,34.36,82.04,Moderate
59.61,7.0,1.44,57.85,53.48,59.59,22.61,29.8,66.94,Healthy
53.19,6.86,1.87,69.02,31.52,59.96,26.73,27.94,82.18,Healthy
68.95,6.03,2.14,40.7,17.65,16.67,29.35,36.64,90.05,Moderate
92.92,4.9,0.43,23.93,14.41,19.45,34.62,18.35,96.14,Needs Attention
85.45,8.77,2.72,26.42,7.84,17.34,21.47,33.31,26.82,Needs Attention
61.47,6.92,1.21,63.09,34.8,52.33,23.28,26.6,80.47,Healthy
10.03,8.77,0.11,20.05,12.33,25.98,34.95,35.57,99.37,Needs Attention
67.56,7.93,2.06,39.81,16.25,35.09,34.75,33.78,87.52,Moderate
48.69,6.76,1.2,54.53,30.48,36.55,21.57,27.26,65.37,Healthy
93.75,8.41,2.81,16.55,12.06,25.44,35.13,16.88,36.1,Needs Attention
78.11,5.8,0.81,19.93,13.74,29.43,33.99,33.52,100.0,Moderate
59.13,6.58,1.59,59.27,37.18,61.65,22.94,20.43,74.34,Healthy
85.22,8.22,2.59,14.3,20.75,14.98,34.26,36.34,96.11,Needs Attention
38.71,6.91,1.61,66.12,51.44,61.54,22.99,25.83,79.55,Healthy
65.79,6.4,1.48,61.61,37.51,41.98,22.54,25.36,65.61,Healthy
82.8,5.0,0.42,18.18,14.13,16.77,34.09,18.49,29.79,Needs Attention
10.41,4.78,0.41,16.68,11.8,19.66,38.31,39.34,26.81,Needs Attention
55.46,6.43,1.44,50.09,35.66,42.03,27.73,25.07,70.19,Healthy
61.34,6.74,1.59,43.56,41.96,51.4,27.57,25.38,69.83,Healthy
71.03,7.73,0.93,25.32,24.56,26.4,30.94,37.04,38.02,Moderate
23.63,7.71,1.75,52.74,17.67,34.84,32.01,32.62,43.4,Moderate
8.56,4.96,0.41,26.68,5.95,20.08,18.76,17.94,93.92,Needs Attention
77.66,4.67,2.81,27.28,18.44,10.49,16.97,18.71,98.86,Needs Attention
85.55,4.58,2.69,25.97,17.45,15.36,14.12,36.1,34.8,Needs Attention
39.47,6.86,1.26,52.29,34.36,46.13,22.4,27.74,70.6,Healthy
59.34,6.69,1.24,51.43,15.78,41.88,27.14,25.25,67.82,Healthy
81.09,4.74,2.85,17.98,11.9,24.18,34.68,22.44,90.7,Needs Attention
68.68,6.04,1.02,46.37,30.47,32.64,31.86,30.49,34.54,Moderate
66.57,5.79,1.13,46.28,13.61,24.55,30.19,37.31,81.43,Moderate
87.82,5.0,0.29,13.27,20.99,32.31,15.58,18.06,23.6,Needs Attention
49.72,6.87,1.33,52.97,35.49,77.44,23.82,30.21,64.18,Healthy
36.85,6.18,0.82,25.06,22.89,31.02,33.59,32.41,91.24,Moderate
57.44,6.34,1.4,61.02,43.54,53.16,28.07,23.11,69.84,Healthy
60.06,6.42,1.37,45.59,36.05,36.36,20.05,23.24,81.33,Healthy
26.73,7.46,2.16,36.64,38.15,28.82,32.35,34.07,92.28,Moderate
61.1,7.28,1.65,66.06,36.57,69.16,22.67,22.17,79.21,Healthy
57.48,7.31,1.48,49.81,30.9,68.98,28.43,29.66,72.54,Healthy
41.27,6.68,1.5,61.41,41.17,27.89,24.71,26.55,79.78,Healthy
51.13,6.41,1.56,68.57,31.76,48.74,25.78,26.98,59.65,Healthy
46.25,6.36,1.61,60.88,44.88,47.86,24.35,20.46,75.39,Healthy
38.88,7.9,2.06,38.8,15.17,25.07,30.73,25.48,49.46,Moderate
44.33,6.55,1.46,42.6,44.62,27.19,25.41,28.37,64.85,Healthy
55.06,6.58,1.34,52.68,49.05,49.19,27.93,32.35,65.35,Healthy
14.01,4.84,2.56,24.9,6.48,19.64,31.33,40.29,97.32,Needs Attention
48.32,7.16,1.34,58.21,35.55,62.2,24.69,24.71,72.06,Healthy
44.62,6.38,1.12,77.11,40.09,40.55,27.01,25.56,66.14,Healthy
6.36,8.54,0.51,12.77,9.69,6.65,17.31,16.6,97.62,Needs Attention
60.03,6.41,1.61,76.15,31.6,48.79,23.6,29.25,83.35,Healthy
52.75,6.73,1.26,58.42,40.98,59.15,22.9,29.62,62.18,Healthy
9.92,4.74,2.75,21.42,9.08,23.96,17.07,36.3,31.37,Needs Attention
69.42,6.33,2.42,36.85,23.4,41.64,29.92,34.58,34.45,Moderate
57.94,6.77,1.66,44.93,21.81,39.31,22.48,25.07,76.03,Healthy
19.68,5.95,0.78,26.81,22.49,18.08,35.09,30.92,90.09,Moderate
55.29,6.74,1.36,64.96,38.85,44.02,26.0,26.81,76.4,Healthy
95.36,8.56,2.83,20.78,11.3,9.23,34.12,18.51,95.33,Needs Attention
67.53,8.33,0.41,32.64,17.49,35.35,34.65,34.82,40.37,Moderate
33.27,7.01,0.55,36.78,19.38,34.76,33.21,31.49,84.13,Moderate
24.15,5.69,2.1,34.66,22.24,22.61,34.0,31.56,42.93,Moderate
57.82,6.67,1.35,61.0,36.46,76.1,23.02,28.24,79.44,Healthy
12.98,4.94,0.54,18.67,12.22,11.44,35.98,17.35,23.82,Needs Attention
14.9,8.28,2.68,22.57,9.2,20.05,14.15,35.35,96.18,Needs Attention
36.47,6.74,1.45,57.36,51.04,55.81,26.49,26.25,75.84,Healthy
67.62,6.25,1.3,68.49,35.57,56.86,26.58,27.53,62.0,Healthy
69.21,7.15,1.04,54.4,37.87,57.75,22.17,25.41,60.8,Healthy
51.07,6.17,2.12,31.56,37.45,53.62,23.15,29.99,77.91,Healthy
97.58,9.01,2.83,25.64,9.6,13.22,35.83,37.04,34.87,Needs Attention
43.25,6.08,1.39,77.58,38.26,50.92,26.6,27.06,70.07,Healthy
66.31,5.19,1.74,24.73,24.22,33.69,31.22,36.81,44.52,Moderate
85.75,5.0,2.69,32.33,18.2,12.7,18.94,36.36,96.21,Needs Attention
54.36,6.96,1.34,43.15,35.72,61.95,23.48,27.07,69.0,Healthy
9.79,8.4,0.35,23.36,6.93,17.41,34.71,20.29,96.52,Needs Attention
95.03,8.36,2.68,11.77,28.34,11.65,21.91,18.78,31.74,Needs Attention
36.95,5.82,0.32,6.57,23.59,24.18,27.9,31.94,47.5,Moderate
16.93,5.05,2.77,23.63,11.19,24.19,15.41,18.38,100.0,Needs Attention
72.75,8.06,0.74,22.93,23.96,42.45,30.38,32.18,84.8,Moderate
48.23,6.59,1.34,65.89,32.63,63.13,20.7,27.89,78.95,Healthy
71.08,5.77,1.88,30.13,22.51,42.35,33.73,37.68,85.51,Moderate
84.63,5.25,2.78,27.86,14.94,18.01,35.19,35.35,22.09,Needs Attention
53.36,6.71,1.45,61.34,47.36,50.91,26.73,30.11,68.25,Healthy
39.77,6.68,1.5,61.85,46.79,57.81,25.87,24.63,74.65,Healthy
60.8,6.36,1.56,53.14,48.66,60.84,24.49,31.66,70.31,Healthy
57.27,7.12,1.42,66.06,48.22,51.3,23.6,24.07,75.84,Healthy
23.28,7.83,2.16,33.58,28.12,15.94,37.96,35.16,48.11,Moderate
44.89,6.46,1.73,59.3,38.38,58.99,26.15,23.23,84.46,Healthy
79.22,7.39,0.56,23.73,20.36,28.45,28.1,35.62,52.38,Moderate
49.18,5.61,1.02,35.07,26.56,21.89,32.88,34.51,83.22,Moderate
85.37,8.68,2.74,10.77,11.75,13.35,15.79,19.12,30.89,Needs Attention
51.61,6.83,1.39,56.33,37.17,70.73,23.46,28.02,49.24,Healthy
39.77,6.98,1.92,61.24,37.95,35.31,29.63,25.45,59.33,Healthy
49.33,6.91,1.87,84.49,43.35,59.53,24.83,22.56,75.12,Healthy
65.79,7.19,0.72,45.69,17.31,30.37,30.05,31.66,44.03,Moderate
62.29,5.52,2.41,46.0,21.92,35.3,33.35,33.73,34.61,Moderate
39.25,6.66,1.63,64.06,33.69,40.32,24.54,28.68,75.65,Healthy
8.54,8.52,0.36,19.96,7.73,31.57,17.03,20.25,38.92,Needs Attention
67.89,5.95,1.17,29.99,25.39,29.48,33.85,39.07,44.89,Moderate
48.23,6.03,2.37,33.4,18.52,31.79,29.15,36.24,42.22,Moderate
56.98,6.64,1.2,38.84,51.47,42.57,20.76,27.39,58.61,Healthy
13.24,8.2,0.43,11.3,6.37,14.65,35.09,18.07,95.54,Needs Attention
90.36,5.21,0.5,19.81,12.8,22.55,17.45,35.35,32.31,Needs Attention
15.41,4.81,2.7,17.37,10.78,14.02,16.08,36.15,96.05,Needs Attention
80.86,7.67,0.69,41.97,24.97,52.36,35.68,31.3,74.6,Moderate
75.02,7.87,0.74,28.88,24.93,28.86,25.38,32.96,37.7,Moderate
46.12,6.42,1.9,55.72,37.47,58.94,24.53,20.03,90.2,Healthy
85.73,8.37,0.52,30.82,9.14,22.1,18.51,37.03,99.21,Needs Attention
43.09,7.09,1.77,59.76,30.17,65.07,26.79,28.65,71.53,Healthy
42.08,5.82,2.21,49.62,25.5,14.42,32.11,32.84,87.3,Moderate
15.22,5.22,2.65,15.38,10.7,27.82,39.34,36.07,26.58,Needs Attention
72.35,7.27,2.36,34.31,22.69,44.47,30.14,31.58,48.24,Moderate
50.86,6.54,1.4,84.18,41.46,56.5,22.74,30.06,78.84,Healthy
83.57,5.59,2.29,33.63,21.28,29.4,33.63,34.35,39.56,Moderate
67.58,8.0,0.99,38.89,33.29,27.08,32.84,35.51,86.52,Moderate
92.14,7.93,2.83,15.94,9.75,17.27,38.39,37.66,28.72,Needs Attention
21.05,6.08,2.54,26.54,20.97,24.79,28.68,32.1,79.38,Moderate
59.89,6.71,1.97,77.3,40.56,47.86,30.17,29.24,75.95,Healthy
62.8,7.4,1.79,60.38,44.48,45.16,25.1,29.24,78.88,Healthy
45.27,6.99,1.76,71.81,44.24,51.17,26.49,23.57,55.4,Healthy
58.52,5.5,2.29,35.89,14.97,42.17,30.18,27.86,93.71,Moderate
53.34,6.54,1.29,57.02,32.64,49.71,29.35,30.13,74.77,Healthy
31.74,7.74,0.64,36.82,24.93,38.84,29.86,32.56,43.85,Moderate
56.0,6.66,1.6,56.52,36.47,70.97,18.67,21.38,75.44,Healthy
54.13,6.67,1.61,57.34,35.24,41.14,23.52,27.61,54.37,Healthy
67.23,7.2,1.72,60.26,33.26,52.73,29.76,25.94,67.91,Healthy
37.09,6.31,2.46,38.55,18.17,34.87,32.32,29.59,36.26,Moderate
68.26,6.17,0.76,51.29,21.53,33.27,34.82,30.92,43.43,Moderate
35.59,8.08,2.41,33.81,30.99,22.45,34.59,33.09,34.0,Moderate
45.3,6.4,1.32,40.13,20.44,48.78,20.66,32.2,68.77,Healthy
36.3,6.69,1.18,63.61,45.81,49.26,22.68,28.79,70.8,Healthy
59.43,5.93,1.31,24.35,28.08,26.56,33.01,35.06,77.98,Moderate
40.74,5.32,1.82,29.48,10.74,26.07,32.08,32.59,83.74,Moderate
36.68,6.59,1.19,45.02,37.51,63.38,26.84,23.15,72.33,Healthy
50.73,7.21,1.31,61.67,52.28,34.27,25.49,28.66,75.2,Healthy
29.24,5.44,2.09,35.18,21.52,38.36,30.45,37.19,89.8,Moderate
49.98,6.31,1.27,56.94,44.27,58.49,25.32,29.41,63.01,Healthy
74.41,7.65,2.74,35.32,20.95,38.22,30.6,28.42,44.48,Moderate
61.99,6.12,1.96,21.07,19.35,33.53,30.82,36.52,46.66,Moderate
65.75,5.85,2.16,40.13,26.76,29.86,33.91,25.6,88.15,Moderate
38.69,6.92,0.82,44.49,47.1,52.36,23.56,24.56,54.03,Healthy
15.43,9.0,2.85,21.26,8.99,9.31,13.75,18.42,28.41,Needs Attention
72.24,7.36,2.38,37.32,31.43,45.75,31.25,33.12,48.63,Moderate
75.67,5.77,1.98,33.47,31.89,35.94,38.2,32.17,53.57,Moderate
73.33,7.47,2.25,40.02,27.26,32.71,33.34,33.86,48.08,Moderate
69.65,5.97,2.03,35.8,10.22,17.92,29.2,34.87,52.34,Moderate
12.79,4.75,0.49,16.94,13.71,19.9,37.14,38.15,31.85,Needs Attention
15.32,7.68,0.51,33.67,20.12,45.58,34.15,32.71,29.01,Moderate
65.79,6.75,1.21,57.49,37.38,56.35,24.57,23.22,57.28,Healthy
54.91,6.28,1.57,58.89,34.85,60.55,18.99,28.04,86.57,Healthy
91.44,8.3,3.03,12.86,12.1,14.31,36.46,40.01,99.14,Needs Attention
52.17,7.1,1.6,55.34,47.49,35.11,22.83,26.71,76.93,Healthy
59.32,6.94,1.3,73.02,47.52,43.72,24.12,28.55,68.72,Healthy
54.91,6.67,1.1,55.76,34.65,44.21,23.9,28.44,66.39,Healthy
72.6,7.87,2.63,47.3,27.5,20.95,33.22,30.9,46.67,Moderate
15.97,4.65,0.43,26.76,7.98,12.95,18.5,37.8,97.66,Needs Attention
76.1,5.55,0.55,43.16,23.01,33.7,27.91,35.64,87.55,Moderate
91.44,4.8,0.19,20.51,4.03,15.36,16.35,16.11,97.51,Needs Attention
86.39,4.6,0.34,16.78,14.04,16.16,34.38,34.25,35.59,Needs Attention
49.28,6.34,1.59,57.99,31.93,35.75,30.67,29.5,77.03,Healthy
52.51,6.81,1.46,46.94,24.49,41.98,26.57,22.66,64.08,Healthy
33.04,8.21,1.15,35.46,22.58,38.14,31.0,31.26,92.48,Moderate
59.25,6.78,1.33,59.85,42.97,40.73,24.73,28.1,67.58,Healthy
93.75,8.62,2.9,16.02,13.59,26.48,15.6,36.92,30.55,Needs Attention
56.8,6.56,1.62,60.31,42.7,43.45,23.54,26.72,75.04,Healthy
55.53,6.78,1.13,51.63,38.29,46.65,24.46,32.33,83.22,Healthy
73.84,8.02,0.57,30.19,32.82,15.26,31.87,37.07,49.62,Moderate
70.33,5.37,1.16,28.08,17.99,26.64,28.68,33.01,91.05,Moderate
51.32,6.71,1.73,55.9,44.15,56.89,23.32,25.07,71.72,Healthy
72.2,5.46,1.97,41.78,29.25,29.66,35.78,33.59,35.12,Moderate
28.67,5.31,1.12,22.53,19.99,28.32,32.62,34.66,100.0,Moderate
30.0,5.66,0.84,29.54,31.26,12.02,32.23,34.27,44.9,Moderate
84.03,8.33,0.57,25.37,2.19,22.41,33.57,22.92,96.77,Needs Attention
43.22,7.49,1.94,66.01,40.31,52.56,23.69,26.42,52.32,Healthy
53.4,7.11,1.27,71.53,37.21,39.33,27.38,27.27,84.54,Healthy
40.91,6.82,1.62,40.18,45.48,35.26,24.21,23.51,84.88,Healthy
49.63,6.26,1.03,51.0,31.33,54.69,20.0,25.66,70.44,Healthy
62.22,5.14,1.04,35.06,12.37,28.08,35.45,35.52,68.16,Moderate
87.56,4.95,0.47,24.95,10.19,12.61,16.78,22.45,32.08,Needs Attention
71.95,7.4,2.35,23.97,19.61,38.12,34.8,31.55,39.37,Moderate
55.11,7.19,1.49,66.58,43.56,44.29,27.02,29.84,63.09,Healthy
29.57,8.79,2.23,35.54,31.17,26.21,31.3,30.16,41.38,Moderate
33.66,8.35,2.43,38.14,25.66,23.65,31.18,32.69,33.44,Moderate
62.84,6.59,1.99,58.03,35.77,76.09,19.93,25.34,57.01,Healthy
69.83,6.06,2.3,25.17,35.71,32.22,29.15,30.74,49.95,Moderate
55.84,7.2,1.75,66.63,33.35,43.59,26.47,31.26,62.72,Healthy
36.91,5.92,0.57,34.29,16.92,29.37,33.86,31.99,88.77,Moderate
54.5,6.87,1.45,54.48,43.39,52.84,29.83,30.15,65.93,Healthy
13.91,8.69,2.66,17.84,17.35,17.08,13.55,20.93,94.17,Needs Attention
44.91,6.84,1.91,50.76,41.2,51.82,22.28,29.32,61.96,Healthy
44.17,6.54,1.3,52.68,39.91,39.2,27.21,26.57,94.31,Healthy
54.3,6.81,1.08,46.37,43.18,58.3,25.13,25.58,67.44,Healthy
53.98,6.83,1.47,65.63,47.82,65.83,22.42,27.75,57.55,Healthy
49.92,6.66,1.76,62.51,40.98,53.64,26.62,24.93,64.08,Healthy
82.93,8.43,2.89,11.55,6.21,22.16,37.5,16.48,28.49,Needs Attention
40.41,6.82,1.31,57.28,38.09,47.56,25.23,28.66,89.69,Healthy
0.0,5.23,0.41,8.7,16.52,25.1,15.05,18.57,92.72,Needs Attention
34.7,7.78,0.48,36.44,31.78,30.4,32.07,33.98,51.98,Moderate
86.02,8.29,2.78,15.78,14.68,26.21,18.4,40.47,99.92,Needs Attention
45.86,6.71,1.09,58.56,32.57,51.67,21.78,26.94,80.1,Healthy
22.84,8.45,0.32,12.63,9.06,12.89,18.28,35.43,94.49,Needs Attention
97.22,8.53,2.51,33.16,13.92,21.25,15.63,37.53,96.73,Needs Attention
21.02,8.51,2.3,35.22,11.14,29.25,36.48,34.33,32.69,Moderate
28.59,7.66,2.41,22.46,19.89,22.2,33.81,32.33,42.49,Moderate
10.66,8.55,0.56,13.31,8.07,14.62,34.36,17.7,32.14,Needs Attention
57.45,6.85,1.39,45.26,43.86,55.42,20.54,26.54,75.01,Healthy
87.81,4.93,0.54,19.87,16.32,21.47,16.48,16.68,37.14,Needs Attention
45.34,6.65,1.93,43.97,44.73,63.28,22.79,25.0,68.68,Healthy
51.43,6.08,1.3,43.84,39.84,53.34,24.83,25.0,64.32,Healthy
37.97,7.75,0.82,37.19,29.14,34.75,32.46,32.37,76.13,Moderate
59.33,6.33,1.28,55.55,35.5,57.51,25.66,30.15,76.52,Healthy
49.36,6.68,1.49,33.88,42.24,59.2,24.86,28.03,71.61,Healthy
55.95,6.78,1.12,37.05,47.15,46.78,25.5,26.21,71.69,Healthy
36.85,7.31,1.82,29.06,20.53,22.23,27.76,36.03,88.38,Moderate
34.63,5.78,2.06,47.71,12.14,34.88,36.33,35.71,79.03,Moderate
69.02,7.05,1.68,85.21,43.08,53.2,22.8,25.64,53.58,Healthy
47.91,7.38,1.83,45.38,38.01,61.69,24.29,29.21,66.17,Healthy
41.73,6.49,1.35,78.65,29.21,47.81,24.75,26.09,81.67,Healthy
33.88,7.71,0.79,27.66,8.07,33.94,32.2,32.71,88.09,Moderate
50.62,6.72,1.68,56.67,47.66,60.13,28.13,27.65,84.99,Healthy
8.27,8.11,0.25,23.22,14.12,23.16,15.21,17.84,27.27,Needs Attention
19.46,8.07,2.32,34.09,31.02,27.62,31.17,33.84,44.53,Moderate
19.67,4.6,2.87,15.39,16.39,27.01,37.3,38.93,32.4,Needs Attention
55.9,6.87,1.43,53.52,43.89,47.6,23.38,27.19,87.48,Healthy
14.35,9.29,0.25,13.27,21.28,12.43,15.37,36.89,94.97,Needs Attention
87.32,4.46,2.8,18.32,5.99,12.98,15.96,19.01,29.96,Needs Attention
13.9,8.76,0.43,22.07,14.33,21.37,36.98,21.33,96.39,Needs Attention
58.25,5.97,1.12,59.19,44.38,37.16,23.14,22.02,69.15,Healthy
53.18,5.98,1.27,62.35,49.87,65.59,21.44,30.0,81.3,Healthy
28.08,7.6,2.54,48.62,23.42,35.59,31.62,35.32,88.41,Moderate
59.49,5.2,2.22,27.44,18.08,21.54,34.53,38.59,52.3,Moderate
31.61,8.45,2.03,26.95,17.98,46.11,31.04,34.81,36.91,Moderate
29.57,5.51,2.32,35.86,16.05,39.87,36.84,34.07,94.06,Moderate
84.72,8.51,2.69,19.1,9.19,29.08,30.49,22.57,97.14,Needs Attention
69.07,8.18,2.39,43.66,24.07,16.28,31.31,35.09,94.43,Moderate
51.4,7.88,1.97,30.15,25.54,32.97,31.33,31.1,82.57,Moderate
29.84,5.92,1.92,30.28,22.24,32.85,30.03,36.25,81.91,Moderate
48.13,7.14,1.32,49.29,41.24,56.99,28.61,28.06,77.8,Healthy
37.42,7.1,1.79,56.84,46.49,35.71,22.95,27.25,56.38,Healthy
90.6,5.4,2.84,12.59,13.62,18.88,35.12,22.43,25.9,Needs Attention
91.82,5.1,2.43,20.08,18.6,15.67,19.1,17.99,94.32,Needs Attention
90.65,5.13,0.27,12.95,16.0,24.81,13.05,18.46,95.78,Needs Attention
34.23,6.56,1.55,46.32,50.66,71.56,25.09,28.83,57.43,Healthy
76.98,5.86,0.93,38.38,28.64,31.43,31.13,35.22,51.23,Moderate
98.18,4.41,0.51,4.12,17.84,20.99,11.53,19.9,26.95,Needs Attention
43.11,6.92,1.47,59.83,29.22,52.33,27.36,29.45,68.27,Healthy
45.55,7.42,1.07,49.75,40.2,53.3,27.21,29.94,65.32,Healthy
15.79,4.6,0.55,4.78,17.01,20.01,12.91,19.34,32.15,Needs Attention
63.62,5.41,0.71,32.02,15.84,39.3,30.33,36.86,41.88,Moderate
55.02,7.89,0.34,30.5,31.49,27.59,33.78,34.09,89.34,Moderate
85.45,5.76,2.18,40.45,22.1,26.84,31.28,36.98,91.74,Moderate
68.33,7.71,0.73,43.93,29.67,27.18,33.27,33.95,89.34,Moderate
46.84,6.41,1.61,49.66,37.52,57.25,24.19,25.53,59.38,Healthy
50.64,7.35,1.64,60.78,30.54,38.8,28.5,29.63,69.43,Healthy
91.45,4.43,0.57,11.83,6.26,18.93,15.53,22.06,95.38,Needs Attention
10.56,5.23,2.87,10.98,11.6,8.57,37.6,19.72,95.57,Needs Attention
67.21,5.48,0.93,44.64,28.79,33.46,32.19,31.73,100.0,Moderate
83.2,8.62,2.79,21.21,9.97,10.32,33.44,21.59,36.99,Needs Attention
41.69,6.36,1.68,63.88,38.14,79.07,24.46,27.18,65.83,Healthy
53.36,7.17,1.1,51.98,25.73,55.61,23.43,29.27,72.28,Healthy
54.7,6.46,1.58,62.14,38.48,57.66,20.78,27.49,67.84,Healthy
35.25,7.1,1.19,48.13,35.26,45.44,21.69,19.87,84.55,Healthy
90.7,4.75,2.77,19.92,13.28,12.18,18.9,32.14,97.43,Needs Attention
69.27,7.63,1.76,26.25,18.2,38.59,32.14,37.28,87.62,Moderate
87.13,6.11,0.99,41.0,27.15,39.0,30.6,31.62,81.9,Moderate
48.23,6.75,1.92,55.47,28.62,66.7,26.31,29.29,85.4,Healthy
42.1,6.94,1.69,58.17,37.61,53.33,23.46,30.61,88.89,Healthy
46.15,7.09,1.44,75.96,45.3,47.9,25.1,25.94,79.73,Healthy
88.44,4.89,0.55,16.08,15.63,14.0,13.23,35.95,27.65,Needs Attention
13.05,8.41,0.23,26.75,1.75,20.51,16.43,20.8,98.0,Needs Attention
37.33,6.74,1.08,63.08,31.07,53.63,25.3,27.23,66.31,Healthy
76.13,8.32,1.99,31.02,17.93,25.38,35.05,32.71,49.1,Moderate
88.71,8.4,0.41,15.14,10.51,21.38,35.52,39.32,95.85,Needs Attention
60.51,8.11,0.61,34.74,23.16,30.67,29.29,34.63,90.93,Moderate
60.37,6.81,1.4,49.3,54.06,41.7,22.69,28.71,55.3,Healthy
73.72,6.01,0.58,19.85,32.78,32.66,32.2,38.51,27.34,Moderate
17.98,5.83,0.97,29.28,32.43,27.32,33.05,35.49,85.78,Moderate
23.36,7.83,0.93,24.49,31.06,38.56,29.75,37.06,86.9,Moderate
36.95,5.73,0.75,36.74,14.18,32.31,31.47,32.35,86.92,Moderate
41.23,7.1,1.5,62.83,40.21,41.97,25.77,26.41,71.8,Healthy
61.13,6.8,1.3,71.06,23.82,56.44,26.35,24.51,80.76,Healthy
47.31,7.39,1.7,56.66,36.61,58.15,29.36,29.39,56.52,Healthy
69.27,7.32,0.61,24.53,23.83,26.64,28.96,37.31,31.47,Moderate
49.1,6.47,1.58,46.57,32.97,56.16,22.54,25.94,72.14,Healthy
57.19,6.72,1.56,46.04,38.57,62.97,26.93,24.61,67.09,Healthy
67.72,5.69,2.28,24.48,33.36,28.66,30.86,26.93,88.71,Moderate
87.27,5.55,0.6,23.53,10.19,13.16,30.61,37.38,28.01,Needs Attention
83.8,4.88,0.73,19.84,11.61,0.45,18.02,38.18,96.73,Needs Attention
28.77,5.69,0.95,31.52,33.64,24.68,31.15,30.89,35.71,Moderate
90.04,8.46,2.68,23.25,15.63,12.61,36.77,35.03,37.04,Needs Attention
59.36,6.4,1.36,45.58,34.36,64.52,28.22,23.56,67.88,Healthy
23.05,5.35,0.57,27.23,22.3,28.9,33.31,31.27,89.07,Moderate
28.67,5.42,2.14,45.5,33.28,30.21,30.22,36.66,89.73,Moderate
41.27,6.49,1.47,48.55,35.89,39.75,24.93,28.28,75.62,Healthy
37.2,5.57,2.16,40.53,23.16,25.06,30.23,33.51,87.75,Moderate
54.15,6.36,1.18,60.71,42.75,45.26,28.48,29.44,66.37,Healthy
38.76,6.37,1.39,61.56,50.92,52.65,28.76,24.88,67.16,Healthy
38.42,6.94,1.37,50.29,32.01,54.06,22.61,26.99,75.61,Healthy
64.2,7.63,0.95,23.71,24.77,43.92,31.51,34.19,88.63,Moderate
64.41,7.46,1.27,63.79,42.46,49.19,20.43,33.92,55.66,Healthy
55.97,5.63,0.52,33.96,19.37,26.05,28.35,31.83,85.55,Moderate
32.22,5.72,2.21,41.14,21.8,44.96,32.11,29.74,47.74,Moderate
73.09,7.79,0.72,19.19,24.68,32.85,34.12,32.67,42.34,Moderate
89.95,8.02,2.65,15.25,14.42,23.89,18.41,34.6,96.45,Needs Attention
62.33,6.91,1.5,60.12,39.33,46.76,22.42,30.03,74.14,Healthy
22.85,5.19,1.65,37.26,14.29,22.42,28.57,35.94,100.0,Moderate
32.72,7.91,1.2,37.6,27.14,24.74,28.33,34.21,85.73,Moderate
61.11,5.87,1.06,24.98,16.48,41.56,33.09,32.86,36.29,Moderate
0.75,4.79,2.53,23.43,6.59,33.15,36.43,34.47,29.08,Needs Attention
24.26,6.27,2.46,29.04,22.38,31.06,32.81,36.41,81.77,Moderate
48.82,6.42,1.53,62.78,49.86,45.21,22.83,29.27,68.33,Healthy
46.25,6.7,1.47,64.02,44.67,37.0,28.02,27.18,69.02,Healthy
31.95,5.89,0.79,44.33,6.47,20.4,29.94,29.77,83.95,Moderate
58.49,6.69,1.59,63.38,38.28,41.05,25.91,28.84,80.05,Healthy
13.35,4.56,2.54,20.95,13.63,17.7,35.05,36.64,95.92,Needs Attention
13.41,4.88,0.51,25.62,16.54,22.89,32.71,17.34,95.47,Needs Attention
66.62,5.41,0.98,44.57,22.02,49.58,31.14,35.7,85.6,Moderate
45.4,6.54,1.49,64.27,41.8,61.01,26.27,25.51,72.4,Healthy
42.99,7.0,1.24,66.55,47.29,49.35,23.02,27.03,71.6,Healthy
97.0,5.46,2.65,17.56,19.06,13.03,15.58,39.57,23.26,Needs Attention
41.31,5.69,1.88,64.05,36.44,52.57,27.13,26.61,73.3,Healthy
47.04,6.64,1.3,67.27,24.78,32.14,24.51,27.29,75.64,Healthy
48.81,7.22,1.69,55.24,39.43,56.59,25.7,31.13,82.18,Healthy
51.07,6.64,1.02,48.09,38.56,48.47,26.12,28.68,66.96,Healthy
75.29,5.6,1.95,37.84,22.74,39.74,32.74,32.92,34.09,Moderate
52.96,7.28,1.24,58.09,44.93,64.8,19.11,22.8,72.37,Healthy
30.29,7.3,1.99,30.22,30.6,39.43,30.48,32.86,73.61,Moderate
60.15,5.36,2.08,27.32,27.08,33.03,33.06,34.01,84.36,Moderate
35.15,6.87,1.89,63.27,47.59,52.36,24.77,31.21,65.97,Healthy
16.23,7.27,0.83,27.24,9.86,29.65,30.1,36.02,100.0,Moderate
92.51,8.38,2.72,21.58,19.31,12.91,14.3,37.23,21.08,Needs Attention
31.62,7.83,1.04,28.82,20.95,28.21,36.92,34.19,83.01,Moderate
16.27,5.12,0.53,15.5,9.19,9.63,36.18,35.39,30.11,Needs Attention
54.14,7.09,1.72,46.44,44.86,67.33,30.83,28.44,80.85,Healthy
59.4,5.31,2.28,26.33,17.55,30.65,29.23,35.9,43.48,Moderate
42.74,6.91,1.21,72.19,25.26,49.02,28.57,32.93,71.18,Healthy
82.72,8.14,2.54,25.64,14.63,13.71,14.44,35.59,32.86,Needs Attention
63.84,6.01,1.54,50.73,21.15,48.39,29.12,25.03,79.12,Healthy
52.84,6.41,1.58,56.76,9.52,43.89,24.98,30.2,74.98,Healthy
38.69,6.63,1.55,67.1,43.52,51.27,23.08,29.78,64.19,Healthy
81.36,4.91,0.52,17.49,4.88,10.91,34.72,16.38,36.02,Needs Attention
16.11,4.98,2.98,23.2,12.1,18.14,15.67,19.67,35.07,Needs Attention
38.52,6.94,1.22,39.37,36.79,40.87,28.15,27.4,58.77,Healthy
87.41,8.49,0.6,19.8,14.32,18.77,32.89,17.95,25.72,Needs Attention
57.45,8.03,0.79,39.54,15.46,26.47,31.12,34.84,40.57,Moderate
56.14,7.06,1.54,76.72,25.0,61.66,22.0,26.95,72.22,Healthy
28.9,8.01,2.02,41.13,14.9,20.37,31.11,34.65,47.38,Moderate
85.44,8.87,2.69,22.89,16.35,15.79,31.09,40.01,95.27,Needs Attention
58.62,7.31,1.66,49.6,33.02,59.37,23.2,24.42,63.25,Healthy
58.16,7.27,0.99,68.12,53.46,34.04,23.33,24.45,80.77,Healthy
53.16,6.25,1.42,64.81,38.91,55.26,23.41,25.85,66.06,Healthy
32.95,8.68,1.89,35.88,20.46,31.05,29.02,34.14,42.55,Moderate
26.0,5.95,2.45,19.72,31.63,41.36,37.59,36.53,97.04,Moderate
44.24,7.0,1.49,66.56,41.94,35.09,24.07,28.16,74.47,Healthy
43.38,6.18,1.12,58.22,33.73,53.05,27.28,25.11,96.0,Healthy
50.28,6.61,1.29,61.05,31.0,73.52,21.12,24.15,62.59,Healthy
52.13,7.48,1.24,54.3,40.89,47.27,20.08,29.41,73.68,Healthy
40.78,5.89,1.8,34.79,21.39,27.06,36.44,37.21,49.45,Moderate
85.88,4.62,2.79,37.72,16.24,13.6,34.62,36.1,22.74,Needs Attention
89.3,8.49,2.83,29.33,14.76,16.39,16.53,18.55,92.86,Needs Attention
71.98,5.19,0.36,39.59,23.42,21.6,35.51,35.17,84.69,Moderate
39.07,7.0,0.95,43.25,44.95,64.16,24.48,34.19,62.8,Healthy
49.55,7.37,1.58,48.88,34.18,65.75,27.32,27.08,68.02,Healthy
48.21,6.81,0.72,70.44,29.31,69.75,22.13,24.02,75.65,Healthy
24.13,6.46,0.74,39.27,9.5,41.01,34.48,35.31,43.18,Moderate
87.89,4.79,2.66,15.49,15.25,14.01,16.04,37.66,33.93,Needs Attention
7.92,8.76,2.83,19.53,14.0,23.85,35.18,38.1,34.27,Needs Attention
13.36,4.99,0.43,19.32,9.64,18.14,32.64,42.54,94.54,Needs Attention
30.33,8.14,2.14,39.57,16.58,26.41,32.48,37.35,95.53,Moderate
46.87,6.45,1.38,61.3,50.02,46.61,23.04,28.02,71.23,Healthy
21.9,8.76,0.9,19.05,16.03,34.68,31.18,35.54,35.77,Moderate
11.38,5.06,0.46,15.89,5.25,10.04,12.78,38.96,20.82,Needs Attention
45.18,6.55,1.37,46.13,47.86,56.72,20.88,27.08,57.91,Healthy
15.88,8.14,1.68,34.73,11.73,31.72,31.61,39.9,52.34,Moderate
50.43,7.31,1.69,53.41,46.68,39.65,22.48,21.5,71.43,Healthy
33.81,5.19,2.31,35.01,28.53,29.38,32.7,33.13,90.38,Moderate
53.19,7.13,1.31,59.93,41.27,50.69,24.32,24.44,74.52,Healthy
46.35,6.88,1.59,53.3,40.97,47.15,26.42,28.47,78.46,Healthy
38.94,6.19,1.31,39.47,50.5,37.04,23.75,24.39,57.72,Healthy
22.17,7.99,2.41,42.85,20.61,43.85,34.12,34.1,44.04,Moderate
8.12,5.43,2.63,11.72,7.18,16.07,15.96,17.65,24.96,Needs Attention
13.17,5.4,2.77,10.71,8.87,28.33,15.29,22.58,95.33,Needs Attention
50.41,6.88,1.56,65.91,20.26,56.83,24.53,25.34,74.36,Healthy
47.54,7.25,1.7,59.45,27.51,43.88,21.86,27.11,67.42,Healthy
91.09,4.94,0.26,15.04,4.6,23.42,16.5,18.68,27.39,Needs Attention
30.34,7.85,0.77,30.33,25.58,23.91,36.65,35.42,92.53,Moderate
61.38,6.22,2.67,21.33,14.41,37.1,31.15,34.77,87.0,Moderate
44.67,7.13,1.41,45.57,48.17,44.74,26.67,19.46,68.68,Healthy
29.43,7.44,2.1,36.64,17.95,18.42,30.93,35.6,45.22,Moderate
73.1,5.9,1.09,28.79,22.19,26.96,32.4,29.33,39.54,Moderate
11.01,8.57,2.65,22.19,13.45,20.03,16.37,16.03,95.24,Needs Attention
11.57,5.32,0.6,20.72,14.74,6.55,35.88,22.73,37.61,Needs Attention
75.01,5.74,1.06,29.68,19.51,28.32,31.51,34.76,85.05,Moderate
54.67,6.31,1.58,66.04,34.86,47.56,26.39,26.92,81.58,Healthy
10.17,8.48,0.47,15.28,13.88,17.42,16.87,18.15,45.13,Needs Attention
39.97,7.94,0.86,26.74,27.66,20.28,36.36,34.71,78.09,Moderate
42.12,6.61,1.94,46.34,47.93,60.4,24.04,25.34,60.76,Healthy
58.47,6.79,1.77,48.89,42.71,57.78,25.29,26.14,58.87,Healthy
36.88,8.04,0.94,38.24,15.46,23.2,33.79,32.43,92.54,Moderate
90.27,5.06,0.35,19.97,10.57,9.99,36.0,35.75,96.96,Needs Attention
9.8,8.69,0.51,21.15,10.96,16.68,15.08,34.57,91.98,Needs Attention
53.49,6.4,1.43,59.2,41.98,61.38,26.58,27.59,68.02,Healthy
91.23,8.8,2.72,23.92,10.3,20.4,17.63,15.8,91.06,Needs Attention
54.22,7.06,1.12,61.21,37.72,74.72,26.52,26.93,74.57,Healthy
49.31,6.88,1.78,76.42,32.63,38.84,25.31,27.73,61.18,Healthy
52.8,6.68,1.39,74.18,38.99,65.31,20.53,35.06,68.64,Healthy
44.34,6.98,1.49,43.77,37.38,51.17,23.22,31.45,76.32,Healthy
66.16,8.05,0.49,20.82,25.22,45.84,29.48,34.36,82.97,Moderate
81.85,5.97,2.47,26.02,10.3,27.18,35.19,32.35,49.01,Moderate
29.79,6.45,0.72,31.9,20.42,24.06,31.61,33.32,50.87,Moderate
75.72,5.6,0.63,20.48,18.96,27.84,32.22,37.1,76.64,Moderate
34.07,6.92,0.62,29.97,8.95,27.36,32.52,34.61,84.89,Moderate
59.33,8.66,2.43,36.68,27.52,25.26,31.7,36.2,95.51,Moderate
63.51,6.52,1.34,85.7,34.88,50.17,25.17,28.01,66.43,Healthy
19.4,6.68,2.29,22.98,7.16,31.31,31.75,33.33,39.76,Moderate
6.92,8.94,2.82,19.64,11.17,12.04,34.43,34.93,27.38,Needs Attention
35.03,7.08,1.45,47.35,52.93,52.42,21.16,31.72,84.19,Healthy
50.04,6.31,1.39,37.09,30.31,58.36,23.88,29.77,54.3,Healthy
56.8,6.39,1.22,59.86,46.98,47.97,28.17,23.16,58.91,Healthy
86.28,4.99,0.19,16.01,12.72,19.02,35.66,21.39,29.11,Needs Attention
40.77,6.23,1.3,44.15,28.94,58.22,24.49,25.56,68.52,Healthy
66.73,6.34,1.7,40.59,40.24,50.6,20.23,30.27,73.33,Healthy
17.29,8.24,2.69,16.02,12.13,22.99,18.26,36.72,32.7,Needs Attention
57.24,6.89,1.6,53.45,33.89,52.9,26.8,26.85,65.68,Healthy
73.78,5.49,2.55,46.43,23.32,31.46,28.42,38.3,93.26,Moderate
50.79,7.27,1.8,61.82,41.25,59.98,27.81,27.35,73.36,Healthy
77.68,6.12,0.77,41.16,20.35,40.59,32.28,35.98,35.91,Moderate
54.52,6.9,1.93,57.6,49.53,47.26,28.74,31.35,82.19,Healthy
13.21,8.19,2.62,26.18,20.11,19.34,30.95,35.57,97.57,Needs Attention
17.73,5.07,0.3,25.53,9.85,13.73,15.14,18.86,30.68,Needs Attention
51.88,7.11,1.68,62.3,27.77,43.39,24.01,29.89,66.99,Healthy
55.38,6.94,1.8,44.84,39.44,49.7,23.51,22.38,62.4,Healthy
80.63,7.27,2.79,30.45,17.34,35.65,34.52,36.05,42.06,Moderate
62.24,7.98,0.75,46.13,23.52,29.8,32.17,35.86,38.95,Moderate
60.09,6.51,1.78,67.41,36.27,66.18,27.37,28.47,63.06,Healthy
47.25,6.81,1.83,59.36,46.06,60.23,17.61,27.24,68.08,Healthy
73.52,6.35,0.92,37.67,25.33,19.76,30.02,31.43,56.58,Moderate
54.75,6.6,1.29,42.38,57.86,50.72,25.11,23.84,58.24,Healthy
51.53,7.18,1.71,47.49,41.48,40.77,24.89,24.74,64.17,Healthy
35.21,6.68,1.17,50.6,42.28,31.29,24.27,30.44,64.41,Healthy
66.95,6.66,1.14,64.73,33.5,54.95,26.02,25.56,69.55,Healthy
42.86,5.23,2.1,39.05,20.3,42.56,29.72,31.09,73.98,Moderate
57.47,8.39,0.77,25.85,21.16,31.86,31.12,29.45,49.92,Moderate
38.13,6.77,1.73,51.87,39.84,43.84,22.64,24.51,79.07,Healthy
92.41,8.57,0.46,19.42,8.87,23.31,19.15,18.91,96.21,Needs Attention
87.37,4.55,0.32,24.46,16.27,20.75,17.72,34.56,97.51,Needs Attention
53.81,7.16,1.33,49.29,39.43,32.73,30.16,27.42,79.8,Healthy
51.8,6.7,1.11,40.89,55.45,56.63,24.55,33.59,81.2,Healthy
91.49,5.18,2.84,24.99,19.43,17.84,33.17,35.72,95.8,Needs Attention
54.82,6.33,1.43,74.7,53.71,61.87,25.34,23.98,78.47,Healthy
40.12,6.75,1.3,54.38,53.65,44.3,20.48,27.61,75.42,Healthy
53.2,6.92,1.75,65.62,39.51,58.75,24.0,27.44,79.15,Healthy
13.4,5.15,2.82,15.67,20.96,19.05,16.84,21.23,98.77,Needs Attention
59.07,6.64,1.73,56.43,28.79,48.71,22.69,28.13,69.43,Healthy
50.65,6.72,1.12,70.43,48.53,41.56,23.75,26.32,61.59,Healthy
51.05,6.49,1.66,73.65,47.27,28.93,25.09,26.57,53.68,Healthy
78.55,5.6,2.03,22.3,15.39,24.08,30.91,38.96,42.36,Moderate
47.4,6.69,1.98,39.66,44.01,49.47,22.9,26.17,78.01,Healthy
89.77,4.9,0.48,32.19,16.24,23.34,14.75,18.26,34.6,Needs Attention
40.16,6.98,1.4,58.52,44.45,33.43,27.72,25.95,76.79,Healthy
43.56,7.0,1.29,48.97,35.28,50.99,24.26,26.37,62.74,Healthy
42.26,6.95,1.28,63.13,38.28,56.79,20.97,29.38,73.85,Healthy
10.45,5.12,0.29,14.47,14.5,11.07,14.13,35.26,96.26,Needs Attention
8.93,8.66,0.31,6.56,9.99,13.13,14.15,16.89,35.33,Needs Attention
35.51,6.56,1.48,71.92,46.75,26.38,31.5,25.77,83.05,Healthy
62.37,7.07,1.43,62.68,45.93,38.63,28.69,28.45,65.66,Healthy
38.74,6.63,1.6,57.55,33.2,56.45,26.59,25.21,75.67,Healthy
52.34,6.77,1.37,55.52,33.76,47.72,25.38,31.62,70.65,Healthy
57.38,7.27,1.94,63.27,42.01,56.49,29.32,28.56,72.78,Healthy
71.8,5.62,0.63,40.13,20.56,27.13,30.01,33.4,87.56,Moderate
41.62,7.37,1.48,66.94,33.9,55.89,21.76,27.19,66.17,Healthy
63.02,5.62,0.85,32.09,24.28,35.1,32.35,33.53,83.78,Moderate
39.77,6.21,1.43,67.38,55.81,64.74,22.73,27.76,75.62,Healthy
36.4,6.57,1.54,81.34,40.54,57.92,22.43,27.63,72.7,Healthy
39.34,5.34,1.12,25.38,22.17,19.95,31.55,36.09,86.26,Moderate
19.16,5.8,1.45,17.73,21.77,30.38,32.59,38.33,76.77,Moderate
90.21,4.69,2.7,23.07,9.47,11.62,14.21,21.6,34.49,Needs Attention
65.82,6.92,1.85,46.18,48.05,54.89,27.16,28.74,69.94,Healthy
10.46,8.22,2.69,11.05,9.79,24.69,14.66,35.63,34.46,Needs Attention
50.92,7.04,1.32,42.86,45.41,66.47,23.06,28.46,69.19,Healthy
24.74,5.92,0.74,32.51,21.95,17.08,33.15,32.87,92.14,Moderate
15.49,8.08,0.52,32.44,14.43,23.65,34.16,37.63,23.89,Needs Attention
85.93,8.39,0.42,26.96,14.18,12.5,16.9,17.61,22.81,Needs Attention
70.66,7.98,1.97,27.61,24.67,22.81,34.88,30.29,33.6,Moderate
18.45,8.42,0.31,14.28,6.08,8.62,15.26,17.25,32.88,Needs Attention
53.78,6.9,1.2,42.02,44.31,66.33,23.64,23.57,68.13,Healthy
26.21,7.86,0.8,18.54,22.64,44.98,31.58,32.9,92.09,Moderate
87.85,5.02,0.49,23.22,11.15,16.28,19.81,34.69,94.98,Needs Attention
51.3,7.49,0.78,34.19,25.52,34.49,29.93,33.51,99.3,Moderate
6.8,5.17,0.35,22.02,17.09,18.71,14.86,37.67,24.4,Needs Attention
63.05,6.87,1.49,64.87,47.53,39.54,24.64,33.71,86.9,Healthy
32.11,8.13,1.29,35.09,13.47,29.3,32.05,31.73,42.83,Moderate
67.9,7.5,2.41,40.89,21.3,36.68,34.56,29.51,43.3,Moderate
93.03,5.23,0.59,17.85,8.6,11.52,38.34,37.9,95.58,Needs Attention
39.28,6.94,1.37,52.66,34.81,44.21,26.81,27.28,80.92,Healthy
90.78,5.03,2.93,17.55,8.18,25.66,17.09,37.85,98.76,Needs Attention
52.92,7.08,1.34,76.11,33.24,49.76,23.69,27.56,69.84,Healthy
36.46,5.76,1.96,19.31,28.35,21.04,29.27,32.71,84.5,Moderate
60.29,7.21,1.92,41.4,33.53,54.51,24.51,25.65,64.29,Healthy
72.48,8.64,0.9,30.97,23.06,38.71,31.31,28.73,80.45,Moderate
49.71,6.97,0.78,60.05,39.61,66.86,26.91,23.6,83.18,Healthy
68.66,6.25,1.79,57.95,24.56,43.4,22.54,28.43,59.7,Healthy
40.6,6.83,1.92,67.1,50.24,39.02,24.02,26.41,84.86,Healthy
61.52,8.24,1.17,43.8,25.56,32.01,32.69,37.56,50.09,Moderate
47.41,6.85,1.41,70.85,36.14,50.84,28.93,29.9,70.47,Healthy
53.9,6.99,0.93,73.89,38.37,64.46,19.42,27.77,66.93,Healthy
85.83,5.04,0.4,25.02,7.12,20.09,13.86,36.81,93.53,Needs Attention
39.68,7.03,1.5,58.81,34.8,62.82,21.43,24.34,69.14,Healthy
61.39,5.21,2.18,22.29,18.23,39.16,29.64,35.72,40.2,Moderate
87.82,8.84,0.27,32.03,9.85,15.12,35.02,19.54,97.7,Needs Attention
35.97,6.02,0.65,37.41,19.95,21.15,36.85,32.02,43.31,Moderate
85.28,8.43,0.42,23.96,14.5,13.33,35.95,17.82,23.46,Needs Attention
21.34,8.69,1.08,41.65,23.0,23.55,33.3,31.29,80.74,Moderate
22.76,8.44,2.19,37.11,16.85,23.56,31.09,34.68,44.45,Moderate
71.25,5.35,1.23,33.36,10.25,34.07,32.35,32.88,37.55,Moderate
31.48,7.78,0.59,38.88,9.72,19.41,33.34,33.44,84.54,Moderate
84.95,5.16,2.74,26.83,13.55,19.16,32.14,35.25,26.32,Needs Attention
70.15,5.62,0.78,36.73,20.43,32.86,35.5,35.97,76.39,Moderate
26.22,7.3,2.37,45.61,19.56,34.92,29.88,32.58,42.39,Moderate
11.27,5.11,0.54,18.66,15.73,10.45,13.86,23.27,94.82,Needs Attention
65.84,7.94,0.63,32.43,18.23,49.15,30.15,31.77,36.01,Moderate
48.89,6.83,1.35,58.96,52.25,62.49,27.14,22.97,61.38,Healthy
61.91,6.61,1.59,44.89,46.16,35.64,29.34,29.05,70.04,Healthy
34.81,7.68,0.59,41.95,24.59,23.26,35.73,30.98,50.84,Moderate
40.82,7.08,1.34,46.18,52.22,56.61,23.55,23.56,90.43,Healthy
82.14,4.83,0.5,20.8,11.73,19.63,32.22,14.7,98.47,Needs Attention
22.02,7.87,2.19,34.55,28.22,26.32,28.8,35.7,47.51,Moderate
37.42,7.69,2.32,12.09,36.11,35.23,33.74,33.64,92.72,Moderate
53.27,5.06,1.01,44.55,8.35,28.95,31.96,33.27,97.32,Moderate
52.63,5.68,1.23,23.57,24.99,27.21,31.53,30.44,86.06,Moderate
46.69,6.58,1.79,63.66,38.78,69.32,24.2,29.2,59.94,Healthy
37.08,5.33,0.83,32.43,25.65,30.31,32.17,30.07,58.04,Moderate
68.95,7.78,2.14,26.91,7.37,30.38,32.94,32.77,80.12,Moderate
23.74,7.86,2.8,20.02,16.05,32.83,30.18,36.09,51.2,Moderate
89.28,8.85,2.96,26.46,13.71,14.7,16.36,37.83,29.88,Needs Attention
47.8,7.26,1.41,64.08,25.91,48.48,22.38,34.43,66.0,Healthy
88.55,4.86,2.64,20.58,7.62,13.02,38.65,21.02,32.78,Needs Attention
49.61,6.23,1.75,64.58,64.73,48.14,26.71,25.23,65.56,Healthy
86.09,8.29,0.38,16.92,15.34,15.98,35.03,18.43,22.18,Needs Attention
36.02,6.05,2.23,27.77,22.33,54.25,34.26,32.11,42.47,Moderate
58.76,7.84,1.33,76.05,42.37,48.13,24.48,29.71,68.69,Healthy
49.89,6.8,1.7,62.97,30.52,36.98,26.13,28.62,83.35,Healthy
33.02,6.35,1.33,48.55,55.08,59.49,23.68,31.28,63.23,Healthy
93.19,8.7,2.84,12.89,11.26,26.4,16.36,17.5,31.13,Needs Attention
37.27,6.73,1.55,69.06,33.46,46.71,22.89,26.24,63.32,Healthy
77.79,8.64,2.89,16.21,5.54,20.35,16.98,37.8,33.48,Needs Attention
78.96,8.19,0.39,35.05,28.0,41.73,31.49,37.26,69.92,Moderate
53.37,6.53,1.49,48.35,35.58,58.88,25.68,25.46,74.8,Healthy
80.87,8.49,2.83,13.63,9.32,18.99,35.84,38.78,26.1,Needs Attention
41.95,6.19,1.24,65.59,36.58,42.42,22.38,28.95,71.27,Healthy
70.76,7.65,2.23,30.93,24.61,23.86,31.58,31.62,33.57,Moderate
55.67,6.81,1.2,62.27,42.92,44.83,23.43,28.54,81.82,Healthy
45.48,6.36,1.23,56.58,46.43,55.27,24.92,33.36,87.15,Healthy
61.27,6.48,1.42,57.49,48.74,53.06,24.83,22.04,63.9,Healthy
57.31,5.03,2.03,22.99,27.73,35.48,32.58,39.48,83.49,Moderate
94.34,8.35,2.72,24.06,6.51,17.69,34.77,18.92,23.66,Needs Attention
37.36,5.84,0.74,19.21,21.63,30.33,28.56,39.91,82.12,Moderate
49.5,6.59,1.82,55.55,29.99,77.79,21.06,26.71,64.42,Healthy
31.62,5.2,0.6,42.7,34.01,23.62,28.96,37.84,42.4,Moderate
92.36,4.88,2.63,28.91,9.06,20.12,34.68,36.83,94.99,Needs Attention
30.4,7.97,2.01,23.2,31.05,17.78,29.05,28.88,84.78,Moderate
87.15,5.17,2.9,23.72,12.92,9.69,16.62,19.42,29.51,Needs Attention
63.68,6.64,1.36,58.08,30.75,67.02,23.87,27.76,79.33,Healthy
43.07,7.05,0.94,47.08,39.25,76.1,24.86,27.5,82.33,Healthy
37.63,6.98,1.94,28.1,23.31,22.36,28.97,31.68,84.12,Moderate
54.23,6.75,1.36,52.33,44.04,59.8,21.67,23.14,80.59,Healthy
17.49,8.34,2.17,6.08,13.29,35.15,35.0,35.82,100.0,Moderate
11.92,4.78,0.45,15.25,12.69,11.24,35.45,37.94,96.07,Needs Attention
43.68,7.92,2.27,21.83,28.05,26.15,32.5,31.51,42.05,Moderate
58.66,6.3,1.16,62.14,46.79,36.51,20.07,24.64,77.92,Healthy
46.9,6.78,1.39,59.81,48.75,67.26,22.08,29.8,73.77,Healthy
40.69,6.61,1.82,50.29,43.1,95.27,26.08,27.21,79.94,Healthy
7.01,4.61,0.47,15.76,12.35,18.51,19.15,18.7,96.77,Needs Attention
49.38,6.98,1.59,52.0,27.96,53.65,22.86,25.42,74.01,Healthy
4.58,5.49,2.84,3.77,9.72,15.16,35.97,37.06,29.02,Needs Attention
29.33,7.96,2.23,39.73,33.06,25.65,30.64,33.48,45.68,Moderate
47.05,7.19,1.27,51.34,32.22,39.1,22.22,27.84,67.57,Healthy
4.35,8.34,2.79,16.46,12.96,10.98,33.02,34.27,35.32,Needs Attention
71.5,6.43,1.93,46.6,42.1,57.0,24.85,27.24,79.75,Healthy
61.04,6.1,1.83,50.12,55.39,51.29,26.31,34.16,69.03,Healthy
54.34,6.78,1.48,50.38,36.29,68.25,22.95,21.13,100.0,Healthy
47.33,6.43,1.53,70.27,48.31,50.65,26.69,29.6,71.21,Healthy
46.99,6.36,1.17,53.21,55.07,75.35,27.44,28.93,54.56,Healthy
83.64,5.15,2.88,19.6,20.05,28.14,17.43,34.59,97.44,Needs Attention
6.69,8.25,0.53,28.5,15.23,22.78,33.59,35.56,95.59,Needs Attention
45.42,6.85,1.16,48.77,32.62,55.79,24.1,29.89,88.93,Healthy
76.83,5.76,0.8,37.16,30.31,41.58,35.03,32.84,39.2,Moderate
32.12,6.45,1.51,55.5,27.52,62.16,24.91,28.17,75.78,Healthy
64.1,7.66,2.08,41.12,28.78,34.95,34.77,37.09,49.14,Moderate
91.43,8.44,0.35,13.33,9.0,35.39,17.88,33.65,33.64,Needs Attention
14.43,5.12,0.52,20.56,9.73,15.73,16.71,15.16,27.93,Needs Attention
55.78,7.13,1.38,47.72,28.34,61.26,21.66,28.12,79.0,Healthy
33.49,6.78,1.6,57.42,33.74,35.21,25.63,27.1,84.51,Healthy
52.0,6.61,1.63,72.63,50.12,48.38,22.34,27.59,89.78,Healthy
46.86,7.21,1.65,44.76,37.73,57.28,22.05,23.76,67.84,Healthy
74.34,5.56,0.64,34.25,31.81,21.24,31.5,36.92,74.64,Moderate
58.19,6.9,1.52,54.26,41.86,63.93,24.36,28.59,72.42,Healthy
87.12,5.33,2.64,19.4,9.08,23.38,33.1,19.72,29.17,Needs Attention
33.05,5.94,2.45,37.85,28.57,37.97,38.69,37.05,81.62,Moderate
36.24,6.07,1.92,26.67,24.01,17.83,35.48,33.17,32.53,Moderate
2.12,8.64,0.61,25.55,19.15,10.42,35.72,19.21,98.24,Needs Attention
88.53,8.19,2.73,9.91,13.91,12.63,37.35,37.65,25.91,Needs Attention
5.02,5.86,2.2,36.72,22.05,28.69,30.37,34.19,80.0,Moderate
36.3,7.79,0.58,44.64,20.25,37.47,31.51,32.69,57.13,Moderate
45.39,6.61,1.1,65.04,44.74,68.9,28.65,27.47,81.21,Healthy
46.67,6.83,1.11,53.32,44.9,59.46,23.58,31.8,81.4,Healthy
48.47,5.56,0.41,38.65,28.27,19.89,31.8,34.46,63.68,Moderate
52.43,6.44,1.55,66.64,43.18,48.46,24.94,25.91,70.93,Healthy
38.78,7.08,1.3,47.57,53.17,58.98,26.94,28.36,71.16,Healthy
76.71,5.42,1.0,21.31,22.97,36.5,31.84,34.21,33.79,Moderate
80.93,8.35,2.62,20.48,17.84,18.11,15.01,18.26,28.55,Needs Attention
29.22,8.15,1.49,29.24,17.14,31.83,28.77,36.92,38.83,Moderate
77.29,5.77,2.3,51.39,23.23,35.45,33.76,31.14,43.86,Moderate
30.65,8.35,1.66,44.46,30.42,33.05,32.98,36.23,42.87,Moderate
10.98,8.38,2.72,15.99,15.73,22.4,16.84,17.5,33.2,Needs Attention
76.7,5.72,2.14,47.55,21.53,33.67,31.12,34.4,76.74,Moderate
58.11,6.7,1.37,64.48,47.21,28.64,17.24,28.03,66.04,Healthy
73.18,5.66,2.51,22.43,19.82,20.61,32.59,36.6,92.58,Moderate
25.82,5.67,2.36,32.22,21.81,17.69,32.12,33.4,89.57,Moderate
29.06,6.36,1.32,64.74,32.46,77.48,23.84,23.95,70.32,Healthy
42.64,6.95,1.42,48.57,43.08,51.34,22.93,27.13,70.83,Healthy
15.1,8.97,0.24,14.28,14.33,21.81,35.75,18.73,96.04,Needs Attention
45.9,7.02,1.61,65.6,43.45,59.57,20.8,31.55,55.74,Healthy
10.83,8.79,2.74,15.78,5.74,18.41,17.38,16.64,97.84,Needs Attention
37.37,6.89,1.31,59.74,32.19,64.46,26.28,25.92,74.74,Healthy
29.1,5.64,2.76,35.62,21.95,33.05,30.36,35.91,85.06,Moderate
44.05,6.14,1.56,55.46,43.57,53.55,22.09,27.68,60.38,Healthy
51.93,7.38,1.62,44.1,34.73,45.89,25.27,26.09,61.85,Healthy
63.28,6.33,1.11,71.26,48.52,66.8,23.39,26.52,56.0,Healthy
56.91,6.58,1.46,70.15,37.23,45.1,28.05,27.14,81.82,Healthy
11.51,5.28,2.61,24.54,16.06,18.22,15.85,23.56,28.13,Needs Attention
68.07,8.16,0.73,48.39,26.13,27.87,30.37,36.56,43.86,Moderate
7.21,8.5,2.76,24.16,11.01,29.11,18.14,35.49,95.98,Needs Attention
46.45,6.42,2.29,22.53,20.06,42.48,31.9,33.41,46.0,Moderate
52.67,6.55,1.39,65.7,53.44,40.95,27.29,26.06,57.38,Healthy
57.68,7.0,1.23,43.35,47.53,56.05,25.73,32.04,57.53,Healthy
54.57,6.31,1.4,65.45,44.58,51.92,25.29,30.24,78.51,Healthy
86.13,4.88,2.65,14.87,12.06,10.21,35.08,37.93,96.87,Needs Attention
76.7,5.66,1.49,40.72,28.07,24.23,29.12,31.84,85.72,Moderate
82.68,7.9,2.61,33.25,22.33,41.83,33.65,31.81,91.46,Moderate
41.03,7.71,1.41,63.3,30.88,61.59,20.07,24.06,65.42,Healthy
63.42,8.06,0.79,33.68,18.59,42.22,35.08,35.04,51.15,Moderate
28.04,6.03,1.64,38.92,23.76,20.98,29.39,33.45,39.41,Moderate
94.63,8.84,2.72,21.98,8.67,18.03,16.62,18.62,95.24,Needs Attention
41.15,5.58,2.36,21.09,32.14,35.49,36.38,33.9,49.6,Moderate
30.01,5.47,0.68,26.74,17.58,23.33,30.85,35.55,75.92,Moderate
8.92,8.63,0.41,23.27,12.46,7.86,18.06,39.09,99.51,Needs Attention
40.24,7.26,1.27,46.72,41.82,51.5,23.25,27.0,63.67,Healthy
49.34,6.73,1.14,38.4,42.26,49.19,23.96,29.24,54.55,Healthy
57.97,6.48,1.11,66.8,50.01,54.38,22.15,26.17,66.1,Healthy
48.67,6.95,1.7,71.41,31.86,64.81,24.38,24.22,70.17,Healthy
16.89,8.7,2.66,22.6,14.52,9.07,36.35,18.19,94.54,Needs Attention
18.88,5.53,0.7,31.04,15.63,29.01,32.54,33.13,89.15,Moderate
55.26,7.21,1.62,63.32,36.0,48.53,25.64,25.91,76.05,Healthy
84.91,8.33,0.44,23.57,15.12,14.63,34.99,35.02,34.64,Needs Attention
45.75,6.68,1.58,56.37,36.25,22.52,25.82,27.63,79.32,Healthy
55.62,6.51,1.87,56.44,48.15,46.17,24.92,28.67,89.96,Healthy
81.72,8.5,0.41,12.01,10.34,5.42,13.94,37.37,20.0,Needs Attention
44.19,6.18,1.16,59.43,40.37,43.64,23.29,27.16,83.92,Healthy
45.86,6.58,1.65,59.46,40.74,57.36,23.01,31.09,71.98,Healthy
59.98,7.15,1.45,34.63,31.15,59.63,20.62,26.02,75.05,Healthy
7.47,8.67,2.58,20.85,15.03,10.96,13.47,39.67,33.53,Needs Attention
84.54,4.69,0.47,22.33,7.82,25.84,37.18,38.98,95.24,Needs Attention
63.13,7.4,1.95,23.86,21.61,25.03,37.65,33.32,82.54,Moderate
40.95,6.85,1.29,59.83,30.31,35.66,32.25,27.21,91.21,Healthy
36.55,7.13,1.24,53.56,42.72,51.25,25.72,27.43,69.4,Healthy
46.73,6.4,1.61,38.92,46.66,48.08,24.51,25.42,84.88,Healthy
74.68,6.15,2.47,42.11,28.23,29.76,30.91,31.83,38.58,Moderate
35.73,5.97,0.79,34.32,23.08,23.61,33.76,33.32,44.89,Moderate
64.62,7.85,2.56,23.83,21.45,34.24,32.25,33.57,52.55,Moderate
8.82,4.89,0.34,14.69,15.14,14.49,35.98,38.79,97.69,Needs Attention
40.04,6.9,1.43,66.5,38.12,62.11,22.43,26.76,73.74,Healthy
33.7,5.12,1.11,34.75,10.23,33.82,30.6,31.81,95.0,Moderate
60.25,5.74,2.1,40.69,31.03,27.74,33.9,35.93,99.74,Moderate
50.95,6.64,1.6,49.0,42.64,60.69,25.09,27.75,72.63,Healthy
23.86,5.39,1.05,29.52,14.52,24.92,31.61,32.13,47.44,Moderate
51.29,6.81,1.19,58.95,46.16,52.96,27.96,20.47,64.42,Healthy
89.55,4.89,2.85,23.5,9.58,24.07,32.25,34.81,96.65,Needs Attention
54.37,6.36,1.23,69.23,38.2,55.66,23.26,28.37,49.6,Healthy
91.02,4.75,2.81,13.58,8.2,24.18,16.49,39.58,96.97,Needs Attention
24.16,5.5,1.87,46.08,19.89,27.36,31.67,40.28,86.9,Moderate
79.2,8.08,2.68,23.41,8.04,3.52,37.42,21.39,95.88,Needs Attention
66.79,7.62,1.07,47.09,21.48,16.77,32.7,32.26,47.07,Moderate
35.86,7.73,2.02,41.83,35.24,33.1,30.29,35.17,100.0,Moderate
38.73,6.55,1.6,48.78,24.53,53.44,23.08,21.82,72.67,Healthy
28.84,7.85,0.49,39.28,18.76,30.93,36.22,33.07,36.94,Moderate
83.94,5.25,2.87,12.84,6.64,4.99,35.61,37.85,28.58,Needs Attention
33.67,6.01,2.2,36.47,21.86,34.53,31.48,33.27,97.55,Moderate
85.56,6.2,2.29,44.97,28.33,35.25,31.18,33.6,97.42,Moderate
14.49,8.38,0.37,18.93,5.17,8.69,14.46,37.29,95.59,Needs Attention
51.13,6.01,1.32,50.21,48.41,48.1,22.81,28.74,58.33,Healthy
18.05,8.19,2.76,17.43,17.61,27.71,19.1,37.18,97.41,Needs Attention
59.23,6.48,1.03,53.07,35.09,66.73,26.61,30.89,80.66,Healthy
46.57,6.39,1.19,60.65,54.48,56.12,23.56,26.43,71.72,Healthy
62.43,5.66,2.24,33.39,4.22,39.86,34.53,33.41,42.72,Moderate
65.53,7.9,0.82,33.8,31.41,30.84,34.71,36.35,32.49,Moderate
58.2,6.76,1.4,48.29,45.88,50.5,23.91,26.71,66.19,Healthy
46.01,6.96,0.97,54.14,50.96,66.18,27.76,23.31,60.85,Healthy
46.94,6.08,1.86,47.51,51.06,57.37,22.06,27.94,91.2,Healthy
63.58,8.09,2.26,44.13,31.7,33.07,32.8,32.61,96.97,Moderate
75.94,5.95,1.89,24.97,26.82,42.37,33.84,33.58,84.89,Moderate
32.45,6.94,1.33,55.19,50.82,48.1,25.73,23.95,72.32,Healthy
19.43,5.93,2.53,37.27,20.44,29.68,33.02,33.88,81.46,Moderate
50.64,6.16,1.6,42.18,45.55,47.25,24.72,26.93,70.67,Healthy
46.76,6.22,1.37,56.64,52.89,59.21,21.29,21.28,76.5,Healthy
53.72,7.03,1.49,60.02,31.75,63.68,21.1,26.95,76.12,Healthy
85.2,4.7,2.74,12.87,13.12,19.81,34.61,17.21,37.52,Needs Attention
40.97,7.16,0.9,24.69,23.03,28.11,28.64,35.68,42.16,Moderate
61.62,6.68,1.47,59.21,33.18,57.63,19.63,31.02,73.69,Healthy
51.72,6.5,1.48,65.23,38.59,61.13,26.48,29.72,75.63,Healthy
6.32,4.93,2.61,22.39,10.41,25.99,31.03,16.96,96.31,Needs Attention
37.07,7.87,2.26,39.8,24.22,34.75,31.19,31.33,76.31,Moderate
61.43,5.83,0.98,33.49,20.36,50.2,31.34,36.53,45.86,Moderate
25.07,5.87,2.24,37.17,14.27,27.28,33.68,31.92,45.36,Moderate
78.41,5.04,2.58,11.84,13.77,22.9,34.84,21.97,96.84,Needs Attention
45.31,6.93,1.48,63.09,35.77,54.42,24.15,25.52,83.79,Healthy
59.86,7.21,1.52,58.32,36.41,33.93,21.14,26.5,71.03,Healthy
70.87,5.72,1.94,34.96,9.71,35.6,29.24,36.94,99.72,Moderate
45.23,7.42,1.36,59.33,36.1,68.52,24.24,27.45,82.83,Healthy
69.48,7.73,2.14,38.84,26.78,28.28,31.2,37.26,64.23,Moderate
72.72,5.73,2.38,37.8,30.2,21.01,30.18,34.98,28.53,Moderate
54.58,6.86,1.54,47.41,39.54,50.2,25.74,29.97,73.35,Healthy
23.86,5.81,0.82,22.38,17.21,37.31,31.82,38.17,51.78,Moderate
44.51,6.83,1.13,54.65,35.85,56.64,27.04,29.97,64.41,Healthy
36.11,6.84,1.42,56.29,55.91,50.99,29.06,24.52,58.41,Healthy
54.85,6.59,1.41,58.21,47.71,37.87,21.95,23.33,79.68,Healthy
44.34,6.71,1.58,55.49,35.72,45.46,25.35,25.93,67.92,Healthy
33.58,6.67,1.71,48.85,48.65,43.39,24.27,24.79,73.41,Healthy
26.98,6.19,0.88,36.5,20.19,38.42,30.33,34.14,61.28,Moderate
8.64,8.79,2.8,21.46,11.94,20.67,17.92,20.82,31.83,Needs Attention
47.3,6.84,1.72,59.11,43.34,64.58,27.47,19.85,79.18,Healthy
88.1,8.48,2.84,7.51,8.7,15.12,37.41,25.4,95.64,Needs Attention
41.07,8.18,0.75,28.61,16.4,35.94,35.9,33.11,34.62,Moderate
76.69,6.12,0.66,32.85,29.33,21.64,34.23,33.86,52.68,Moderate
56.42,5.43,0.94,33.41,31.83,32.45,33.95,35.27,38.8,Moderate
53.57,6.27,0.64,44.74,44.76,60.91,20.35,28.98,77.59,Healthy
55.19,6.63,0.98,57.37,30.01,68.6,23.05,29.04,81.8,Healthy
64.06,5.6,0.68,39.02,24.74,15.57,31.96,32.62,57.17,Moderate
25.14,5.79,2.24,25.68,34.51,14.17,34.2,34.54,82.49,Moderate
82.5,4.88,0.47,29.52,19.5,23.76,16.86,19.32,26.09,Needs Attention
54.27,6.53,1.22,67.07,47.58,59.22,26.62,26.31,70.16,Healthy
67.24,5.62,0.9,32.23,10.88,45.2,32.67,34.68,51.36,Moderate
24.6,5.41,0.7,45.94,27.89,23.24,31.21,35.87,88.56,Moderate
54.65,7.02,1.31,73.35,50.53,58.77,22.39,23.94,69.06,Healthy
69.38,7.86,2.06,54.3,17.55,32.92,33.43,33.27,91.82,Moderate
70.81,7.87,0.49,28.93,10.16,29.68,30.02,34.52,97.72,Moderate
53.96,6.74,1.67,71.67,45.98,55.71,23.96,27.23,59.7,Healthy
52.26,7.29,1.52,62.12,46.83,62.11,25.78,30.05,66.62,Healthy
41.34,5.68,1.99,36.72,23.1,33.06,30.66,37.59,83.87,Moderate
63.18,7.67,0.81,51.85,36.6,54.96,36.76,39.9,89.6,Moderate
80.08,5.8,2.35,25.89,22.38,38.12,27.53,35.18,49.39,Moderate
34.7,8.12,2.16,21.97,31.98,37.63,33.41,32.27,100.0,Moderate
63.92,6.42,1.7,36.21,18.99,35.77,35.92,34.92,92.62,Moderate
67.85,5.71,2.57,32.2,14.68,8.05,34.74,32.9,38.5,Moderate
81.95,5.39,0.4,17.88,9.47,29.23,38.54,16.2,95.47,Needs Attention
26.93,5.86,0.65,46.06,20.97,51.01,32.91,30.93,97.35,Moderate
61.96,6.57,1.53,46.15,39.59,55.97,22.91,28.03,73.51,Healthy
33.0,7.03,1.22,64.8,33.94,72.42,23.8,32.76,70.45,Healthy
47.35,7.15,1.32,64.71,26.54,48.29,22.29,27.9,62.69,Healthy
49.57,7.05,1.6,28.14,44.36,41.97,20.95,26.43,75.7,Healthy
23.68,8.54,0.68,29.77,13.06,36.64,31.38,29.08,48.07,Moderate
15.25,8.6,0.51,19.63,9.16,28.07,33.41,14.89,28.92,Needs Attention
11.27,5.35,2.08,20.5,19.29,27.1,33.13,33.37,47.43,Moderate
92.65,8.6,0.34,23.04,9.48,14.4,32.35,17.83,97.13,Needs Attention
52.95,6.83,1.48,65.6,39.13,65.92,23.77,29.08,78.57,Healthy
84.31,8.61,2.76,17.89,11.94,22.58,14.56,37.94,37.18,Needs Attention
66.56,7.75,2.01,23.88,23.65,38.11,36.64,34.19,32.04,Moderate
46.78,6.9,1.34,45.68,44.43,56.13,25.98,29.87,69.76,Healthy
32.17,8.81,0.81,31.36,18.12,24.91,30.03,38.2,73.09,Moderate
45.22,7.33,1.27,44.78,46.37,49.84,29.6,25.42,79.61,Healthy
41.11,6.48,1.77,59.95,39.18,53.63,26.21,23.92,67.62,Healthy
61.78,5.78,0.73,10.52,27.87,30.05,29.64,38.58,41.39,Moderate
92.78,5.23,0.34,21.11,14.22,21.01,34.48,36.47,97.12,Needs Attention
53.29,6.18,1.5,61.5,49.12,42.4,22.46,28.98,84.71,Healthy
47.44,6.31,1.66,56.99,33.63,60.38,23.51,22.13,80.14,Healthy
49.64,6.6,1.53,39.85,34.16,49.2,22.36,31.89,72.17,Healthy
6.83,4.78,0.57,14.53,11.85,21.85,41.22,40.24,96.11,Needs Attention
50.25,6.97,1.48,45.18,51.72,54.25,23.67,29.14,68.12,Healthy
69.12,5.81,0.63,21.82,20.23,36.22,33.04,31.8,94.21,Moderate
70.3,8.3,2.36,27.65,27.7,39.3,34.71,37.68,96.67,Moderate
52.22,7.39,1.74,38.91,59.8,63.84,28.46,22.44,68.27,Healthy
65.75,6.15,1.12,30.17,20.94,13.6,31.81,34.08,100.0,Moderate
41.76,5.93,2.06,42.97,27.89,24.55,29.63,33.62,42.41,Moderate
55.64,6.2,1.59,64.76,31.69,63.17,28.4,25.28,85.04,Healthy
51.03,6.63,1.68,66.37,48.83,54.06,22.35,23.89,67.22,Healthy
51.97,7.47,1.85,58.85,40.96,59.02,25.27,29.11,75.02,Healthy
74.44,5.41,1.64,29.1,26.29,40.8,33.18,32.32,90.04,Moderate
47.28,6.66,1.4,58.81,46.14,37.27,26.67,27.2,76.99,Healthy
35.62,6.76,1.37,67.0,38.04,56.52,22.44,29.85,61.91,Healthy
44.24,6.78,1.56,83.05,52.15,83.92,21.84,31.17,85.98,Healthy
63.18,7.44,0.65,29.95,19.16,29.19,27.88,32.44,35.49,Moderate
52.31,5.55,0.95,25.28,23.21,35.08,33.05,36.38,43.73,Moderate
3.38,8.56,2.76,24.48,15.39,17.9,15.59,17.43,29.2,Needs Attention
68.4,6.07,2.28,27.78,13.87,53.96,27.12,31.55,83.23,Moderate
90.11,5.63,0.51,13.81,11.33,18.91,16.78,38.59,30.76,Needs Attention
56.26,6.64,1.83,47.91,26.55,32.71,26.49,24.91,70.74,Healthy
93.73,7.18,2.17,35.81,24.29,19.68,26.45,38.75,99.09,Moderate
20.87,5.72,1.9,29.37,25.65,28.33,34.93,33.66,46.95,Moderate
55.95,6.8,1.18,48.48,44.22,57.07,23.79,30.95,85.44,Healthy
9.97,8.55,0.52,33.22,9.83,11.88,19.38,37.39,30.42,Needs Attention
92.72,8.61,0.32,13.86,14.39,19.41,16.52,35.15,30.07,Needs Attention
59.61,6.64,1.55,56.68,34.19,53.96,22.33,24.76,67.99,Healthy
82.47,7.91,0.85,38.5,22.77,35.0,30.49,30.35,80.81,Moderate
24.95,5.04,0.57,15.47,8.5,22.71,16.86,19.43,23.5,Needs Attention
5.43,4.89,2.86,18.28,6.19,22.69,16.98,36.72,34.46,Needs Attention
49.6,6.43,1.11,38.86,38.41,53.44,26.01,30.51,79.64,Healthy
47.38,6.6,0.91,48.06,33.53,47.6,23.08,27.64,78.97,Healthy
66.0,6.65,1.85,46.4,21.87,40.23,23.06,27.0,63.61,Healthy
33.15,5.41,0.66,28.72,21.15,29.33,34.58,32.53,84.75,Moderate
32.01,5.95,1.75,30.94,36.87,29.02,31.99,34.42,83.41,Moderate
52.16,6.67,1.39,58.49,40.57,53.64,23.0,25.33,70.93,Healthy
79.23,8.02,1.44,23.66,0.63,33.08,29.44,34.51,41.29,Moderate
52.21,6.06,1.5,59.01,54.03,50.68,22.59,27.81,72.67,Healthy
32.98,6.35,0.68,48.48,34.34,30.01,32.11,33.87,84.18,Moderate
81.28,7.85,2.19,35.65,30.58,21.65,29.84,32.95,53.1,Moderate
35.31,6.39,1.57,50.69,42.12,51.43,24.67,28.47,82.71,Healthy
86.58,5.63,2.88,20.05,13.05,13.97,35.62,19.19,97.85,Needs Attention
10.34,8.64,2.58,29.19,11.31,23.44,17.7,34.7,30.76,Needs Attention
61.98,7.55,0.77,31.57,19.91,45.18,29.16,30.89,44.5,Moderate
74.42,5.68,1.8,14.65,29.45,24.5,31.91,31.17,47.39,Moderate
38.16,5.28,0.93,33.7,27.9,30.4,28.78,30.25,45.84,Moderate
74.17,7.88,2.26,32.34,27.21,35.55,32.08,33.41,83.77,Moderate
37.46,6.5,1.18,56.54,41.35,44.11,26.07,25.01,70.62,Healthy
17.98,5.1,2.72,21.0,11.51,11.5,37.27,40.56,27.57,Needs Attention
10.31,7.91,2.72,28.75,13.2,26.67,13.52,21.17,95.42,Needs Attention
53.4,6.22,1.49,61.4,37.83,65.47,24.21,33.31,79.05,Healthy
36.27,5.5,0.66,13.91,17.04,14.93,29.62,31.85,30.65,Moderate
22.28,7.91,0.99,30.05,16.14,24.08,32.8,34.51,42.97,Moderate
79.95,8.35,2.8,22.39,15.12,13.01,15.17,37.41,29.81,Needs Attention
64.47,5.82,2.06,33.55,24.92,43.36,32.77,31.49,43.85,Moderate
28.2,5.42,2.02,29.87,17.35,40.84,26.79,38.47,41.05,Moderate
40.95,7.7,0.31,37.42,15.19,34.28,30.58,32.05,78.9,Moderate
63.43,7.54,1.44,43.95,45.9,42.19,23.13,25.11,67.5,Healthy
18.8,8.05,2.86,13.66,18.85,13.99,18.32,19.83,37.46,Needs Attention
82.12,8.57,0.38,17.15,11.76,17.19,19.96,32.01,20.12,Needs Attention
52.85,6.5,1.47,77.21,37.21,55.84,20.59,31.56,67.71,Healthy
86.55,8.82,0.36,21.29,15.11,13.27,13.27,36.47,32.24,Needs Attention
8.6,8.31,0.4,12.32,13.97,25.61,33.45,37.37,95.99,Needs Attention
84.54,7.89,1.02,32.38,38.73,30.24,32.99,38.12,54.25,Moderate
44.72,7.39,1.46,56.84,33.2,71.51,24.12,23.0,94.12,Healthy
71.84,5.69,0.81,44.08,22.28,26.0,30.21,33.92,81.64,Moderate
34.26,6.87,1.17,58.85,36.71,37.19,21.89,24.1,80.84,Healthy
44.96,7.68,1.05,44.65,39.57,71.75,26.35,31.66,68.53,Healthy
36.14,8.2,1.18,39.52,20.86,32.85,32.67,39.06,87.03,Moderate
34.3,5.96,0.67,21.88,20.96,35.14,32.27,29.33,38.0,Moderate
45.93,6.6,1.21,75.65,40.34,56.6,21.17,29.46,68.31,Healthy
34.48,7.27,0.96,63.86,56.88,53.49,25.23,28.14,73.78,Healthy
97.02,8.84,0.54,22.95,11.29,17.84,18.15,21.66,33.47,Needs Attention
59.11,6.39,1.38,55.38,43.96,55.68,26.31,27.8,77.95,Healthy
30.9,8.11,2.15,51.95,28.97,35.93,32.98,33.09,48.2,Moderate
70.37,6.07,1.76,23.9,32.12,41.0,26.98,36.03,44.81,Moderate
13.86,9.09,0.55,22.88,17.74,25.28,33.29,18.86,28.65,Needs Attention
44.52,7.24,1.52,62.35,41.05,46.95,24.5,25.67,80.64,Healthy
48.94,6.32,1.41,61.34,35.75,47.02,24.53,29.02,75.82,Healthy
56.36,6.75,1.12,56.95,35.74,46.29,24.89,22.65,64.14,Healthy
61.48,7.85,2.0,32.63,31.79,18.92,32.07,30.87,94.51,Moderate
17.71,5.24,2.62,21.59,20.02,48.06,33.02,33.08,48.01,Moderate
53.56,6.61,1.66,59.49,46.31,53.94,25.44,25.1,66.32,Healthy
56.72,8.06,2.18,24.84,14.23,25.76,32.31,32.23,88.81,Moderate
43.81,5.17,1.05,35.02,26.53,30.74,29.24,29.53,45.85,Moderate
74.01,8.3,2.04,22.58,21.77,26.84,31.48,34.23,56.61,Moderate
18.01,8.04,1.09,40.32,31.18,25.7,32.8,31.04,87.84,Moderate
52.64,7.3,1.6,51.42,35.08,57.56,25.76,30.26,75.32,Healthy
95.7,4.89,0.67,27.32,16.56,16.49,35.7,18.65,95.5,Needs Attention
20.13,7.43,0.72,33.12,18.0,32.09,32.85,31.61,54.76,Moderate
67.35,7.65,0.5,19.31,21.05,24.26,28.85,32.41,88.07,Moderate
56.53,7.1,1.48,56.55,29.37,48.45,22.01,23.98,65.4,Healthy
8.59,5.0,2.66,20.78,9.94,17.92,10.63,33.97,30.19,Needs Attention
18.01,8.05,1.63,36.93,12.88,29.43,29.56,33.01,83.89,Moderate
51.62,7.67,2.56,38.51,27.83,37.08,33.27,30.5,76.94,Moderate
53.85,6.63,1.71,60.05,41.31,50.62,28.71,24.86,69.1,Healthy
18.9,7.63,1.09,28.31,30.05,31.23,32.74,33.47,90.54,Moderate
47.85,6.42,1.22,58.91,31.44,53.44,23.5,25.73,71.63,Healthy
13.82,4.99,2.71,23.46,9.41,19.29,33.53,21.1,25.27,Needs Attention
40.1,7.0,1.3,53.3,35.86,52.63,21.37,20.27,76.12,Healthy
16.86,5.15,0.47,21.27,13.01,18.82,34.82,19.44,30.11,Needs Attention
74.55,5.0,0.67,27.92,30.85,22.19,32.93,32.84,88.35,Moderate
65.42,6.04,2.33,12.25,30.86,26.55,31.79,33.76,37.64,Moderate
46.85,7.28,1.84,66.18,31.35,52.82,24.5,24.43,78.27,Healthy
83.53,9.04,2.79,15.77,13.49,9.38,18.94,19.5,92.35,Needs Attention
77.08,8.52,2.71,16.91,12.95,17.92,14.86,19.59,96.25,Needs Attention
25.18,5.86,1.36,52.62,24.68,28.07,32.96,30.68,46.2,Moderate
14.65,8.43,0.42,9.91,11.69,13.51,15.13,19.93,28.03,Needs Attention
14.84,7.6,1.9,49.14,22.3,30.01,35.98,33.96,39.74,Moderate
50.68,7.2,1.42,54.5,34.65,33.83,25.19,33.16,76.12,Healthy
50.07,7.23,1.35,39.85,37.12,49.21,19.95,27.7,76.55,Healthy
35.07,6.52,1.36,43.59,41.42,63.63,26.61,26.62,55.44,Healthy
87.02,4.97,0.41,24.14,10.49,3.44,17.27,34.74,95.93,Needs Attention
43.39,6.19,2.22,44.65,29.92,27.64,33.39,35.05,92.31,Moderate
50.43,6.99,1.24,71.65,29.4,54.05,22.44,27.13,80.89,Healthy
60.86,6.95,1.55,50.62,34.79,56.95,27.26,32.17,65.38,Healthy
82.98,8.49,2.81,29.32,12.24,10.19,12.78,20.02,30.8,Needs Attention
53.68,7.71,1.6,69.31,37.54,42.07,23.71,29.14,75.66,Healthy
54.62,5.8,1.66,46.98,44.54,59.55,27.3,29.67,72.5,Healthy
27.18,8.33,1.26,22.92,17.77,51.27,32.92,32.36,49.94,Moderate
59.05,6.58,1.27,56.3,32.86,53.56,22.21,24.47,76.92,Healthy
24.29,5.74,2.18,53.23,19.46,29.23,34.34,38.8,96.65,Moderate
70.58,6.97,1.16,60.82,29.75,64.33,22.11,27.22,64.28,Healthy
52.36,6.52,1.53,78.77,32.09,40.84,22.34,26.0,67.31,Healthy
39.34,6.46,1.56,70.26,22.38,65.74,24.15,21.35,44.98,Healthy
44.02,6.99,1.28,57.47,35.7,52.03,23.08,26.33,61.42,Healthy
53.44,6.68,1.04,55.95,46.03,58.02,23.77,22.63,77.8,Healthy
19.03,8.48,0.55,17.22,5.8,8.99,18.63,19.26,94.89,Needs Attention
6.31,8.7,2.82,21.89,10.3,17.76,33.57,16.85,93.96,Needs Attention
50.24,6.73,1.31,65.65,46.62,69.84,22.99,29.0,54.82,Healthy
50.91,6.93,1.74,36.5,53.51,43.82,23.8,27.07,52.47,Healthy
53.33,6.41,1.25,53.65,41.52,50.78,21.69,23.61,53.11,Healthy
44.92,6.29,1.62,66.97,37.12,69.11,25.09,26.48,61.35,Healthy
39.08,6.65,1.49,68.74,33.44,66.52,26.87,25.71,62.02,Healthy
83.99,8.43,2.91,20.35,15.52,14.9,34.89,18.79,29.98,Needs Attention
49.41,6.69,1.87,69.21,32.97,55.42,30.26,25.13,71.9,Healthy
49.44,6.47,1.47,53.66,48.72,50.38,26.24,27.61,59.38,Healthy
74.79,5.26,2.06,31.25,17.31,43.91,29.08,35.08,52.64,Moderate
100.0,4.56,0.42,19.48,11.04,21.14,34.32,21.07,91.72,Needs Attention
43.07,7.02,1.36,44.75,50.65,31.37,24.86,26.67,57.25,Healthy
25.91,8.4,0.9,32.34,27.86,20.73,32.01,34.71,76.04,Moderate
37.5,8.11,0.56,30.63,17.32,37.07,34.13,33.8,33.94,Moderate
42.33,6.8,0.66,59.97,45.7,50.89,21.59,32.87,82.4,Healthy
42.64,6.99,1.22,78.6,35.98,59.98,23.28,31.01,83.7,Healthy
28.61,6.81,1.51,48.54,44.58,54.45,25.52,25.87,56.62,Healthy
74.92,5.73,0.76,21.0,25.34,32.01,33.24,30.84,49.97,Moderate
73.98,5.92,2.28,39.41,21.23,38.13,32.16,31.13,33.56,Moderate
14.99,7.79,0.94,44.68,19.47,27.28,33.03,36.57,47.25,Moderate
50.55,6.62,1.1,76.57,42.12,57.68,22.81,26.11,82.56,Healthy
35.96,5.91,1.0,35.82,0.0,23.26,33.7,31.53,51.19,Moderate
90.54,5.42,0.41,18.93,7.47,20.25,35.37,21.97,97.1,Needs Attention
85.6,8.27,2.76,16.55,8.85,6.09,18.97,20.35,26.24,Needs Attention
49.29,6.31,1.41,43.11,45.98,56.2,23.81,26.7,78.85,Healthy
41.17,6.86,1.46,48.56,40.19,52.66,22.98,25.75,66.17,Healthy
50.12,6.68,1.51,50.2,36.97,57.79,18.83,28.26,52.7,Healthy
42.56,7.82,2.45,52.88,9.67,28.23,35.16,30.38,96.55,Moderate
75.92,8.25,0.88,37.37,24.01,43.91,32.92,33.24,52.06,Moderate
30.35,4.95,2.05,26.99,19.18,23.91,29.4,36.12,31.58,Moderate
93.02,8.86,2.75,11.53,10.0,21.36,14.95,34.66,32.34,Needs Attention
51.75,6.93,0.97,48.1,50.93,49.2,30.06,23.16,86.07,Healthy
56.37,8.14,1.0,35.41,19.77,39.69,29.84,34.13,40.1,Moderate
76.72,5.52,2.3,45.62,15.72,33.26,37.53,36.37,80.58,Moderate
83.29,7.55,0.72,35.61,18.59,35.99,30.8,32.95,84.49,Moderate
68.55,5.08,0.94,28.5,26.14,26.94,30.73,34.94,89.96,Moderate
43.68,6.74,1.42,75.72,39.17,65.83,24.78,27.14,68.81,Healthy
56.0,6.99,1.78,72.18,45.61,53.87,25.36,25.28,79.19,Healthy
41.47,6.74,1.7,42.57,42.07,36.61,24.59,33.11,50.84,Healthy
55.01,6.53,1.45,55.75,44.8,51.79,28.1,29.97,64.84,Healthy
45.11,5.54,2.37,26.69,22.09,49.99,32.29,33.71,92.68,Moderate
12.09,4.98,0.41,18.12,6.71,16.59,34.89,41.42,27.46,Needs Attention
37.5,8.12,0.6,24.5,24.62,20.66,28.12,29.99,73.75,Moderate
67.73,7.89,2.69,35.66,19.94,37.89,35.12,32.55,86.41,Moderate
51.06,6.78,1.2,71.91,33.4,66.33,21.14,22.51,68.98,Healthy
37.52,6.44,1.34,79.3,43.09,38.85,23.44,28.35,69.74,Healthy
37.04,5.91,2.19,41.31,26.76,57.72,20.94,22.17,46.13,Healthy
44.88,6.91,1.74,64.99,49.94,53.83,28.73,26.38,91.06,Healthy
45.96,6.92,1.87,54.94,36.36,51.45,20.87,33.6,71.62,Healthy
59.86,7.73,0.49,25.23,27.64,28.15,31.5,33.06,48.92,Moderate
47.61,6.99,1.5,75.43,38.96,54.24,22.51,26.6,47.33,Healthy
85.13,5.09,2.49,12.26,13.0,17.56,32.59,21.06,95.96,Needs Attention
52.25,7.24,1.57,43.22,34.97,45.25,22.61,20.67,89.02,Healthy
29.88,5.78,2.2,36.08,20.31,39.02,32.81,33.6,87.24,Moderate
12.33,8.62,2.86,25.14,7.39,17.92,16.77,20.72,96.76,Needs Attention
28.61,5.29,2.4,33.26,18.39,13.35,30.34,35.38,96.98,Moderate
57.33,6.46,1.56,78.16,41.14,51.55,23.41,22.19,62.11,Healthy
64.01,6.0,2.15,60.04,44.64,47.64,24.49,27.58,62.56,Healthy
64.64,5.41,0.68,21.56,12.82,24.11,30.36,39.76,85.79,Moderate
74.59,6.95,2.06,29.68,24.92,46.37,30.21,33.76,48.07,Moderate
34.88,6.93,1.69,83.28,36.87,46.61,21.73,27.63,73.82,Healthy
13.38,8.48,2.62,21.05,10.45,16.0,34.78,35.85,23.71,Needs Attention
29.52,5.58,1.96,49.56,13.44,32.36,33.2,33.97,81.01,Moderate
50.23,6.39,1.41,58.59,26.94,30.95,21.47,21.15,67.62,Healthy
80.39,4.51,2.86,23.55,10.1,13.55,15.49,19.97,33.31,Needs Attention
32.63,8.47,2.18,27.58,14.19,32.84,28.4,33.79,47.24,Moderate
56.12,7.2,1.29,52.53,36.55,34.66,27.53,25.25,69.4,Healthy
4.38,5.19,0.37,16.94,18.44,15.8,33.5,34.45,97.09,Needs Attention
54.28,7.49,1.31,59.37,42.48,60.96,27.9,27.28,62.15,Healthy
74.5,5.23,2.32,38.63,21.96,36.84,33.09,33.68,40.47,Moderate
21.8,7.87,2.48,15.52,26.67,21.81,30.3,35.28,97.44,Moderate
83.71,5.06,0.28,14.6,13.74,16.16,35.11,35.3,32.34,Needs Attention
21.22,5.49,1.14,20.77,10.78,38.58,31.16,33.25,52.52,Moderate
42.3,7.59,1.15,41.31,22.15,40.81,27.47,36.53,92.41,Moderate
82.35,8.64,0.53,20.88,5.68,16.16,33.21,37.04,100.0,Needs Attention
44.19,6.72,1.33,65.93,31.88,48.78,19.85,28.78,83.22,Healthy
41.38,6.89,1.81,54.87,42.34,56.54,25.1,24.01,74.01,Healthy
10.46,5.06,0.31,14.15,12.32,20.08,37.02,36.5,35.06,Needs Attention
65.5,5.44,0.54,36.91,27.11,33.82,29.45,29.79,36.47,Moderate
22.66,4.95,0.36,35.14,6.72,7.51,20.11,37.38,31.88,Needs Attention
81.6,8.48,2.54,18.35,16.81,6.65,31.2,19.65,93.94,Needs Attention
51.95,6.46,1.86,78.68,41.32,77.91,22.8,23.25,65.61,Healthy
75.84,8.52,0.67,19.32,10.6,21.37,15.72,20.24,96.04,Needs Attention
54.12,6.64,1.39,54.26,38.55,53.97,19.57,26.71,56.12,Healthy
56.27,6.39,1.33,59.84,56.22,40.04,28.59,26.42,71.69,Healthy
47.16,6.29,1.27,68.2,39.73,53.25,18.92,29.84,65.83,Healthy
10.16,5.01,2.72,24.36,15.59,18.77,33.98,21.27,95.04,Needs Attention
65.91,7.59,2.82,32.17,24.12,29.71,30.98,35.2,43.84,Moderate
55.31,6.71,1.75,64.32,30.5,65.89,27.56,28.4,74.53,Healthy
48.75,7.15,1.61,56.24,39.19,26.39,22.45,27.5,65.12,Healthy
71.44,8.47,2.1,29.3,32.29,36.52,27.25,29.14,89.61,Moderate
49.0,6.77,1.44,50.2,48.86,47.18,24.82,20.82,70.06,Healthy
9.47,8.33,2.56,28.02,9.27,25.67,17.48,37.36,94.65,Needs Attention
85.83,5.16,2.85,14.47,13.45,6.45,12.47,19.98,95.25,Needs Attention
85.12,4.93,0.64,17.39,14.06,8.67,35.24,22.64,94.42,Needs Attention
41.38,6.83,2.31,55.99,53.23,26.15,23.82,29.86,72.14,Healthy
11.78,8.54,2.71,17.99,12.78,23.74,19.03,34.79,96.27,Needs Attention
70.68,6.75,1.2,67.65,33.92,53.44,26.69,24.21,85.66,Healthy
88.29,8.46,0.43,25.14,15.18,30.55,33.4,18.66,94.4,Needs Attention
41.54,6.98,1.47,75.12,37.34,52.73,24.19,29.16,63.26,Healthy
74.52,7.87,0.52,24.13,26.26,35.72,29.53,34.99,94.55,Moderate
44.98,7.61,2.07,33.72,21.18,34.26,29.6,34.48,42.12,Moderate
36.12,7.44,1.25,69.0,44.87,44.18,24.17,26.15,75.21,Healthy
79.87,5.52,2.15,41.69,46.05,34.35,30.16,30.76,38.42,Moderate
9.19,8.1,0.57,22.05,17.26,21.8,35.24,39.33,96.05,Needs Attention
12.67,8.4,2.71,17.72,16.11,2.56,36.15,37.58,30.17,Needs Attention
39.53,6.84,1.26,71.2,40.6,58.63,25.16,32.42,57.96,Healthy
35.21,6.53,1.52,53.66,31.25,45.8,28.98,23.5,68.81,Healthy
79.83,6.18,0.87,45.54,14.23,27.47,36.28,31.31,92.42,Moderate
56.19,7.21,0.97,42.46,48.02,67.7,19.18,29.45,86.74,Healthy
87.78,8.53,0.52,19.4,9.41,16.14,33.51,38.09,33.6,Needs Attention
32.44,7.17,1.64,61.45,35.18,52.66,28.16,28.09,95.69,Healthy
42.24,6.56,1.01,53.03,35.73,51.38,26.04,32.14,75.85,Healthy
48.39,6.52,1.35,65.22,24.64,65.15,29.97,27.49,64.52,Healthy
9.73,8.51,2.88,9.4,15.42,20.98,38.43,22.51,97.51,Needs Attention
13.82,8.0,1.11,35.37,31.45,33.96,29.33,35.15,84.17,Moderate
44.31,6.8,1.73,43.54,30.64,59.57,21.27,23.62,82.23,Healthy
33.4,7.81,1.18,31.1,25.54,36.43,28.89,31.69,47.03,Moderate
39.42,6.01,2.15,38.44,9.8,30.91,32.2,34.2,91.13,Moderate
19.17,5.98,2.38,28.31,19.12,36.07,36.03,33.03,52.7,Moderate
38.69,6.14,0.68,34.02,11.78,26.82,32.07,34.76,56.08,Moderate
35.68,5.36,0.49,52.27,24.13,34.84,28.65,34.0,43.23,Moderate
37.34,8.34,0.85,28.17,17.13,22.25,29.69,33.55,33.73,Moderate
40.62,6.77,1.78,45.25,49.24,68.19,23.94,25.97,81.3,Healthy
15.09,5.42,0.43,37.64,10.12,32.19,28.93,31.88,92.12,Moderate
33.27,7.85,1.26,45.79,11.69,31.02,29.96,30.89,100.0,Moderate
90.31,8.44,2.61,15.44,11.97,11.04,13.4,36.17,94.04,Needs Attention
77.59,8.75,2.62,15.36,8.67,9.7,16.68,21.63,23.94,Needs Attention
16.26,8.42,2.82,10.91,19.64,12.69,35.57,18.86,28.15,Needs Attention
68.7,7.83,2.05,42.8,29.96,17.11,31.68,31.56,93.54,Moderate
74.97,7.65,0.76,24.83,24.15,31.15,29.23,32.42,77.33,Moderate
59.53,6.67,1.07,63.64,47.81,46.43,23.99,20.36,70.6,Healthy
54.34,7.1,1.11,47.25,40.93,55.46,29.71,24.15,85.86,Healthy
68.49,7.31,0.63,34.39,14.73,34.29,33.6,33.42,92.02,Moderate
72.83,7.9,0.59,15.02,22.87,46.25,31.77,32.1,87.05,Moderate
89.96,4.81,2.63,13.4,14.19,14.09,18.01,17.65,94.12,Needs Attention
63.14,5.7,0.6,37.44,26.66,31.9,34.65,31.24,79.74,Moderate
33.26,5.36,2.47,37.11,19.26,28.51,35.86,34.77,61.95,Moderate
81.75,4.78,2.81,20.04,20.94,22.48,14.2,36.5,93.23,Needs Attention
55.76,6.71,1.48,56.69,33.18,30.55,22.77,27.6,81.77,Healthy
78.87,8.07,2.59,17.08,8.19,25.32,33.93,17.53,26.49,Needs Attention
91.33,5.35,0.58,16.18,8.89,17.03,32.01,37.26,95.74,Needs Attention
71.89,5.65,2.75,45.28,23.94,17.9,33.57,35.68,37.01,Moderate
11.16,4.43,0.35,16.5,10.54,21.22,14.82,18.02,94.47,Needs Attention
48.97,6.41,1.41,46.83,48.2,57.44,28.07,22.11,89.12,Healthy
88.56,8.24,0.53,12.07,19.55,17.58,32.71,21.18,97.5,Needs Attention
78.48,5.26,0.74,44.95,31.06,32.33,33.63,33.48,77.5,Moderate
32.42,8.13,2.18,41.45,19.67,37.32,32.24,35.0,86.41,Moderate
88.77,9.04,0.55,21.34,17.41,15.13,17.48,37.19,95.38,Needs Attention
12.3,5.16,2.56,22.4,13.82,26.84,36.22,36.83,95.14,Needs Attention
55.18,8.0,1.05,33.52,15.44,22.8,30.28,31.67,99.9,Moderate
42.61,5.37,2.08,22.94,16.98,20.95,34.35,31.81,45.99,Moderate
59.28,6.75,1.6,48.98,42.78,52.04,25.11,33.12,83.74,Healthy
52.93,6.4,1.4,73.75,42.93,48.54,26.64,24.83,63.12,Healthy
84.95,5.16,0.33,10.6,9.76,29.73,34.1,17.65,97.58,Needs Attention
39.03,5.99,2.23,42.46,19.06,31.47,29.55,31.84,48.2,Moderate
42.13,6.98,1.8,46.8,31.48,37.79,23.09,28.12,85.35,Healthy
29.76,6.3,2.26,42.72,12.76,47.22,29.9,37.14,89.85,Moderate
29.39,7.82,0.94,35.96,29.89,26.63,32.6,40.12,45.43,Moderate
62.02,6.77,1.33,63.52,45.88,60.7,26.16,29.89,65.77,Healthy
45.63,6.41,1.42,66.69,39.17,59.38,25.07,31.06,76.78,Healthy
70.85,8.44,2.21,32.15,11.24,26.77,35.92,32.42,87.64,Moderate
53.25,5.88,0.36,23.53,24.4,34.07,27.91,37.09,89.92,Moderate
59.35,6.41,1.08,57.02,30.88,39.23,21.9,30.14,77.85,Healthy
94.27,5.51,2.74,18.42,15.43,15.92,14.85,19.06,39.33,Needs Attention
38.18,6.06,1.85,37.91,15.26,39.44,26.68,32.83,42.67,Moderate
48.47,6.53,1.62,73.51,48.85,67.82,24.91,24.09,64.07,Healthy
91.17,4.93,0.37,18.54,16.23,17.4,12.52,17.73,93.64,Needs Attention
28.75,5.11,2.04,12.17,16.11,24.2,32.05,33.89,76.64,Moderate
52.78,6.57,1.8,56.96,54.19,44.1,26.36,26.82,69.05,Healthy
64.12,7.39,2.09,42.64,17.63,27.61,30.31,34.07,20.52,Moderate
86.99,5.25,0.43,20.21,11.55,24.31,15.98,19.35,95.4,Needs Attention
28.01,8.81,0.97,29.84,17.96,39.2,27.81,31.14,54.46,Moderate
61.94,6.66,1.42,65.74,26.69,52.53,21.76,26.12,66.72,Healthy
56.17,6.91,1.22,65.77,44.69,50.83,24.65,29.38,65.25,Healthy
12.42,5.1,2.79,24.35,9.13,13.43,15.41,38.77,97.2,Needs Attention
43.92,6.45,1.42,56.74,43.43,63.02,25.36,24.57,52.37,Healthy
66.88,7.87,1.01,19.01,23.64,26.69,33.09,33.43,54.53,Moderate
43.26,7.62,2.44,30.95,23.87,35.09,37.38,36.31,72.66,Moderate
22.48,7.43,2.28,31.74,23.14,30.75,29.07,37.66,81.31,Moderate
21.55,5.44,0.78,34.18,19.97,19.86,34.42,34.45,48.16,Moderate
73.3,8.65,1.14,24.36,25.68,25.22,32.99,35.72,45.25,Moderate
24.41,5.25,0.83,30.24,29.0,22.44,27.74,32.69,87.25,Moderate
76.1,8.4,0.64,38.28,25.24,30.24,34.35,35.23,44.01,Moderate
27.0,5.93,1.07,26.57,20.54,36.0,34.15,30.39,82.31,Moderate
10.96,4.85,0.31,21.47,9.07,15.89,15.99,37.91,31.39,Needs Attention
65.87,5.72,0.82,38.95,17.91,30.63,29.49,34.71,36.61,Moderate
55.27,7.37,1.5,54.39,34.41,60.35,24.01,25.49,80.56,Healthy
40.18,7.7,1.49,52.85,29.36,31.89,26.26,24.49,69.59,Healthy
47.23,7.17,1.57,74.27,48.71,53.9,24.81,26.06,80.79,Healthy
14.73,8.43,0.67,27.47,12.75,8.17,19.33,33.8,98.7,Needs Attention
37.76,6.4,1.9,68.09,42.26,56.62,26.36,25.66,68.34,Healthy
41.54,6.79,1.42,53.61,26.55,51.93,25.96,29.25,72.1,Healthy
49.66,6.51,0.92,43.87,34.06,43.07,25.22,29.43,70.84,Healthy
34.28,6.46,1.48,73.78,44.43,43.54,28.32,22.93,74.39,Healthy
47.29,6.74,0.93,48.68,52.57,51.91,25.9,28.25,71.03,Healthy
44.76,6.46,1.46,74.28,56.18,43.86,25.82,28.68,75.49,Healthy
61.14,6.27,1.76,56.21,43.25,38.2,23.73,25.01,90.93,Healthy
51.77,6.11,1.35,40.52,56.33,54.12,24.81,27.7,77.44,Healthy
68.49,5.68,1.88,37.62,30.46,32.11,30.01,32.68,87.06,Moderate
56.62,6.24,0.98,34.33,22.66,31.08,34.83,31.82,43.02,Moderate
95.5,4.95,2.74,14.79,12.18,19.71,12.13,19.32,98.0,Needs Attention
56.87,6.4,1.53,57.57,38.07,37.16,22.61,24.14,66.65,Healthy
97.24,8.51,0.61,22.23,3.87,25.83,17.27,34.57,99.22,Needs Attention
25.75,5.87,2.07,28.99,14.51,27.83,34.75,34.61,48.61,Moderate
35.25,5.58,1.06,38.93,38.33,22.94,31.77,34.47,75.12,Moderate
86.79,8.84,0.3,11.79,9.18,23.19,15.04,35.66,26.27,Needs Attention
47.74,6.93,1.51,52.58,24.51,53.33,22.12,25.26,76.31,Healthy
77.17,4.77,0.37,15.75,10.8,18.54,35.88,19.0,33.03,Needs Attention
87.71,4.46,0.46,23.75,18.18,17.43,35.55,14.37,39.18,Needs Attention
49.75,6.16,1.26,53.06,35.56,64.71,21.57,22.34,68.12,Healthy
58.43,6.11,1.26,63.2,39.18,50.09,21.55,26.97,81.03,Healthy
50.76,6.79,1.75,52.0,46.14,52.42,28.23,30.87,73.77,Healthy
97.4,8.66,2.97,15.22,14.68,17.98,16.44,17.81,33.43,Needs Attention
5.71,4.96,2.68,22.56,11.55,22.06,34.39,20.93,95.25,Needs Attention
32.11,7.97,2.22,28.05,29.36,28.09,32.58,34.58,45.74,Moderate
48.9,6.56,1.41,65.42,30.32,59.0,25.3,26.22,70.04,Healthy
6.63,8.42,0.49,20.75,11.8,11.16,36.16,20.14,25.1,Needs Attention
68.13,7.01,1.59,65.73,21.22,55.19,26.78,27.25,71.61,Healthy
72.51,8.35,0.93,25.64,12.5,38.7,31.35,38.31,34.08,Moderate
48.23,6.85,1.49,43.11,37.09,54.27,25.77,26.8,67.03,Healthy
65.44,7.68,1.19,41.94,20.01,33.82,32.97,39.86,93.84,Moderate
86.04,8.3,2.7,22.46,12.58,12.74,15.62,37.35,30.12,Needs Attention
41.32,6.46,1.05,52.9,32.44,73.44,28.26,31.03,60.35,Healthy
46.63,6.51,1.49,44.5,43.37,48.52,27.97,27.96,70.62,Healthy
37.05,6.77,1.72,65.07,51.94,45.25,26.63,23.69,78.38,Healthy
5.15,4.42,2.53,29.41,11.8,29.57,37.89,36.93,91.31,Needs Attention
17.76,8.43,2.77,25.23,9.9,14.55,36.33,18.93,36.1,Needs Attention
28.84,8.18,2.09,36.54,21.1,37.7,29.67,30.51,45.42,Moderate
50.98,7.13,1.18,69.71,39.49,47.15,24.93,31.25,72.46,Healthy
37.04,7.03,1.22,69.56,34.28,56.86,23.87,28.95,69.72,Healthy
24.23,6.08,2.21,28.71,32.93,43.01,30.31,30.21,49.22,Moderate
53.62,7.24,1.21,78.14,33.8,61.0,24.52,26.85,60.27,Healthy
60.17,6.61,1.72,49.69,49.46,65.69,23.09,28.47,74.41,Healthy
37.29,6.6,1.06,65.62,39.83,52.04,22.39,26.05,79.08,Healthy
34.86,7.85,1.1,51.02,16.05,40.09,31.8,36.15,84.43,Moderate
30.42,7.95,0.91,32.38,21.01,36.01,33.84,39.08,86.29,Moderate
33.5,5.38,0.81,42.22,15.98,38.21,32.49,34.36,93.9,Moderate
31.37,6.26,1.04,22.09,25.58,35.25,31.61,30.77,81.31,Moderate
11.62,9.01,2.81,14.93,9.0,18.83,31.12,22.39,96.31,Needs Attention
45.61,6.77,1.57,72.2,41.72,52.77,22.69,26.16,67.46,Healthy
48.0,6.61,1.77,46.33,36.32,60.66,21.42,32.33,70.05,Healthy
57.77,6.81,1.16,50.3,40.49,39.99,25.26,29.42,76.91,Healthy
16.63,5.49,0.8,22.43,20.54,33.91,31.79,30.12,52.03,Moderate
70.48,6.48,1.51,65.81,32.3,36.06,23.0,29.28,68.92,Healthy
54.51,6.65,1.55,68.81,36.57,66.97,25.38,32.85,64.51,Healthy
77.03,6.36,2.15,32.23,24.25,32.36,35.04,31.8,89.9,Moderate
87.73,8.47,2.69,25.87,13.36,29.44,18.23,39.26,91.11,Needs Attention
8.69,8.52,0.33,16.58,9.96,16.2,16.01,39.43,97.79,Needs Attention
21.26,5.61,0.96,33.77,25.62,41.87,33.67,34.41,100.0,Moderate
47.74,7.16,1.49,93.56,36.22,55.89,22.51,30.4,76.86,Healthy
96.61,5.02,2.75,16.51,10.86,9.08,13.02,21.17,26.35,Needs Attention
90.52,5.23,2.79,16.64,16.8,12.9,38.49,36.55,96.81,Needs Attention
58.66,5.97,1.22,70.28,42.99,43.34,26.34,25.22,69.87,Healthy
42.75,5.8,1.12,39.12,26.24,37.09,30.61,38.22,86.29,Moderate
81.5,5.74,0.88,23.69,30.31,52.82,33.21,32.41,76.21,Moderate
35.5,6.0,1.81,38.99,31.05,39.15,26.76,31.87,48.66,Moderate
50.59,6.79,1.05,52.74,43.24,52.86,18.75,25.3,81.19,Healthy
25.64,5.75,1.95,42.39,15.89,20.83,33.85,29.79,80.82,Moderate
58.44,7.18,1.17,56.52,39.53,44.29,25.46,24.9,67.14,Healthy
15.82,8.82,2.68,12.54,13.52,5.22,13.65,16.52,96.72,Needs Attention
50.5,6.92,1.42,44.39,38.55,68.25,23.12,27.28,79.51,Healthy
40.7,6.88,1.53,51.25,35.64,65.01,26.63,33.44,48.19,Healthy
26.36,5.16,0.9,17.27,15.41,26.61,28.07,34.22,46.69,Moderate
57.15,6.48,1.3,44.54,45.95,52.04,26.72,26.82,63.53,Healthy
85.7,6.36,1.8,33.53,27.63,16.16,29.68,31.96,46.59,Moderate
71.6,5.44,2.14,30.18,18.3,33.23,30.36,33.15,87.78,Moderate
48.83,7.3,1.37,53.72,39.82,64.92,24.9,27.63,77.73,Healthy
48.99,6.76,1.43,74.55,38.99,51.14,26.54,26.49,76.85,Healthy
58.12,6.73,1.72,56.31,36.62,45.37,26.21,24.59,75.46,Healthy
36.53,7.52,2.05,15.54,18.18,39.84,34.0,35.31,98.14,Moderate
14.25,5.04,0.41,25.25,8.72,0.0,34.54,16.68,96.19,Needs Attention
14.17,5.03,0.51,23.7,3.0,23.43,37.24,16.28,95.27,Needs Attention
47.55,7.29,1.48,40.02,47.61,70.46,23.88,24.31,79.78,Healthy
33.43,6.02,0.42,38.15,10.5,40.72,30.17,35.59,41.56,Moderate
91.43,8.69,0.44,27.23,14.73,16.88,19.53,37.44,33.77,Needs Attention
17.26,8.46,0.29,29.04,12.97,17.88,19.05,35.23,34.37,Needs Attention
60.82,6.78,1.34,64.42,45.32,56.15,27.34,27.76,77.85,Healthy
73.43,7.5,2.46,16.11,31.38,29.33,32.47,36.85,52.02,Moderate
58.76,7.46,2.19,33.34,13.85,31.85,30.26,34.32,32.38,Moderate
21.65,5.59,0.97,33.16,20.15,21.66,29.75,34.39,93.45,Moderate
55.46,6.93,1.48,54.76,41.69,55.79,25.6,34.82,63.71,Healthy
24.33,5.51,1.13,37.52,22.66,34.34,28.54,32.97,44.9,Moderate
78.47,4.96,2.81,18.78,11.63,20.43,16.86,33.44,98.56,Needs Attention
1.62,5.23,0.46,19.44,17.4,21.69,17.76,18.49,94.94,Needs Attention
44.14,6.34,1.28,62.18,32.72,67.54,23.98,29.1,77.58,Healthy
38.67,7.76,0.74,43.1,20.03,24.21,29.33,35.18,90.85,Moderate
44.62,6.86,1.81,67.64,40.66,54.34,23.15,25.47,58.17,Healthy
49.32,6.89,1.51,67.61,37.07,52.49,27.45,20.16,77.3,Healthy
34.14,6.3,0.83,70.08,39.23,61.66,24.23,30.07,70.86,Healthy
62.46,7.42,1.55,60.78,29.48,65.14,18.69,30.57,72.24,Healthy
77.05,7.97,2.28,13.85,12.13,28.99,29.99,34.26,96.16,Moderate
26.9,6.01,2.04,41.61,22.87,36.07,29.71,34.6,86.38,Moderate
48.66,6.34,1.91,57.83,39.35,47.95,27.45,25.43,58.1,Healthy
41.07,6.69,1.48,50.75,50.47,59.62,25.4,27.21,57.93,Healthy
24.18,7.82,2.21,28.5,18.03,26.47,31.69,32.61,75.61,Moderate
44.1,7.15,1.45,48.8,36.33,71.29,26.16,30.15,62.63,Healthy
11.65,8.32,0.32,12.27,5.23,21.02,36.12,33.57,21.96,Needs Attention
8.1,8.25,0.47,28.23,11.48,13.98,35.68,39.54,28.86,Needs Attention
51.07,7.21,1.36,62.43,50.82,50.42,24.56,25.88,77.33,Healthy
43.15,6.67,1.28,58.98,42.48,48.59,20.86,33.4,74.14,Healthy
50.46,6.53,1.16,57.1,50.44,62.24,23.64,25.9,68.04,Healthy
35.52,6.96,1.55,50.4,29.06,63.66,25.6,25.14,82.68,Healthy
66.48,8.23,0.59,30.38,26.67,21.9,32.91,33.18,100.0,Moderate
64.33,5.67,2.18,48.6,17.13,32.54,31.11,35.47,58.49,Moderate
50.68,6.42,1.41,55.09,42.28,62.45,26.74,28.32,55.85,Healthy
88.52,5.02,2.93,23.01,15.56,20.19,34.74,40.19,24.78,Needs Attention
9.22,8.04,0.6,13.23,15.08,10.21,33.83,34.79,96.47,Needs Attention
45.36,6.76,1.77,47.38,46.9,54.15,25.44,26.91,65.54,Healthy
75.1,7.9,1.78,26.04,25.14,35.41,33.92,35.27,32.17,Moderate
75.2,8.62,2.88,7.13,10.69,16.69,35.09,38.3,95.49,Needs Attention
61.3,7.21,1.28,66.18,36.18,58.83,26.52,30.73,67.57,Healthy
34.4,7.68,2.53,45.52,24.98,28.16,33.3,31.84,51.65,Moderate
73.48,5.53,2.1,49.36,23.8,29.73,27.46,39.3,29.1,Moderate
56.21,6.52,1.02,63.94,45.95,49.02,28.61,31.33,78.97,Healthy
60.85,6.12,0.96,13.7,17.55,41.6,36.06,37.41,78.85,Moderate
76.22,8.41,0.71,34.09,31.53,13.95,34.57,36.99,44.5,Moderate
32.07,6.71,1.15,70.86,36.87,63.75,21.46,28.17,72.07,Healthy
47.84,6.83,1.32,40.09,47.49,30.28,23.11,26.84,74.07,Healthy
59.69,6.86,1.66,49.31,37.92,61.48,28.22,24.69,67.65,Healthy
19.94,8.51,2.61,33.03,6.95,20.13,40.38,21.48,25.07,Needs Attention
71.01,6.01,1.23,36.98,27.92,25.11,35.8,33.99,97.51,Moderate
21.75,7.4,2.54,28.82,22.53,27.57,30.43,34.47,82.34,Moderate
74.71,5.66,1.96,24.45,19.22,36.25,29.84,33.44,80.92,Moderate
36.2,8.2,2.9,38.28,12.45,34.48,35.99,33.53,82.12,Moderate
82.34,8.84,2.71,21.64,14.56,22.1,39.01,18.73,28.62,Needs Attention
44.58,7.59,1.27,50.95,44.32,56.42,24.68,29.45,74.27,Healthy
55.01,7.72,2.62,40.36,24.5,16.1,32.39,32.63,89.08,Moderate
61.88,5.04,2.0,34.38,24.74,31.54,36.97,32.77,59.69,Moderate
62.98,6.6,1.48,43.99,40.83,63.4,25.05,33.94,76.68,Healthy
46.41,7.77,0.9,59.46,45.79,53.72,24.88,23.88,66.82,Healthy
75.22,7.91,2.28,36.16,12.81,28.58,32.92,33.8,83.52,Moderate
15.18,5.12,0.53,25.73,16.35,16.76,34.49,21.51,24.44,Needs Attention
78.62,8.32,2.72,18.02,7.25,17.65,18.09,36.35,25.39,Needs Attention
68.58,8.28,1.95,32.26,9.8,31.28,31.5,32.56,36.91,Moderate
56.46,6.55,1.72,57.82,37.78,65.63,21.24,31.3,66.25,Healthy
29.98,7.95,1.0,41.86,25.51,17.92,29.59,32.41,84.2,Moderate
29.34,6.33,2.27,31.49,17.92,22.95,35.3,29.96,51.18,Moderate
56.45,7.92,0.72,42.17,36.44,36.49,31.56,38.5,30.45,Moderate
52.42,6.25,1.55,76.32,31.9,30.97,25.39,25.12,70.34,Healthy
90.8,4.96,0.48,11.94,18.5,32.94,32.35,17.45,23.94,Needs Attention
32.3,6.01,1.98,27.47,22.18,29.99,35.01,34.71,83.87,Moderate
77.68,7.24,1.2,33.3,11.87,20.42,32.58,34.3,87.44,Moderate
47.57,6.87,1.64,47.89,36.86,45.32,24.36,25.4,72.96,Healthy
11.94,8.86,0.29,21.7,13.81,4.59,17.52,35.11,27.31,Needs Attention
32.76,7.63,0.67,36.16,13.72,29.67,30.35,34.06,88.53,Moderate
79.06,5.26,1.06,40.34,17.69,27.11,32.21,29.42,52.58,Moderate
13.83,5.12,2.72,14.72,18.78,8.8,35.58,38.74,93.84,Needs Attention
8.95,9.0,0.46,12.67,9.76,19.63,32.11,34.04,35.92,Needs Attention
93.44,5.06,2.77,9.07,13.17,8.74,35.39,16.77,94.19,Needs Attention
53.75,6.96,1.82,41.16,52.11,70.5,25.92,28.78,69.83,Healthy
41.95,6.04,1.17,52.94,41.33,53.35,22.78,28.71,65.97,Healthy
57.19,7.84,1.11,51.77,31.07,32.7,32.81,39.2,96.69,Moderate
72.71,5.74,0.66,33.62,26.34,34.18,30.08,31.98,96.34,Moderate
61.6,6.0,1.34,58.04,43.7,34.73,20.14,30.92,66.97,Healthy
49.39,6.07,1.53,65.42,38.25,64.79,22.76,24.82,69.49,Healthy
88.68,7.71,2.23,48.69,33.06,25.16,31.52,32.26,65.17,Moderate
73.73,7.84,0.46,30.32,20.48,27.21,31.2,35.37,96.36,Moderate
60.74,7.31,1.44,49.47,34.69,47.46,24.23,31.11,80.6,Healthy
43.84,6.65,2.14,60.91,29.87,47.22,22.61,28.14,74.77,Healthy
58.24,6.86,1.32,59.34,45.84,63.93,24.17,22.06,56.54,Healthy
66.96,5.91,2.1,40.21,32.55,23.3,30.47,34.88,54.5,Moderate
16.91,8.59,0.35,19.55,10.13,20.18,31.81,19.75,30.98,Needs Attention
43.82,6.78,1.63,60.89,43.48,61.46,23.68,19.18,56.3,Healthy
35.37,5.8,1.22,29.16,15.47,36.38,28.94,31.98,32.97,Moderate
86.95,5.18,2.58,26.93,7.47,15.8,37.78,37.75,98.87,Needs Attention
92.88,9.06,2.68,24.82,10.95,17.74,35.99,19.27,33.84,Needs Attention
88.5,8.47,0.44,28.95,7.84,19.67,37.45,18.78,34.07,Needs Attention
39.24,7.1,1.57,53.52,52.99,33.05,22.97,31.36,81.08,Healthy
58.18,6.87,1.53,61.03,23.52,42.15,23.37,24.75,69.56,Healthy
78.0,6.23,2.33,39.65,21.86,22.23,30.0,36.87,43.55,Moderate
30.77,6.25,0.87,44.49,19.61,32.9,26.52,29.05,89.33,Moderate
47.83,6.86,1.99,64.44,46.88,48.95,21.22,26.16,65.39,Healthy
59.64,6.0,2.35,32.24,22.28,15.04,34.06,37.35,42.04,Moderate
82.01,8.56,2.65,26.8,15.19,26.11,16.79,37.93,93.79,Needs Attention
91.38,5.19,2.59,11.81,9.38,21.72,15.84,32.89,94.59,Needs Attention
48.49,6.4,1.66,66.47,45.91,57.38,24.68,25.43,64.67,Healthy
11.34,4.84,0.58,22.81,11.17,23.93,16.9,38.04,96.16,Needs Attention
70.45,8.14,0.98,26.21,11.69,23.79,32.26,37.57,40.46,Moderate
18.59,6.27,1.1,16.04,18.5,16.01,33.95,30.13,48.6,Moderate
58.07,6.65,1.4,59.32,38.62,65.19,23.15,22.49,69.67,Healthy
89.37,4.63,0.32,21.03,5.72,22.04,34.02,36.36,97.01,Needs Attention
30.38,7.85,2.4,34.32,17.62,31.41,28.81,35.19,83.64,Moderate
15.89,8.52,2.82,15.39,10.33,11.98,19.36,38.16,95.48,Needs Attention
86.62,8.41,2.85,16.77,15.97,7.91,17.74,19.89,21.8,Needs Attention
41.12,6.84,1.35,59.07,47.19,59.57,26.27,28.74,60.55,Healthy
90.81,4.66,0.57,26.16,15.69,13.84,17.96,19.78,28.51,Needs Attention
51.13,7.21,1.41,49.14,44.37,48.68,25.89,20.85,72.33,Healthy
69.96,8.11,0.31,23.05,19.51,42.94,31.73,30.33,79.62,Moderate
12.13,8.96,0.44,17.29,16.15,12.73,35.94,16.95,96.92,Needs Attention
91.12,8.46,2.73,22.92,15.23,26.86,36.85,36.04,96.54,Needs Attention
24.03,5.85,0.73,14.45,17.27,25.94,32.74,32.03,97.13,Moderate
34.7,6.72,1.63,59.88,36.48,55.46,27.09,26.68,51.85,Healthy
83.76,7.78,2.77,0.0,10.12,19.64,35.26,17.73,25.82,Needs Attention
36.11,6.07,2.04,31.42,29.4,12.75,31.09,35.84,47.96,Moderate
47.4,6.27,1.61,55.72,50.39,49.55,23.48,24.29,72.35,Healthy
12.62,4.79,2.59,10.15,7.31,15.71,18.26,36.99,99.56,Needs Attention
91.02,4.73,2.65,24.94,10.05,31.5,32.98,35.4,93.32,Needs Attention
86.51,4.39,2.66,30.32,8.39,18.55,14.86,40.28,29.05,Needs Attention
33.04,6.26,1.54,56.67,35.87,62.79,22.29,25.63,66.18,Healthy
44.04,7.16,1.67,53.16,45.47,49.55,23.66,26.85,77.79,Healthy
47.16,6.85,1.25,61.42,27.83,60.88,25.41,27.17,82.12,Healthy
48.39,7.68,2.31,37.77,27.38,39.93,29.7,31.81,50.75,Moderate
14.33,5.35,2.85,27.59,8.59,15.84,19.08,19.99,37.15,Needs Attention
24.09,7.55,0.94,40.55,16.17,37.72,29.53,36.1,55.97,Moderate
68.87,5.52,1.27,14.21,20.92,30.4,31.71,30.12,51.71,Moderate
60.65,7.55,1.94,23.43,29.75,43.82,35.17,30.32,100.0,Moderate
15.64,8.16,0.54,16.8,8.82,26.16,37.5,38.72,25.92,Needs Attention
46.9,6.56,1.6,36.67,33.89,46.12,25.51,26.97,57.1,Healthy
46.96,6.72,1.17,55.88,37.67,44.12,20.15,23.17,43.65,Healthy
15.68,8.26,2.63,23.94,8.66,22.72,14.99,35.33,35.21,Needs Attention
29.69,8.21,0.81,29.65,13.55,32.3,32.59,36.08,45.73,Moderate
66.32,5.5,2.24,14.78,20.46,31.23,33.37,38.07,81.63,Moderate
90.5,8.12,2.79,26.1,7.94,21.31,14.85,37.87,28.42,Needs Attention
49.88,6.81,1.69,57.75,48.95,46.08,21.5,26.09,76.16,Healthy
21.19,5.67,1.04,31.42,24.12,24.21,31.94,37.29,41.13,Moderate
72.13,7.65,1.82,35.34,16.45,30.45,35.45,38.34,96.72,Moderate
58.16,5.93,2.25,42.77,22.39,43.45,39.29,33.68,38.07,Moderate
8.04,5.38,2.6,22.89,15.04,24.2,19.17,16.42,98.44,Needs Attention
27.42,7.24,2.41,39.91,22.23,38.54,29.16,38.55,40.37,Moderate
61.4,7.77,2.59,29.89,17.8,28.41,32.1,35.54,100.0,Moderate
51.73,6.42,1.38,44.23,43.44,35.21,30.76,31.51,94.34,Healthy
86.4,9.12,0.48,23.24,11.66,17.51,35.89,38.25,30.73,Needs Attention
87.84,8.59,2.98,12.39,11.07,9.25,14.73,21.72,97.62,Needs Attention
45.63,7.27,1.48,52.41,30.84,33.28,21.37,27.34,80.82,Healthy
41.53,6.58,1.35,61.13,45.81,53.47,23.12,31.95,68.05,Healthy
50.41,6.88,1.02,62.97,33.44,64.8,23.62,23.63,72.68,Healthy
53.15,6.67,1.8,67.25,41.47,32.46,22.77,25.36,65.28,Healthy
76.44,7.74,1.88,26.02,21.8,21.2,31.9,33.61,55.68,Moderate
61.9,6.51,1.55,56.88,44.5,45.95,27.13,31.13,80.92,Healthy
10.57,5.38,0.32,28.03,11.98,27.37,18.34,21.12,30.46,Needs Attention
76.17,5.66,2.21,38.25,39.74,32.52,33.66,29.78,53.6,Moderate
19.44,4.81,0.49,19.73,11.42,14.25,35.81,18.55,29.35,Needs Attention
56.55,8.55,2.19,33.49,24.01,23.3,28.44,30.55,81.12,Moderate
48.29,6.33,1.31,42.03,43.32,52.8,24.19,29.66,64.23,Healthy
49.57,6.54,2.05,62.06,30.18,50.81,27.0,26.79,79.15,Healthy
89.46,8.22,0.48,30.31,11.81,3.28,33.0,34.15,28.52,Needs Attention
29.7,6.17,2.5,35.45,16.85,29.76,36.26,35.8,98.98,Moderate
11.88,8.37,2.93,23.3,11.52,11.8,16.52,35.4,93.97,Needs Attention
12.58,8.17,2.69,16.86,12.99,22.44,16.96,37.95,95.61,Needs Attention
49.36,7.35,1.58,52.85,42.63,61.71,24.29,34.88,67.34,Healthy
80.28,5.36,0.66,33.44,26.4,16.19,27.04,31.92,89.66,Moderate
65.32,8.41,1.03,34.23,20.21,20.04,27.48,33.41,39.56,Moderate
11.56,8.82,2.73,28.8,13.22,25.5,37.18,38.77,96.14,Needs Attention
11.7,8.9,2.68,28.19,14.38,21.45,36.83,18.44,94.05,Needs Attention
47.33,7.36,1.48,64.37,30.35,51.44,27.22,22.89,71.65,Healthy
54.04,6.65,1.53,65.43,35.47,40.84,25.46,25.4,73.31,Healthy
95.45,4.57,0.53,26.81,9.19,21.24,34.73,18.24,28.54,Needs Attention
47.37,6.51,1.2,55.64,42.75,64.57,21.52,26.91,82.6,Healthy
51.7,6.52,1.7,66.46,32.17,44.1,20.62,27.58,78.4,Healthy
47.52,6.22,1.28,57.35,44.28,46.17,23.76,27.13,65.0,Healthy
59.51,6.79,1.09,45.89,26.84,64.0,28.06,30.26,70.71,Healthy
89.74,8.87,0.39,17.75,16.49,9.57,17.73,19.73,25.84,Needs Attention
47.59,6.68,1.54,63.32,34.76,55.38,22.17,25.2,57.56,Healthy
52.13,7.47,1.56,81.66,34.9,69.97,24.54,26.02,77.76,Healthy
44.58,6.65,1.27,43.27,45.41,55.46,21.15,26.28,70.34,Healthy
54.13,6.39,1.5,46.81,47.32,53.14,24.37,28.52,67.58,Healthy
35.71,6.56,1.11,55.36,48.61,47.53,24.38,31.37,76.12,Healthy
49.39,6.32,1.93,53.63,36.94,52.37,24.64,28.72,76.14,Healthy
88.1,8.48,2.82,9.61,11.42,0.58,34.79,22.55,93.96,Needs Attention
51.51,6.58,1.17,70.32,47.44,55.42,24.69,28.51,57.8,Healthy
40.71,6.09,2.12,26.97,19.55,42.72,29.75,35.67,92.13,Moderate
83.83,6.22,2.45,40.38,8.16,23.27,28.95,29.54,100.0,Moderate
9.68,5.16,2.55,17.21,17.68,23.66,34.13,16.35,96.54,Needs Attention
81.81,8.31,2.66,8.55,17.14,15.74,15.86,19.48,35.49,Needs Attention
60.83,6.98,1.55,62.36,42.99,41.35,23.09,29.99,77.91,Healthy
59.54,6.59,1.82,61.88,48.79,38.43,23.66,28.88,70.52,Healthy
34.99,5.62,2.19,38.49,15.2,12.01,35.39,33.96,40.21,Moderate
13.72,8.54,0.41,19.7,7.3,16.59,16.17,35.72,95.05,Needs Attention
28.59,8.29,1.96,29.1,24.57,16.83,34.99,34.05,89.53,Moderate
17.15,8.57,0.63,17.91,19.68,31.55,36.8,34.44,95.66,Needs Attention
50.45,6.64,1.72,52.33,42.61,60.21,20.79,24.75,72.48,Healthy
42.31,6.83,1.59,56.95,38.22,40.81,24.41,22.17,70.8,Healthy
20.93,5.55,2.08,40.78,26.77,29.58,32.16,33.24,37.88,Moderate
16.67,8.82,2.75,21.84,7.97,23.24,33.69,16.79,95.82,Needs Attention
32.59,5.6,2.09,44.24,24.94,33.46,28.0,34.8,91.76,Moderate
58.15,6.47,1.68,47.45,43.22,54.84,24.11,23.9,68.68,Healthy
40.82,6.22,1.61,41.42,36.86,65.74,22.22,32.39,51.68,Healthy
52.52,6.91,2.13,67.29,49.41,34.31,19.6,26.11,88.08,Healthy
12.81,8.56,0.57,16.49,12.23,20.13,32.23,17.56,23.15,Needs Attention
42.04,7.49,0.53,43.3,15.64,25.96,31.8,30.37,33.29,Moderate
45.36,6.17,1.64,66.0,37.34,51.72,24.79,27.73,59.87,Healthy
14.08,8.57,2.62,25.28,9.33,8.14,11.98,18.69,96.93,Needs Attention
50.37,6.71,1.39,51.83,32.5,49.02,25.63,24.33,71.32,Healthy
44.2,6.85,0.92,62.73,37.43,34.46,25.41,28.5,64.74,Healthy
37.83,5.48,1.13,33.44,19.75,22.61,29.91,30.96,39.51,Moderate
93.37,8.16,0.47,26.42,15.15,31.27,35.46,40.1,95.1,Needs Attention
36.64,7.07,1.66,64.6,32.16,51.1,22.09,28.29,60.26,Healthy
31.41,7.96,0.53,31.0,19.82,46.44,32.55,36.59,74.88,Moderate
63.91,5.69,2.24,34.72,24.62,31.56,30.33,40.12,54.1,Moderate
96.77,9.07,0.5,12.78,15.69,17.44,36.22,20.21,36.83,Needs Attention
8.24,8.57,0.42,20.5,7.81,21.61,18.31,36.1,96.25,Needs Attention
30.99,5.6,1.05,27.44,30.74,30.52,36.77,37.27,39.32,Moderate
55.92,7.1,1.46,55.76,14.12,67.62,22.86,27.31,92.33,Healthy
16.0,8.55,2.76,13.44,8.8,14.23,34.97,20.92,31.38,Needs Attention
88.61,5.67,0.77,17.84,20.32,28.95,28.02,33.82,42.57,Moderate
42.08,7.39,2.14,42.29,28.49,36.03,30.14,31.32,81.8,Moderate
55.93,7.96,2.09,41.82,1.33,24.41,31.7,33.67,42.64,Moderate
92.67,4.74,2.73,34.85,6.83,20.96,18.09,36.2,34.5,Needs Attention
47.93,6.9,1.04,60.7,39.5,48.26,24.58,26.61,60.18,Healthy
33.51,8.38,1.93,39.97,15.84,23.49,30.83,32.04,94.33,Moderate
46.66,6.45,1.44,54.04,32.09,35.61,19.58,29.22,68.2,Healthy
89.23,8.42,2.7,17.27,13.74,20.41,35.45,36.44,94.03,Needs Attention
15.29,5.43,0.54,21.28,12.03,12.88,16.72,36.86,96.28,Needs Attention
39.54,6.62,1.63,65.53,42.12,57.47,27.69,27.23,84.31,Healthy
47.24,8.2,2.05,43.72,19.85,31.63,33.54,34.52,78.76,Moderate
47.63,6.6,1.51,62.11,41.59,40.21,22.0,28.2,85.25,Healthy
36.51,6.57,1.49,72.08,33.24,56.9,23.1,25.66,64.1,Healthy
89.6,8.42,0.1,18.55,11.12,13.3,16.48,17.57,34.64,Needs Attention
13.24,4.54,0.59,14.03,12.91,24.08,16.86,38.73,31.91,Needs Attention
42.24,6.71,1.02,29.93,25.32,24.07,29.91,33.07,42.87,Moderate
21.8,8.59,0.53,12.75,14.16,24.6,16.6,38.13,33.05,Needs Attention
31.1,5.56,2.15,20.46,32.21,44.95,30.82,31.19,49.15,Moderate
85.73,8.36,0.48,32.05,9.9,6.07,16.56,16.83,99.05,Needs Attention
54.92,6.26,1.56,62.04,31.0,41.1,25.61,33.22,69.35,Healthy
93.73,8.56,2.8,21.61,11.23,23.41,12.65,22.18,36.94,Needs Attention
27.91,8.06,2.13,45.82,28.62,35.52,29.23,30.87,29.68,Moderate
32.13,7.4,0.66,32.94,10.86,26.69,30.58,39.27,48.09,Moderate
52.02,6.15,1.45,67.0,39.62,42.15,24.41,29.59,83.48,Healthy
92.05,8.45,2.75,28.69,14.81,16.45,31.66,38.5,35.81,Needs Attention
80.36,7.55,0.88,39.83,12.35,10.6,34.3,31.29,72.72,Moderate
20.56,5.09,2.44,20.22,15.38,6.35,37.02,16.1,95.54,Needs Attention
17.02,4.87,2.79,9.65,16.6,10.88,32.64,18.08,29.0,Needs Attention
53.75,6.68,1.84,53.82,41.43,58.07,22.32,26.78,69.6,Healthy
33.65,7.68,1.87,32.83,4.3,18.46,31.19,39.94,36.29,Moderate
66.75,7.82,1.86,24.05,14.4,29.81,32.79,31.33,55.24,Moderate
59.41,6.66,1.55,52.6,32.75,56.61,26.93,29.44,60.41,Healthy
55.27,6.79,1.54,56.13,43.09,44.7,29.45,19.83,77.14,Healthy
89.09,8.26,2.65,8.86,13.16,27.25,13.94,33.47,25.22,Needs Attention
28.36,7.61,1.36,24.16,26.62,25.31,33.0,39.84,89.06,Moderate
66.21,7.18,1.51,59.1,42.39,56.94,23.47,24.47,81.29,Healthy
47.76,6.86,1.98,60.06,63.86,64.65,24.63,27.87,69.13,Healthy
53.09,7.17,1.85,59.93,29.81,39.42,20.96,25.07,72.34,Healthy
42.99,6.47,0.96,66.66,39.27,48.49,23.75,28.76,67.68,Healthy
52.92,6.22,1.73,67.4,39.05,35.44,22.47,27.19,61.11,Healthy
89.75,5.69,0.61,21.36,13.08,19.7,35.51,35.77,92.94,Needs Attention
65.68,5.62,1.7,46.37,14.82,32.36,28.45,35.55,80.05,Moderate
71.05,5.36,0.85,26.38,28.19,26.72,33.64,30.68,86.4,Moderate
87.71,4.84,0.32,30.1,14.33,18.49,15.94,17.82,96.78,Needs Attention
72.01,8.21,2.05,17.48,25.5,28.35,31.67,35.39,86.12,Moderate
6.16,5.21,2.81,21.69,17.27,19.03,13.38,40.59,94.14,Needs Attention
45.58,6.64,1.57,44.7,58.75,52.21,27.13,25.26,77.17,Healthy
93.21,5.6,0.5,19.63,18.88,14.82,36.19,18.94,31.78,Needs Attention
9.25,8.48,2.88,23.96,16.91,32.08,34.08,40.66,29.89,Needs Attention
55.85,7.03,1.44,39.61,47.22,41.78,23.6,25.28,59.04,Healthy
41.66,7.44,1.66,56.42,40.44,54.67,20.43,34.89,72.4,Healthy
62.74,7.09,1.34,48.35,27.45,76.15,22.19,23.21,74.41,Healthy
85.21,4.85,2.5,14.16,7.14,18.4,17.25,16.81,33.02,Needs Attention
84.46,8.23,0.5,16.01,16.2,23.74,13.9,35.1,93.39,Needs Attention
75.01,5.87,0.98,45.56,18.75,37.82,26.11,37.69,27.19,Moderate
44.66,6.94,1.37,66.81,38.23,40.85,28.05,30.71,63.4,Healthy
73.15,7.69,2.02,30.88,19.78,35.08,30.66,38.01,46.65,Moderate
54.71,7.18,1.2,70.81,39.64,67.92,24.51,20.86,79.64,Healthy
54.78,6.51,1.27,54.94,46.47,45.75,24.73,28.21,74.31,Healthy
29.3,5.65,1.23,31.99,23.83,25.84,35.15,31.72,51.88,Moderate
13.1,8.42,2.84,24.82,0.21,17.56,15.79,38.81,95.93,Needs Attention
34.31,7.09,1.5,69.61,46.42,56.99,26.49,27.45,83.75,Healthy
78.93,4.98,2.74,28.68,2.66,24.08,30.91,22.35,94.66,Needs Attention
41.13,6.8,1.49,69.86,36.45,42.11,24.47,25.98,68.7,Healthy
46.52,7.15,1.52,44.93,38.8,53.16,22.41,23.88,62.33,Healthy
43.27,5.44,2.16,33.53,15.01,19.16,32.12,25.17,44.25,Moderate
42.24,6.69,0.97,63.59,46.79,42.04,28.09,24.84,68.92,Healthy
69.73,7.98,2.54,37.01,27.29,24.61,32.6,30.73,81.42,Moderate
51.64,6.26,1.59,47.17,42.7,45.47,18.59,29.99,81.46,Healthy
50.53,7.02,1.49,65.63,35.04,49.85,25.35,28.17,66.3,Healthy
46.23,6.35,1.63,51.88,48.21,32.02,23.08,28.79,76.44,Healthy
49.73,6.58,1.76,73.51,50.04,43.47,23.26,32.44,74.17,Healthy
68.01,8.27,1.03,41.67,25.41,42.08,28.83,32.78,84.14,Moderate
48.78,6.71,1.73,70.33,41.17,72.63,24.97,30.1,71.1,Healthy
32.63,8.02,1.89,37.17,14.04,28.08,35.48,30.09,51.08,Moderate
54.68,6.61,0.98,64.92,54.0,63.3,19.53,22.46,64.39,Healthy
58.58,6.98,1.09,49.59,37.8,59.8,24.45,30.41,83.84,Healthy
39.5,7.21,1.88,55.64,42.85,63.86,29.39,31.67,56.38,Healthy
50.8,6.61,1.31,54.3,43.71,58.39,23.92,29.85,71.29,Healthy
40.59,7.71,2.27,30.22,15.63,18.99,26.59,37.66,81.78,Moderate
50.56,6.5,1.18,62.22,28.39,60.06,25.71,25.8,71.43,Healthy
24.65,5.64,2.12,49.72,36.44,25.9,29.72,32.85,93.89,Moderate
65.95,6.66,1.49,73.19,42.04,44.51,26.33,25.71,74.6,Healthy
58.97,7.05,1.27,77.07,56.3,48.2,24.9,29.78,54.25,Healthy
49.3,6.92,1.84,62.67,33.27,64.55,22.8,26.91,67.74,Healthy
5.17,8.27,2.84,20.84,8.59,24.36,16.25,17.14,94.87,Needs Attention
100.0,4.67,0.48,20.13,19.78,18.21,16.64,17.6,92.36,Needs Attention
81.68,8.16,0.66,32.11,41.4,37.85,33.28,36.23,40.47,Moderate
64.81,8.22,1.95,31.17,10.82,22.89,35.4,33.64,44.33,Moderate
45.11,6.59,1.42,47.16,35.09,40.6,25.36,28.06,56.08,Healthy
30.55,5.98,1.71,28.9,20.0,29.96,35.55,35.45,77.57,Moderate
71.04,8.45,0.51,31.78,32.06,31.8,32.09,35.3,43.99,Moderate
81.53,8.43,2.88,11.19,6.44,21.49,16.52,16.68,25.82,Needs Attention
59.91,6.72,1.46,75.22,52.98,51.92,23.37,31.39,79.2,Healthy
6.58,4.94,2.75,13.09,16.24,17.66,37.35,35.34,32.97,Needs Attention
53.6,7.01,0.97,46.73,44.44,54.11,26.94,22.37,67.72,Healthy
15.38,5.18,0.37,30.13,7.68,31.45,33.47,38.85,26.15,Needs Attention
33.19,6.38,2.12,43.89,54.21,55.45,24.8,24.75,63.89,Healthy
79.58,6.09,2.07,32.93,20.09,25.46,32.32,35.94,88.88,Moderate
8.22,8.94,0.48,20.61,6.3,28.91,13.62,20.52,27.06,Needs Attention
46.14,6.44,1.6,60.01,49.56,70.87,26.19,28.35,78.66,Healthy
51.01,6.84,1.57,58.69,47.56,39.32,24.18,32.36,68.83,Healthy
89.57,8.36,0.34,20.25,21.25,14.6,36.41,16.12,31.98,Needs Attention
59.78,6.74,1.46,57.83,27.07,57.03,22.45,23.21,56.28,Healthy
85.21,5.06,2.69,16.89,7.83,15.14,15.51,16.96,27.44,Needs Attention
22.25,7.94,1.2,30.3,24.96,31.36,29.11,33.54,41.51,Moderate
53.31,7.14,1.22,49.09,44.12,51.62,22.27,31.28,74.69,Healthy
64.69,7.9,0.97,38.62,13.96,23.87,30.22,37.42,29.53,Moderate
42.9,7.35,1.54,58.17,43.2,55.91,29.14,28.56,76.87,Healthy
43.89,6.5,1.2,62.23,36.24,57.96,26.35,27.74,80.16,Healthy
91.13,4.81,2.82,13.43,10.94,17.6,37.04,19.22,92.16,Needs Attention
49.59,7.68,0.96,47.02,21.9,38.04,30.96,39.13,44.29,Moderate
97.38,5.1,2.86,13.39,10.86,13.37,18.48,38.97,96.77,Needs Attention
73.04,5.97,2.18,41.2,12.81,25.71,34.48,34.05,87.73,Moderate
51.05,6.62,1.7,67.82,37.45,35.18,21.29,26.9,57.92,Healthy
73.4,5.82,2.1,36.68,27.12,23.44,32.87,27.43,91.95,Moderate
72.4,7.89,0.66,41.19,24.22,24.14,29.31,29.75,87.56,Moderate
32.95,5.55,0.55,12.85,23.03,28.94,27.26,35.52,87.21,Moderate
69.77,5.26,0.71,34.04,25.81,44.12,31.95,38.53,49.83,Moderate
14.22,8.18,2.73,15.92,8.63,18.01,38.13,22.14,98.55,Needs Attention
88.5,5.05,0.57,25.81,12.24,30.56,35.09,36.14,95.36,Needs Attention
54.87,6.73,1.55,61.06,34.13,69.99,22.58,22.0,73.45,Healthy
3.8,4.71,2.88,14.78,19.01,4.63,15.26,21.3,97.73,Needs Attention
44.81,7.48,1.42,62.51,38.38,51.35,23.44,31.27,72.4,Healthy
8.16,8.34,2.84,20.33,2.82,23.73,14.39,18.76,27.7,Needs Attention
67.93,5.98,0.61,26.18,18.19,15.82,30.68,34.12,85.69,Moderate
37.24,5.64,0.45,51.54,31.23,15.17,33.64,31.22,36.26,Moderate
37.62,8.3,0.66,42.3,15.42,20.39,31.2,31.79,93.43,Moderate
36.19,7.05,1.72,51.66,48.24,36.16,24.56,26.62,72.79,Healthy
41.83,6.82,1.12,70.84,41.26,45.03,21.86,25.1,57.94,Healthy
8.04,8.45,2.89,32.12,13.22,25.6,37.63,37.47,95.46,Needs Attention
6.16,4.85,0.39,21.53,14.92,18.11,17.32,37.05,92.66,Needs Attention
26.3,7.81,2.01,37.66,25.98,33.75,29.28,33.63,87.48,Moderate
59.66,4.73,0.7,38.98,32.68,42.48,34.72,32.58,90.97,Moderate
37.96,6.69,1.91,61.36,47.23,42.9,23.99,27.61,65.47,Healthy
92.68,4.91,0.29,29.57,5.99,18.89,16.87,38.89,95.41,Needs Attention
55.35,6.87,1.76,66.04,29.9,65.33,24.39,31.62,76.56,Healthy
80.87,6.01,0.92,24.52,21.96,28.22,37.86,35.37,44.99,Moderate
10.1,4.99,0.2,25.5,11.06,11.66,34.38,39.13,95.08,Needs Attention
30.41,6.64,1.45,53.53,57.37,70.24,27.08,24.22,89.29,Healthy
32.65,6.78,2.01,65.95,38.62,40.42,28.58,26.52,65.94,Healthy
61.22,5.01,0.54,37.04,25.34,21.21,31.5,35.06,54.0,Moderate
22.84,8.26,0.25,49.89,16.39,29.03,36.1,33.65,79.4,Moderate
25.85,7.37,1.96,29.61,41.04,23.4,31.07,31.14,86.95,Moderate
10.34,8.75,0.12,20.89,14.25,24.76,36.17,33.58,96.84,Needs Attention
61.6,5.79,1.88,29.44,21.63,27.05,31.32,32.23,41.26,Moderate
11.48,4.56,0.51,17.43,8.54,21.13,38.07,16.93,34.6,Needs Attention
63.67,5.63,1.03,42.61,21.87,24.47,32.68,33.42,41.41,Moderate
53.16,6.69,1.23,51.3,36.69,42.01,22.73,28.93,69.93,Healthy
52.86,6.74,1.59,59.87,37.3,31.74,25.82,25.88,79.0,Healthy
38.39,6.66,1.24,36.74,39.15,53.99,27.05,23.58,72.8,Healthy
81.58,4.7,0.53,28.52,9.58,16.82,16.81,19.51,93.93,Needs Attention
84.54,5.22,0.57,25.47,9.97,10.49,15.89,39.38,95.99,Needs Attention
66.21,8.13,0.99,24.59,18.26,38.65,33.22,34.08,45.63,Moderate
52.29,7.18,1.16,58.4,38.16,47.71,23.07,27.47,78.46,Healthy
50.21,7.21,1.73,60.3,36.09,72.63,26.2,28.78,60.01,Healthy
68.84,5.76,0.4,50.57,10.0,29.66,34.21,29.59,36.27,Moderate
90.67,8.75,2.68,23.99,9.18,14.92,36.56,15.99,24.13,Needs Attention
92.82,5.56,0.44,25.61,14.25,9.15,36.0,37.58,31.28,Needs Attention
35.17,6.35,1.3,73.04,52.16,61.6,27.58,24.88,58.36,Healthy
57.64,5.8,2.44,49.03,20.96,21.9,34.05,37.22,91.3,Moderate
100.0,8.82,2.73,17.81,15.51,13.12,32.41,18.35,93.67,Needs Attention
77.92,5.67,2.38,45.09,15.45,29.77,30.8,36.69,41.65,Moderate
69.95,6.62,1.94,56.43,50.69,68.97,21.94,25.55,62.7,Healthy
30.72,7.48,0.89,13.31,19.76,36.56,30.19,31.29,82.2,Moderate
47.05,6.53,1.13,72.85,59.5,41.73,22.99,23.76,80.02,Healthy
92.37,8.59,2.51,12.23,13.31,8.79,34.13,21.4,31.82,Needs Attention
27.12,5.93,1.24,27.86,27.6,36.62,29.54,32.56,42.27,Moderate
14.01,8.83,2.85,6.48,19.31,16.0,16.5,35.57,95.33,Needs Attention
19.49,7.44,1.98,44.03,23.26,37.35,27.78,32.43,91.17,Moderate
62.62,8.35,0.73,34.87,14.49,38.4,32.05,31.79,97.08,Moderate
26.53,5.65,2.3,40.36,20.76,30.11,33.05,36.0,32.63,Moderate
70.64,5.76,0.84,38.19,15.52,39.26,36.47,32.37,53.48,Moderate
31.37,8.1,2.18,37.89,20.53,32.52,31.15,32.75,86.1,Moderate
27.79,7.34,2.08,29.98,22.94,23.18,33.08,28.61,90.52,Moderate
87.98,4.75,2.69,20.35,8.51,11.25,37.23,38.19,96.78,Needs Attention
73.93,5.11,2.24,17.45,24.72,39.7,31.45,34.15,91.07,Moderate
63.06,7.2,1.43,69.67,39.23,36.46,28.26,30.39,71.72,Healthy
27.98,8.36,2.12,48.84,36.72,28.71,35.85,36.58,45.71,Moderate
47.24,6.63,2.08,50.88,29.26,65.78,24.37,27.85,92.08,Healthy
31.55,5.56,0.94,36.0,32.57,26.98,31.38,36.34,88.31,Moderate
88.47,8.37,0.34,13.44,13.68,15.98,15.55,36.77,95.17,Needs Attention
50.12,6.83,1.52,70.61,43.87,39.72,25.01,28.75,83.36,Healthy
78.6,5.46,1.39,35.89,30.64,39.29,30.49,34.07,67.56,Moderate
89.28,8.72,0.18,16.81,9.99,18.19,33.13,17.58,100.0,Needs Attention
48.93,6.61,1.67,55.26,50.17,46.05,23.31,29.37,72.9,Healthy
11.81,8.64,0.31,32.46,17.12,10.94,16.9,35.46,97.45,Needs Attention
34.02,7.33,1.36,51.82,50.86,61.79,25.18,29.31,61.61,Healthy
54.99,6.32,1.58,55.0,43.34,51.8,20.74,24.86,50.29,Healthy
14.1,8.49,2.93,13.82,13.34,20.93,15.71,16.87,94.66,Needs Attention
89.43,5.17,2.67,20.51,9.9,7.62,37.04,21.56,95.12,Needs Attention
68.66,6.82,1.37,54.25,32.28,56.48,23.26,28.55,63.6,Healthy
49.52,6.59,1.26,68.81,23.16,49.94,23.33,28.26,58.91,Healthy
54.88,6.91,1.83,51.63,34.83,51.07,23.99,29.59,62.51,Healthy
60.68,7.05,1.66,58.3,49.13,67.71,26.52,25.29,71.64,Healthy
39.64,6.41,1.61,64.49,31.6,58.76,25.64,31.53,77.12,Healthy
7.52,8.32,0.32,13.93,4.55,20.51,35.06,22.28,94.02,Needs Attention
57.02,6.44,1.18,65.76,37.64,60.56,24.58,32.63,78.8,Healthy
33.56,6.23,2.36,22.94,33.9,24.58,36.34,39.06,52.22,Moderate
77.26,7.44,2.41,18.38,21.41,33.28,37.01,32.5,99.81,Moderate
55.89,7.05,1.56,59.37,48.34,50.65,23.06,22.34,75.83,Healthy
42.22,7.66,1.19,45.91,23.36,26.76,34.71,38.06,43.37,Moderate
36.66,6.86,1.74,46.49,32.98,55.86,24.49,25.24,60.49,Healthy
48.02,7.22,1.28,53.67,52.86,48.24,23.33,25.01,54.61,Healthy
91.06,8.61,2.96,18.33,14.16,15.12,17.96,36.13,30.82,Needs Attention
90.03,6.14,2.21,29.98,8.8,18.18,33.08,35.12,98.9,Moderate
13.83,4.9,2.68,21.12,10.32,17.63,19.74,34.73,94.26,Needs Attention
1.55,5.13,0.38,26.9,18.24,28.63,34.4,40.67,93.99,Needs Attention
36.52,7.66,2.61,18.19,24.93,39.18,32.99,35.41,48.24,Moderate
39.28,5.71,2.2,11.7,24.73,41.61,33.97,28.69,78.72,Moderate
100.0,4.85,2.85,14.82,17.54,20.17,18.82,37.6,93.63,Needs Attention
48.54,7.15,1.71,79.66,39.81,54.89,25.12,27.6,82.17,Healthy
7.64,4.95,0.31,27.15,9.87,21.14,13.0,40.05,94.18,Needs Attention
15.3,7.64,2.44,23.08,24.11,32.27,34.4,33.67,43.79,Moderate
75.84,5.65,1.75,33.11,12.42,26.7,31.64,30.74,55.28,Moderate
31.03,6.01,2.47,9.28,33.29,33.64,35.34,31.06,100.0,Moderate
20.65,6.07,0.76,35.27,11.63,27.36,35.19,35.31,88.79,Moderate
14.57,8.91,2.8,23.95,19.33,7.26,16.38,18.92,93.96,Needs Attention
7.31,8.44,0.3,24.62,11.27,21.81,35.47,35.63,95.42,Needs Attention
20.19,8.69,2.85,17.22,12.43,14.54,34.04,35.8,36.91,Needs Attention
23.61,7.89,1.97,52.19,30.92,29.37,36.49,32.04,36.06,Moderate
25.3,4.94,2.1,32.27,20.35,31.42,35.8,32.71,32.91,Moderate
41.21,6.62,1.64,43.61,29.19,35.24,24.51,20.49,56.11,Healthy
18.64,8.67,0.41,27.03,11.96,17.71,14.61,15.67,25.19,Needs Attention
48.97,7.32,1.54,61.96,39.71,49.75,20.88,23.22,73.61,Healthy
65.3,7.13,1.73,62.09,32.41,39.32,24.25,29.09,76.88,Healthy
96.52,4.68,2.71,21.44,5.82,23.99,31.01,35.06,96.8,Needs Attention
56.05,6.9,1.31,68.9,32.35,51.65,22.96,29.23,77.79,Healthy
68.05,7.86,0.61,38.56,25.03,24.9,28.77,37.08,46.64,Moderate
91.41,4.92,2.83,17.96,14.97,18.37,14.82,39.11,23.63,Needs Attention
85.61,4.94,0.34,15.45,4.53,16.95,34.35,18.29,38.67,Needs Attention
29.44,5.38,0.82,35.87,18.48,37.22,32.2,36.66,100.0,Moderate
67.47,6.52,2.58,29.57,31.36,36.49,33.5,33.62,82.95,Moderate
73.15,8.03,0.71,42.05,35.01,16.13,32.21,32.65,72.9,Moderate
83.54,4.56,2.86,29.61,20.73,23.61,14.75,33.19,92.25,Needs Attention
34.41,7.12,2.72,31.38,4.35,24.5,27.46,32.41,94.52,Moderate
48.14,6.58,1.71,58.11,45.94,49.04,23.48,29.47,78.05,Healthy
11.62,8.62,2.63,21.69,12.84,9.46,37.31,14.74,95.81,Needs Attention
53.46,6.82,1.64,42.17,50.51,46.76,24.16,21.72,71.07,Healthy
76.64,5.43,0.84,31.88,22.62,27.66,32.53,31.33,32.26,Moderate
32.85,6.33,0.45,39.65,29.97,26.31,32.88,33.69,41.88,Moderate
43.47,6.99,1.89,37.95,22.77,39.85,23.4,26.21,73.14,Healthy
43.66,5.19,1.85,38.8,26.28,34.31,30.46,34.72,34.96,Moderate
49.86,6.52,1.59,71.97,61.56,42.59,24.16,21.28,78.12,Healthy
18.36,4.54,0.37,19.58,16.81,24.32,16.74,38.53,99.06,Needs Attention
90.04,8.29,0.65,22.17,10.63,16.39,21.15,16.12,97.28,Needs Attention
17.81,8.41,2.73,23.24,10.98,23.03,33.85,17.58,97.69,Needs Attention
8.59,4.86,2.7,32.61,8.02,24.75,33.75,37.93,98.06,Needs Attention
47.93,6.32,1.56,71.81,40.85,37.56,22.22,27.66,54.3,Healthy
59.2,6.45,1.56,47.21,38.71,56.47,18.49,25.4,75.86,Healthy
58.58,7.05,1.67,59.14,39.24,54.72,22.59,30.34,58.23,Healthy
36.12,7.51,0.78,42.35,11.83,39.75,30.44,27.84,85.85,Moderate
62.02,5.6,2.31,53.86,25.05,28.38,29.17,36.95,77.46,Moderate
75.78,4.81,2.63,15.37,15.95,18.47,15.95,38.75,97.18,Needs Attention
26.82,7.72,2.11,47.48,40.75,26.46,32.74,36.6,38.04,Moderate
62.53,6.69,1.06,51.15,54.46,66.34,26.85,29.1,78.42,Healthy
48.75,6.7,1.28,64.26,45.9,48.94,23.71,23.85,74.29,Healthy
54.38,6.98,0.78,57.33,56.67,65.26,19.88,26.06,61.19,Healthy
4.64,8.74,0.41,13.27,18.46,13.46,19.44,37.2,25.73,Needs Attention
47.46,6.84,1.13,62.89,48.37,55.24,20.58,23.89,70.89,Healthy
87.56,4.8,2.85,24.92,14.55,23.06,35.82,20.48,41.33,Needs Attention
55.45,6.84,1.52,53.35,35.77,54.62,21.5,25.19,63.56,Healthy
91.64,8.39,0.39,17.12,16.57,15.41,35.78,38.33,94.47,Needs Attention
71.27,8.56,0.6,53.84,17.73,25.83,31.73,34.48,94.67,Moderate
67.21,7.52,0.55,43.12,27.19,23.93,32.25,36.02,100.0,Moderate
44.49,6.96,1.45,53.95,37.14,46.48,23.8,26.98,77.99,Healthy
33.99,6.73,1.92,48.74,47.13,62.48,26.3,32.99,80.6,Healthy
47.88,6.4,1.35,61.79,38.19,53.4,24.08,32.19,83.96,Healthy
30.42,8.19,2.14,48.92,19.71,26.0,31.0,36.68,91.21,Moderate
55.61,7.34,1.82,77.04,40.34,48.48,25.72,26.29,56.34,Healthy
60.97,6.49,0.99,63.91,25.95,36.28,20.41,20.99,81.52,Healthy
6.51,8.43,2.71,29.56,11.31,25.08,32.07,16.8,29.55,Needs Attention
13.59,8.74,0.5,21.85,8.02,22.68,17.69,33.57,29.33,Needs Attention
75.41,5.76,1.84,51.03,15.78,23.52,30.36,28.55,83.42,Moderate
73.71,5.45,0.81,27.82,24.27,24.56,30.44,33.05,85.6,Moderate
55.07,5.57,2.07,40.01,31.68,25.98,31.88,38.32,90.62,Moderate
93.4,8.51,0.33,14.64,3.03,20.76,39.5,19.53,32.97,Needs Attention
12.1,8.19,0.37,31.25,6.45,11.4,32.71,39.93,31.19,Needs Attention
23.12,8.39,2.21,40.52,15.42,26.28,33.12,28.09,84.05,Moderate
44.17,7.16,1.84,69.43,47.66,52.6,27.04,28.07,89.53,Healthy
11.48,8.33,0.63,25.73,13.86,20.01,16.1,37.48,99.63,Needs Attention
6.79,5.38,2.67,22.84,5.75,14.57,32.91,17.5,26.87,Needs Attention
50.03,6.77,1.02,82.75,36.13,66.95,20.55,25.2,79.55,Healthy
37.48,6.64,1.49,48.08,45.24,60.85,23.18,29.18,71.01,Healthy
53.46,6.18,1.58,46.72,52.14,48.04,28.13,26.37,69.72,Healthy
98.99,5.07,0.54,30.78,14.26,18.69,34.9,37.18,25.41,Needs Attention
30.12,7.98,2.22,37.6,26.39,25.2,29.36,37.43,56.46,Moderate
34.21,7.92,0.38,28.65,41.58,37.2,35.48,35.52,94.27,Moderate
64.67,5.33,1.22,25.89,20.33,43.46,31.65,35.29,97.79,Moderate
58.48,6.89,1.39,84.89,32.6,59.73,25.11,33.04,75.48,Healthy
42.7,7.0,1.15,60.68,29.02,45.93,26.06,25.64,62.29,Healthy
82.77,5.01,2.63,24.06,19.92,8.29,14.1,38.67,95.55,Needs Attention
34.86,8.59,1.7,38.07,9.55,24.35,33.56,32.85,79.89,Moderate
35.79,6.97,1.79,35.59,30.6,60.53,23.82,31.16,79.71,Healthy
34.04,7.85,2.12,34.36,26.65,32.72,31.07,32.14,92.61,Moderate
56.97,6.48,1.45,53.65,41.25,44.32,20.69,25.28,84.43,Healthy
11.98,8.61,0.54,19.0,11.64,18.14,18.29,15.59,28.49,Needs Attention
41.62,7.12,1.49,59.23,44.22,50.36,24.35,28.37,79.28,Healthy
4.88,5.23,0.52,24.63,17.32,19.71,34.53,38.17,94.16,Needs Attention
13.0,4.56,3.0,23.89,16.4,15.3,16.2,36.74,35.52,Needs Attention
32.35,7.68,2.01,24.3,21.11,26.64,28.55,33.28,46.88,Moderate
50.96,6.22,0.94,39.51,39.64,48.92,25.87,26.41,80.89,Healthy
54.12,6.97,1.69,56.92,36.83,68.33,17.54,27.19,75.87,Healthy
19.72,8.42,0.42,36.27,15.16,18.28,13.18,16.63,95.15,Needs Attention
74.19,8.44,0.47,32.52,31.3,27.25,33.02,29.8,47.14,Moderate
51.09,6.64,1.19,64.24,24.18,40.14,21.84,25.49,83.69,Healthy
41.85,6.9,1.7,53.64,33.67,57.3,20.8,23.74,66.0,Healthy
87.31,5.13,2.72,23.41,12.31,22.54,15.71,18.14,97.76,Needs Attention
33.9,7.49,2.56,24.98,13.35,19.2,33.56,32.19,86.49,Moderate
56.99,7.29,1.07,43.79,37.43,52.41,24.0,22.07,82.36,Healthy
17.03,8.13,2.66,24.79,11.86,17.95,16.12,36.23,28.84,Needs Attention
58.12,6.32,1.26,60.29,52.54,41.96,24.87,27.47,77.92,Healthy
17.06,8.35,2.39,23.62,12.57,17.41,15.58,16.41,95.79,Needs Attention
36.37,6.73,1.15,69.19,54.55,58.38,22.9,27.07,74.61,Healthy
17.67,5.56,0.87,46.83,27.68,23.1,33.7,35.6,93.94,Moderate
66.2,7.64,0.9,34.05,21.52,33.03,29.48,31.75,86.98,Moderate
61.04,7.19,1.75,19.12,43.52,54.12,24.41,28.83,74.35,Healthy
28.25,5.73,2.13,35.3,21.28,43.58,34.52,34.72,82.23,Moderate
53.5,7.28,1.26,57.11,36.42,46.28,25.17,26.26,59.16,Healthy
50.45,7.03,1.77,65.91,32.46,50.91,24.76,27.92,76.4,Healthy
14.67,8.63,0.44,33.46,11.2,9.75,13.85,22.89,97.84,Needs Attention
1.77,8.55,0.62,19.16,13.63,15.31,19.06,19.63,95.85,Needs Attention
55.62,6.83,1.54,67.79,44.44,51.94,19.28,28.54,63.79,Healthy
26.79,5.22,2.27,28.53,33.44,40.07,31.87,29.48,84.62,Moderate
51.08,6.48,1.52,45.7,46.36,48.18,21.8,25.9,68.39,Healthy
58.03,6.49,1.26,54.41,38.16,50.78,26.91,30.51,69.67,Healthy
97.24,8.28,0.3,9.12,12.07,10.77,16.02,37.36,30.33,Needs Attention
38.88,6.7,1.37,52.05,30.49,57.19,25.99,23.8,63.65,Healthy
56.55,6.67,1.08,52.92,38.31,52.12,24.56,31.11,60.4,Healthy
37.01,5.99,0.67,30.39,13.62,46.91,31.76,35.61,37.64,Moderate
37.06,5.91,1.28,29.6,20.37,34.47,32.05,30.52,56.19,Moderate
58.21,6.8,1.58,57.41,47.7,58.17,21.95,28.34,58.12,Healthy
80.72,8.13,2.16,34.75,25.41,27.57,36.25,32.9,100.0,Moderate
48.34,7.08,1.55,76.9,30.29,36.54,22.65,28.66,68.15,Healthy
57.65,6.63,1.51,60.0,33.12,44.57,30.09,24.32,75.33,Healthy
54.76,6.81,1.48,55.11,56.03,50.1,24.87,22.05,66.27,Healthy
90.05,4.8,2.73,17.56,14.2,9.5,36.91,39.11,34.52,Needs Attention
28.54,8.43,0.85,25.61,27.17,26.11,30.37,35.93,70.48,Moderate
84.2,8.71,0.41,13.26,12.68,8.48,35.85,18.55,97.24,Needs Attention
7.0,8.26,2.44,16.18,8.2,25.32,38.11,18.44,28.92,Needs Attention
42.35,6.62,1.48,66.83,44.97,45.23,27.68,29.44,67.99,Healthy
74.52,6.24,0.73,27.86,24.51,40.46,29.54,42.26,90.52,Moderate
74.42,5.35,1.06,53.35,26.66,21.33,37.1,36.64,80.79,Moderate
19.28,7.43,2.59,15.26,31.15,43.48,32.85,35.51,84.55,Moderate
61.78,6.15,1.25,38.83,54.41,51.88,30.07,32.96,83.24,Healthy
58.48,6.24,1.47,47.53,36.55,72.0,26.9,22.44,65.11,Healthy
52.22,6.83,1.6,53.23,49.98,56.44,21.28,26.68,70.45,Healthy
89.76,8.56,0.34,32.46,11.69,30.0,16.16,35.25,92.32,Needs Attention
73.15,5.4,0.88,35.24,18.84,21.61,35.68,35.01,47.45,Moderate
44.01,6.55,1.93,78.45,43.28,53.97,26.46,28.18,73.58,Healthy
30.87,7.15,1.55,44.64,46.94,53.27,27.4,29.2,65.02,Healthy
16.08,8.31,0.52,19.86,10.05,16.6,37.59,39.44,97.35,Needs Attention
90.62,8.26,2.91,17.84,14.17,9.56,34.14,37.81,94.42,Needs Attention
36.2,8.06,1.81,38.54,25.94,21.52,31.64,31.03,41.94,Moderate
47.47,6.91,0.87,42.86,56.74,52.5,22.0,27.73,62.52,Healthy
41.19,6.11,1.72,65.16,30.17,58.51,24.61,23.12,62.55,Healthy
90.97,5.38,2.63,12.35,17.22,20.53,36.61,36.56,27.84,Needs Attention
61.53,5.75,2.32,32.77,21.02,29.59,29.95,31.69,45.22,Moderate
49.91,6.92,1.81,65.33,47.7,66.46,25.92,26.89,81.08,Healthy
71.94,8.03,1.04,33.47,16.16,26.07,33.7,31.79,55.06,Moderate
20.79,5.52,2.55,15.93,14.64,17.71,16.82,15.54,31.44,Needs Attention
40.19,6.54,1.4,61.29,26.79,48.57,26.22,31.2,71.33,Healthy
69.71,8.23,0.62,43.0,25.99,31.7,27.73,32.49,44.0,Moderate
69.71,7.09,1.29,52.91,23.39,43.88,21.33,28.76,80.62,Healthy
43.22,6.64,1.05,66.01,56.64,62.27,27.33,28.88,74.39,Healthy
11.31,8.28,0.5,24.52,16.29,21.65,37.2,37.75,20.0,Needs Attention
6.28,5.15,0.25,23.1,10.43,13.19,33.92,19.04,27.88,Needs Attention
71.62,5.93,0.56,7.41,22.85,36.05,31.49,35.65,85.58,Moderate
48.82,7.57,1.67,53.2,42.81,77.14,25.0,24.33,72.62,Healthy
52.48,6.84,1.42,74.45,40.6,49.49,28.99,24.67,88.15,Healthy
46.31,6.95,1.27,53.53,48.19,34.36,25.07,28.17,75.75,Healthy
50.31,6.29,1.77,58.73,41.1,60.29,21.37,25.15,73.53,Healthy
41.52,6.6,1.52,55.07,31.84,52.06,24.26,29.52,72.4,Healthy
33.81,6.73,1.69,67.53,42.26,67.7,24.94,26.41,73.84,Healthy
49.08,6.63,1.56,56.1,40.38,57.1,24.85,27.93,64.88,Healthy
10.66,5.13,2.73,18.68,14.17,16.91,31.81,34.78,28.64,Needs Attention
54.06,6.99,1.61,58.79,48.4,33.3,25.19,28.28,81.17,Healthy
44.11,6.69,1.66,51.01,46.31,60.22,27.14,27.42,100.0,Healthy
82.5,7.78,0.67,34.12,18.3,40.15,32.57,32.84,53.54,Moderate
46.73,6.37,1.42,66.24,31.11,51.83,26.17,19.56,88.69,Healthy
48.39,7.31,1.22,61.19,50.93,58.66,22.59,24.55,59.32,Healthy
81.89,7.43,2.17,28.33,19.33,21.76,33.79,38.07,46.74,Moderate
96.8,5.49,3.06,28.97,12.11,24.37,36.25,40.16,91.67,Needs Attention
20.22,4.85,0.34,20.16,10.1,15.06,16.69,16.7,23.09,Needs Attention
51.3,8.11,0.57,43.25,14.2,22.85,30.09,34.29,96.35,Moderate
69.26,7.25,1.74,65.64,54.11,37.63,27.93,24.03,66.92,Healthy
79.32,4.8,0.28,15.33,14.37,17.69,36.47,37.55,22.21,Needs Attention
37.25,6.89,1.38,51.2,39.82,53.09,22.94,27.57,70.44,Healthy
82.71,8.37,0.73,27.15,10.54,24.04,34.09,21.1,97.13,Needs Attention
59.25,6.77,1.15,59.21,53.01,43.05,23.98,27.51,82.79,Healthy
85.3,4.56,2.56,20.84,8.16,20.3,31.76,20.94,96.24,Needs Attention
65.75,6.09,2.31,22.37,25.36,13.1,37.24,33.65,39.98,Moderate
33.93,5.02,0.79,37.13,12.1,38.97,32.1,33.85,88.52,Moderate
47.33,6.57,1.82,63.92,49.17,46.16,24.63,28.21,67.05,Healthy
48.87,6.94,1.19,67.58,49.0,74.0,25.24,31.42,80.79,Healthy
26.06,8.08,2.63,36.7,20.24,23.33,30.81,32.98,81.57,Moderate
20.26,7.98,2.39,43.5,17.95,32.96,27.19,35.39,97.74,Moderate
39.56,7.7,2.03,32.03,3.54,28.42,33.49,32.43,87.89,Moderate
36.46,6.87,1.27,60.23,35.57,62.35,27.07,26.66,84.95,Healthy
34.92,5.65,2.14,30.86,32.09,22.14,27.74,31.83,96.99,Moderate
50.07,6.91,1.2,61.17,27.37,63.06,25.82,31.89,61.95,Healthy
33.29,8.35,0.66,23.7,17.98,49.7,31.41,35.9,80.42,Moderate
83.41,8.36,2.53,23.66,11.59,18.45,12.99,19.06,28.45,Needs Attention
61.22,7.67,1.07,33.33,10.77,34.9,33.17,32.55,98.04,Moderate
54.84,6.95,1.52,62.41,36.36,65.51,26.17,26.94,82.14,Healthy
22.03,8.05,2.41,30.42,24.03,34.38,34.91,37.3,36.49,Moderate
48.57,6.85,1.6,43.79,37.27,46.81,23.32,28.22,67.46,Healthy
91.03,8.6,2.62,25.84,11.13,13.51,14.74,33.61,100.0,Needs Attention
41.6,6.79,1.47,49.9,43.27,65.04,24.98,28.67,82.03,Healthy
54.24,6.35,1.32,52.54,41.28,49.96,21.64,22.82,76.94,Healthy
46.55,6.61,1.79,61.19,51.11,56.76,25.09,24.73,73.42,Healthy
56.14,6.84,1.5,53.26,41.35,57.09,22.89,23.61,79.09,Healthy
44.97,6.92,1.07,67.35,30.76,32.26,30.16,27.4,72.96,Healthy
66.17,5.39,2.18,27.56,12.45,31.81,31.24,34.73,85.26,Moderate
37.68,6.27,1.18,65.74,56.86,61.05,24.97,24.23,69.43,Healthy
85.4,5.0,2.74,28.75,15.25,14.22,36.27,40.76,35.94,Needs Attention
50.94,6.85,1.36,53.85,43.97,70.09,21.88,25.98,66.49,Healthy
51.22,6.61,1.51,46.63,50.47,53.87,22.83,26.5,67.26,Healthy
1.73,4.97,2.84,20.13,16.98,21.23,32.39,38.44,95.96,Needs Attention
60.58,7.66,0.78,40.89,16.09,21.67,30.15,30.22,88.76,Moderate
8.76,8.76,0.59,15.97,11.02,16.93,35.35,35.01,26.16,Needs Attention
77.58,5.16,2.77,26.54,15.32,30.12,17.85,36.31,96.85,Needs Attention
11.41,5.28,0.46,37.94,17.41,25.19,33.1,19.23,95.6,Needs Attention
86.67,9.33,2.55,26.28,13.9,19.18,34.43,38.72,94.93,Needs Attention
80.89,6.35,2.26,37.63,17.6,24.79,29.75,32.61,57.75,Moderate
90.78,8.72,0.43,10.34,11.65,6.66,33.72,20.64,27.85,Needs Attention
41.53,7.44,1.43,49.4,25.74,49.3,24.18,26.04,72.05,Healthy
69.91,7.89,0.8,34.91,29.71,27.23,33.63,33.47,35.16,Moderate
31.74,5.79,1.32,48.57,13.95,35.62,28.28,34.21,42.95,Moderate
73.28,7.93,2.43,38.65,21.63,26.01,31.79,38.13,87.25,Moderate
51.5,7.74,2.0,52.96,41.92,55.66,26.83,27.39,82.86,Healthy
83.61,7.68,2.6,37.94,26.73,23.82,28.69,31.14,46.58,Moderate
60.0,6.33,1.83,32.4,30.63,24.47,31.1,33.03,77.24,Moderate
35.61,6.63,1.57,50.23,41.09,48.37,21.91,28.67,66.14,Healthy
44.67,7.19,1.5,41.82,29.36,64.05,24.05,25.83,82.16,Healthy
48.01,6.41,1.15,55.2,31.44,22.34,21.56,23.34,72.26,Healthy
59.19,6.44,1.51,49.52,38.49,55.22,15.98,34.23,77.1,Healthy
86.41,5.59,0.42,40.97,30.7,41.0,33.75,34.88,90.24,Moderate
61.93,6.79,1.39,56.15,35.19,53.25,26.22,22.95,77.79,Healthy
12.42,4.95,0.37,16.83,16.92,22.89,15.11,18.58,95.11,Needs Attention
52.37,7.38,0.93,56.72,40.24,51.8,26.5,29.47,70.05,Healthy
49.72,6.55,2.06,55.6,37.01,46.58,28.94,22.08,75.23,Healthy
46.8,4.99,2.47,51.61,27.17,42.17,36.15,37.66,36.02,Moderate
81.6,8.76,2.82,24.42,7.26,5.95,20.19,31.4,92.87,Needs Attention
46.37,6.66,1.52,59.8,34.24,65.4,24.51,31.39,84.96,Healthy
86.4,5.01,0.38,35.28,6.72,34.19,37.54,20.65,96.55,Needs Attention
70.51,5.8,2.69,47.36,16.87,29.87,30.27,33.36,44.28,Moderate
87.69,8.36,2.88,20.17,4.3,21.73,35.56,37.55,28.85,Needs Attention
47.5,7.31,0.93,46.24,45.13,58.74,28.62,20.23,79.73,Healthy
7.85,8.26,0.64,32.36,12.61,26.81,16.17,36.78,96.05,Needs Attention
54.86,7.44,1.42,57.59,52.22,46.51,21.19,27.75,81.69,Healthy
22.27,5.02,0.41,19.27,3.8,19.83,13.51,17.57,35.1,Needs Attention
25.3,5.86,0.52,33.12,20.5,31.98,27.07,31.73,91.5,Moderate
23.88,5.63,0.47,42.21,9.96,51.16,31.76,31.43,27.77,Moderate
26.43,5.32,0.88,37.64,30.43,32.93,30.81,31.47,44.18,Moderate
42.86,6.93,2.07,59.83,40.29,51.16,25.7,22.17,87.31,Healthy
51.93,6.27,0.94,66.78,50.74,43.85,23.83,25.33,66.74,Healthy
59.67,5.58,0.71,47.3,21.95,39.88,30.11,32.14,91.38,Moderate
83.41,4.82,2.96,22.81,17.12,27.3,36.24,35.8,26.9,Needs Attention
14.64,8.1,0.31,21.47,14.44,6.96,13.03,39.45,34.22,Needs Attention
51.16,7.22,1.27,55.93,40.78,42.97,23.38,29.3,64.58,Healthy
46.27,6.9,1.42,38.8,39.88,43.98,27.45,29.91,51.45,Healthy
25.17,5.75,0.64,18.86,18.11,28.78,32.77,32.98,88.78,Moderate
84.0,5.04,0.41,24.89,20.5,15.47,15.43,18.69,94.39,Needs Attention
52.23,6.6,1.4,51.26,32.38,47.13,25.93,26.12,75.79,Healthy
52.1,7.23,1.47,66.13,48.1,54.67,22.46,27.59,82.86,Healthy
76.8,8.3,2.78,19.52,20.55,15.71,15.59,17.36,94.14,Needs Attention
20.11,5.77,1.04,39.05,18.36,31.87,31.21,34.44,41.47,Moderate
52.02,6.46,1.17,54.25,50.13,57.14,21.41,28.09,84.91,Healthy
47.18,6.48,1.59,63.12,32.36,40.94,29.23,29.58,72.78,Healthy
86.59,8.57,2.75,27.98,19.59,17.89,34.07,36.59,35.62,Needs Attention
32.07,5.77,0.69,39.32,17.19,22.4,33.69,36.34,43.55,Moderate
64.37,6.74,1.4,63.89,32.5,59.85,26.65,27.04,74.25,Healthy
65.34,5.22,2.56,45.72,25.06,15.57,28.98,32.3,36.25,Moderate
25.17,7.81,0.74,28.95,21.66,26.24,30.99,34.24,42.0,Moderate
30.77,5.12,2.08,26.47,14.34,34.38,35.44,32.99,52.5,Moderate
80.76,8.4,0.64,19.12,10.52,14.0,33.94,37.56,94.71,Needs Attention
50.83,6.63,1.0,58.34,29.87,46.34,22.33,24.85,66.1,Healthy
41.27,6.73,1.23,66.26,43.19,58.83,26.68,26.32,81.03,Healthy
44.55,6.82,0.8,57.67,48.74,58.02,25.25,28.95,81.93,Healthy
1.58,6.02,0.98,30.44,23.29,31.28,30.39,35.43,47.69,Moderate
16.88,6.01,0.86,50.69,39.3,29.34,32.39,32.62,91.24,Moderate
38.27,5.98,2.08,36.79,30.08,21.25,35.15,32.93,48.65,Moderate
80.02,5.82,0.97,14.23,26.87,30.2,31.18,33.73,89.35,Moderate
15.76,8.69,2.68,23.48,13.03,25.29,34.48,20.11,96.12,Needs Attention
37.65,6.78,1.43,58.38,41.13,51.68,27.98,30.73,91.29,Healthy
16.94,5.33,2.64,28.97,6.0,27.51,17.34,19.88,98.85,Needs Attention
34.52,5.66,2.44,45.96,33.2,41.42,36.53,36.53,98.73,Moderate
49.54,6.79,1.45,46.74,34.63,45.8,20.99,25.49,62.27,Healthy
29.6,5.64,2.24,32.59,25.49,47.9,32.63,28.44,38.85,Moderate
24.29,8.36,2.68,25.92,10.53,23.09,37.99,16.65,93.38,Needs Attention
49.2,6.83,1.22,72.45,36.33,41.01,22.58,28.99,65.71,Healthy
60.08,7.04,1.5,39.26,42.36,35.55,26.68,29.7,72.46,Healthy
40.64,5.52,1.74,42.68,22.54,16.59,35.0,33.16,77.41,Moderate
10.14,8.54,0.59,16.34,11.17,16.78,36.58,19.25,34.43,Needs Attention
23.2,7.79,1.95,37.64,23.56,34.55,31.08,34.53,100.0,Moderate
49.13,6.61,1.46,54.13,49.01,60.86,27.22,27.55,67.89,Healthy
96.32,4.52,2.6,12.02,12.85,11.11,36.44,19.55,93.54,Needs Attention
44.69,6.59,1.42,49.94,43.34,56.49,17.7,28.92,73.14,Healthy
53.47,6.74,1.5,64.85,41.24,58.5,22.39,23.33,76.3,Healthy
10.24,4.85,2.56,12.79,19.69,18.28,17.33,22.67,35.56,Needs Attention
78.47,5.64,1.81,43.57,22.16,21.39,30.96,36.59,47.87,Moderate
72.18,7.21,2.1,21.59,20.34,32.65,34.3,31.15,45.1,Moderate
83.58,8.79,2.83,23.37,13.13,23.82,14.55,21.94,35.17,Needs Attention
61.08,6.97,1.5,69.42,32.67,59.13,26.24,31.5,59.66,Healthy
24.75,5.47,0.56,41.4,30.41,28.96,31.96,31.18,46.61,Moderate
14.21,4.95,0.42,16.12,9.19,10.32,12.62,35.57,37.23,Needs Attention
85.55,8.81,0.34,36.05,15.62,25.47,13.13,37.91,94.92,Needs Attention
72.38,7.97,2.25,52.4,12.99,31.24,31.43,34.24,52.98,Moderate
52.69,6.66,0.86,61.68,21.77,32.77,24.1,27.79,67.94,Healthy
73.0,7.85,2.12,50.78,29.17,27.73,29.3,34.85,76.95,Moderate
26.83,7.77,2.18,21.35,9.41,13.9,30.97,36.08,86.27,Moderate
48.58,6.32,1.37,60.91,53.89,44.28,24.29,29.73,83.34,Healthy
85.92,8.39,0.36,11.92,15.97,24.69,14.52,39.94,33.16,Needs Attention
25.66,5.86,0.98,41.34,28.76,22.13,29.4,33.86,45.14,Moderate
42.55,6.97,1.54,38.54,45.06,36.32,27.89,27.63,67.83,Healthy
55.37,6.85,1.26,72.89,41.67,37.76,26.86,24.98,68.31,Healthy
36.19,5.11,1.31,13.33,28.58,45.66,34.36,33.8,87.39,Moderate
7.11,8.61,2.48,16.66,13.28,23.94,16.47,38.41,20.01,Needs Attention
48.91,7.2,1.45,71.95,41.78,40.42,26.59,25.91,68.0,Healthy
9.71,5.08,0.35,6.45,12.67,18.27,35.36,16.57,97.72,Needs Attention
8.24,4.94,0.43,20.54,15.05,25.93,34.88,40.51,24.27,Needs Attention
69.86,6.08,1.48,76.88,28.81,48.35,27.13,23.82,76.25,Healthy
15.63,5.35,0.35,17.62,17.15,17.11,12.34,19.12,95.72,Needs Attention
61.86,6.35,1.63,43.73,60.46,38.47,24.61,30.64,65.67,Healthy
74.73,7.85,1.96,13.01,17.32,42.66,35.53,36.35,39.47,Moderate
51.29,6.84,1.64,63.12,51.88,63.79,24.65,27.47,74.02,Healthy
55.02,7.0,1.25,57.45,33.09,78.08,22.15,27.76,76.01,Healthy
93.88,8.59,0.61,27.17,15.37,16.26,34.59,17.63,93.91,Needs Attention
45.68,6.56,1.39,49.9,34.93,56.5,29.68,25.94,81.21,Healthy
53.64,6.51,2.0,64.02,35.13,37.93,26.24,31.15,75.48,Healthy
66.06,6.99,1.1,47.68,52.82,52.88,23.81,24.66,69.14,Healthy
93.36,8.99,0.5,22.72,15.6,13.86,35.3,18.57,26.47,Needs Attention
49.18,6.51,1.34,35.66,46.42,41.78,23.27,23.82,77.13,Healthy
14.19,7.9,0.95,49.31,23.22,22.67,32.49,30.33,80.38,Moderate
74.78,7.55,0.8,40.25,19.71,31.44,37.62,31.61,49.75,Moderate
55.72,6.74,1.18,30.03,60.06,52.73,17.14,27.91,78.21,Healthy
7.42,8.65,2.6,13.4,7.6,23.02,32.49,17.76,34.53,Needs Attention
47.15,7.01,1.8,70.16,37.6,50.35,23.73,30.17,68.5,Healthy
44.02,7.57,1.92,32.1,17.81,25.39,31.37,36.25,94.48,Moderate
44.07,6.94,1.42,55.02,40.13,56.11,24.52,27.83,71.28,Healthy
88.33,8.54,0.54,26.94,9.98,20.65,16.09,34.94,33.41,Needs Attention
91.25,7.7,2.71,22.12,24.98,32.99,32.83,37.09,41.84,Moderate
52.39,6.79,1.32,60.75,53.47,52.81,23.84,27.3,72.39,Healthy
16.72,5.0,0.34,26.84,15.31,23.28,34.13,38.28,36.22,Needs Attention
52.43,6.82,1.5,74.49,42.02,53.2,23.61,28.61,76.01,Healthy
44.48,6.77,1.67,54.37,47.43,66.01,25.58,28.58,66.65,Healthy
26.64,4.99,2.4,26.39,20.32,35.75,35.8,30.77,81.38,Moderate
40.89,6.76,1.7,53.22,45.16,51.5,27.2,25.61,86.0,Healthy
60.49,6.68,1.49,63.74,34.07,53.94,25.19,22.34,74.27,Healthy
37.3,6.13,1.05,43.58,17.39,52.03,32.49,28.52,82.96,Moderate
75.43,5.66,1.66,34.58,21.9,39.15,30.71,30.94,77.09,Moderate
49.49,7.28,1.54,65.56,43.0,57.41,26.03,30.9,84.87,Healthy
36.12,7.39,1.19,52.66,37.35,46.96,22.68,28.39,76.27,Healthy
38.37,7.05,1.35,43.97,19.94,61.03,22.35,23.27,77.75,Healthy
36.62,5.7,1.21,26.45,30.32,24.85,32.52,34.71,43.76,Moderate
91.92,8.64,0.62,34.09,4.65,14.79,13.93,21.88,95.42,Needs Attention
17.88,4.99,0.52,32.92,16.52,2.66,15.58,37.01,93.91,Needs Attention
44.54,6.36,1.59,47.98,37.5,44.35,27.82,24.87,61.19,Healthy
63.98,5.9,2.11,44.55,17.64,30.45,36.23,30.66,95.18,Moderate
55.78,6.69,1.48,65.55,40.44,54.71,25.26,33.75,58.13,Healthy
59.53,7.05,1.82,51.27,34.57,48.67,22.14,23.04,76.22,Healthy
96.58,8.83,0.55,31.2,8.45,30.71,34.13,36.55,27.92,Needs Attention
74.37,5.86,2.24,25.47,20.42,35.72,33.69,37.63,46.58,Moderate
9.23,8.29,2.74,17.57,12.46,6.76,37.17,38.54,29.14,Needs Attention
60.92,6.86,1.49,66.48,31.67,38.21,24.56,25.18,90.66,Healthy
92.12,8.54,2.78,23.85,7.29,15.36,18.26,34.18,22.53,Needs Attention
41.35,7.53,1.21,62.63,34.11,50.32,24.96,29.58,81.18,Healthy
58.47,6.92,1.69,45.13,39.03,51.61,23.89,28.33,77.71,Healthy
19.65,5.23,0.91,20.96,22.51,24.0,29.33,32.44,49.25,Moderate
48.59,6.71,1.54,59.11,52.46,42.11,24.74,29.11,60.81,Healthy
34.36,6.23,1.46,39.42,12.55,47.69,34.75,34.95,79.68,Moderate
78.99,8.04,2.57,31.64,34.64,33.12,33.27,32.85,49.26,Moderate
9.12,4.94,2.77,24.39,14.88,17.97,35.62,37.07,93.55,Needs Attention
30.78,7.87,2.2,34.52,15.7,33.14,32.65,33.58,44.02,Moderate
60.28,5.55,1.23,50.87,22.0,41.19,35.79,33.96,45.62,Moderate
54.31,6.93,1.86,78.36,38.13,58.73,24.71,25.1,74.44,Healthy
76.64,7.63,2.29,42.41,25.46,32.29,35.16,38.76,44.75,Moderate
84.14,5.13,0.55,31.35,13.99,13.5,15.04,36.93,96.36,Needs Attention
89.38,8.11,0.44,22.57,16.31,15.94,17.56,17.21,26.52,Needs Attention
43.91,6.58,1.18,42.7,49.46,55.56,24.73,24.38,71.33,Healthy
51.1,6.86,1.19,42.84,27.44,72.83,22.43,27.2,76.14,Healthy
89.82,4.8,2.88,19.42,13.11,11.99,16.05,19.61,94.57,Needs Attention
58.38,6.95,1.85,62.02,39.99,28.46,25.54,28.79,82.33,Healthy
14.87,4.8,0.44,20.66,12.28,11.01,30.56,34.16,37.07,Needs Attention
88.55,9.03,0.22,22.84,13.37,20.59,35.6,38.64,99.53,Needs Attention
67.71,5.8,0.49,34.55,21.61,22.81,31.45,35.09,35.12,Moderate
86.21,7.72,0.99,23.73,34.76,31.65,33.03,35.16,45.85,Moderate
79.68,5.07,0.56,22.14,9.25,23.58,14.15,38.53,93.31,Needs Attention
79.35,7.17,2.24,37.61,10.94,31.25,34.06,36.5,91.07,Moderate
43.98,6.92,1.5,61.93,45.64,50.29,24.08,31.45,63.5,Healthy
36.5,6.97,1.59,91.49,48.21,55.31,25.14,26.05,73.17,Healthy
30.84,5.57,1.97,30.9,39.95,34.06,33.5,34.0,93.51,Moderate
4.79,5.28,2.5,28.58,8.44,17.04,15.19,34.41,95.57,Needs Attention
52.3,5.41,0.3,31.88,32.18,36.71,31.16,29.14,97.72,Moderate
88.06,8.73,2.68,25.66,2.48,21.86,15.88,21.04,31.99,Needs Attention
8.01,7.96,0.49,13.03,19.19,21.31,32.95,33.39,95.1,Needs Attention
23.6,8.14,0.96,34.12,14.6,43.97,33.49,34.83,75.45,Moderate
28.55,6.0,1.85,39.53,18.39,29.6,33.37,36.15,72.45,Moderate
73.61,5.65,2.35,27.78,22.83,17.44,32.64,34.25,56.94,Moderate
29.92,5.71,1.07,28.95,29.16,17.8,33.37,32.39,44.91,Moderate
38.88,6.59,1.42,58.11,38.29,57.91,22.72,24.22,61.16,Healthy
71.82,7.65,2.24,28.7,27.83,31.31,34.1,31.56,48.51,Moderate
70.23,7.59,2.15,35.21,25.78,29.33,33.35,36.96,92.39,Moderate
63.66,9.35,1.11,38.72,16.07,38.96,29.25,30.97,94.83,Moderate
62.68,6.95,1.66,39.28,44.04,70.88,25.35,26.87,70.13,Healthy
41.75,6.32,1.14,68.22,43.19,66.74,23.2,23.33,86.01,Healthy
21.07,5.38,0.78,31.95,10.98,24.76,29.42,33.11,88.99,Moderate
3.97,4.93,0.53,18.12,9.16,24.48,18.27,23.13,93.28,Needs Attention
68.26,6.3,2.34,41.19,19.63,32.43,32.69,30.63,46.21,Moderate
40.81,7.17,1.44,48.65,48.99,36.55,23.11,25.28,91.3,Healthy
61.57,5.88,2.33,43.75,22.19,43.13,28.92,33.83,53.69,Moderate
82.96,5.09,2.91,22.1,18.39,7.13,19.42,17.35,29.18,Needs Attention
67.85,5.51,1.87,34.09,8.96,28.62,28.52,38.1,37.59,Moderate
9.6,8.92,0.49,19.76,16.78,17.06,38.73,16.86,27.5,Needs Attention
65.77,6.74,1.43,66.73,33.27,63.34,24.41,22.85,67.23,Healthy
57.29,6.68,1.59,50.99,44.3,46.93,25.65,28.14,72.62,Healthy
51.1,6.83,1.4,60.47,42.06,38.84,25.22,28.68,57.63,Healthy
42.94,6.56,1.94,52.67,53.77,47.85,23.7,27.23,70.42,Healthy
34.73,6.13,0.78,25.81,19.41,25.61,31.94,34.07,40.49,Moderate
36.43,7.65,2.04,28.78,16.52,46.25,32.59,34.49,32.03,Moderate
29.79,7.81,2.22,31.51,18.41,34.73,35.95,34.82,56.05,Moderate
42.87,6.66,1.39,42.38,49.47,50.17,24.07,28.12,57.96,Healthy
6.35,4.82,2.5,18.98,17.18,22.19,17.7,37.27,97.44,Needs Attention
84.34,4.93,2.9,16.24,4.96,13.73,36.66,20.84,22.6,Needs Attention
11.15,8.04,2.2,29.23,28.58,26.99,32.77,34.49,38.83,Moderate
88.29,5.66,2.51,21.83,10.94,16.53,15.35,36.83,97.67,Needs Attention
91.68,5.18,0.43,16.1,6.73,24.89,35.04,17.78,28.8,Needs Attention
64.92,5.69,1.78,41.49,18.17,33.64,35.1,30.73,86.81,Moderate
90.13,4.97,2.94,28.54,19.11,14.06,17.64,21.07,32.01,Needs Attention
50.82,6.78,1.77,66.52,34.08,57.05,22.63,19.16,87.53,Healthy
38.65,6.87,1.43,38.55,31.8,61.56,27.89,27.42,81.7,Healthy
17.17,7.93,2.08,37.5,31.73,24.76,32.22,36.4,87.89,Moderate
40.82,5.84,0.83,21.06,23.76,30.85,29.85,31.28,78.5,Moderate
70.27,8.3,0.89,20.81,20.85,30.48,30.87,31.54,55.3,Moderate
33.11,6.01,1.14,28.18,11.37,47.97,28.13,31.98,41.81,Moderate
48.55,6.66,1.2,64.13,31.68,43.83,21.51,26.02,72.23,Healthy
51.38,6.32,1.43,58.98,32.31,55.52,22.57,25.58,78.23,Healthy
34.67,7.35,1.44,46.96,41.02,51.19,25.55,25.98,74.83,Healthy
71.28,7.66,1.09,42.8,19.0,24.81,34.2,34.75,81.22,Moderate
6.22,4.69,0.53,19.06,15.39,11.07,17.46,20.2,29.49,Needs Attention
67.32,5.99,2.15,39.83,27.88,16.8,31.77,35.15,54.41,Moderate
7.45,5.12,2.83,11.98,12.96,19.37,36.44,39.94,37.51,Needs Attention
63.7,7.82,0.89,34.72,26.02,27.15,31.81,35.05,94.2,Moderate
93.13,8.38,0.52,17.21,10.34,21.53,14.64,18.17,98.54,Needs Attention
59.09,6.87,1.27,52.49,25.57,48.32,26.15,28.9,77.55,Healthy
53.09,6.19,1.77,47.17,35.68,53.88,22.88,21.18,60.88,Healthy
92.19,8.9,2.64,14.34,16.99,25.68,15.85,18.98,96.71,Needs Attention
50.48,6.82,1.52,58.98,44.46,55.77,24.06,23.49,71.77,Healthy
45.66,7.12,2.17,43.0,39.69,58.67,20.42,22.42,80.58,Healthy
47.57,7.22,1.11,53.97,49.03,49.89,23.79,26.2,73.05,Healthy
4.14,8.36,0.29,15.77,16.15,15.79,12.93,38.73,25.27,Needs Attention
42.0,6.55,1.6,68.39,39.26,57.92,25.77,26.83,71.27,Healthy
81.13,8.64,0.18,16.16,16.94,10.1,38.29,16.7,30.46,Needs Attention
52.81,6.44,1.51,54.54,47.33,61.45,23.73,21.51,81.09,Healthy
87.02,8.41,2.77,24.8,11.34,20.93,16.13,37.82,95.91,Needs Attention
54.19,6.09,1.1,71.32,48.84,56.44,27.32,23.77,86.87,Healthy
83.6,5.81,1.71,39.92,8.53,28.67,34.76,32.67,93.6,Moderate
78.08,7.91,1.73,42.25,29.53,15.43,30.97,33.05,82.74,Moderate
89.87,8.41,2.49,23.0,14.61,15.68,14.79,32.37,96.49,Needs Attention
32.13,4.97,1.98,39.68,20.59,29.0,32.13,31.15,43.18,Moderate
53.75,7.3,1.2,41.3,37.79,45.15,24.44,28.61,74.94,Healthy
21.38,5.61,0.87,11.07,9.32,47.77,31.1,34.6,97.91,Moderate
51.2,6.5,1.33,48.04,35.96,46.75,24.21,24.98,65.55,Healthy
67.1,5.89,1.96,32.16,29.74,16.35,31.09,37.27,96.78,Moderate
52.66,7.99,2.17,39.98,12.36,21.65,25.81,33.66,38.68,Moderate
66.36,8.45,0.73,31.44,26.61,20.35,31.96,31.66,31.39,Moderate
54.47,7.29,0.97,61.92,39.27,49.03,25.32,31.14,74.31,Healthy
42.69,6.66,1.66,47.76,41.67,51.45,22.6,26.12,57.85,Healthy
42.74,6.17,1.35,60.8,43.32,51.71,24.35,25.38,77.71,Healthy
48.03,7.37,1.55,60.19,31.86,35.61,21.43,21.96,72.68,Healthy
66.26,5.63,2.31,33.75,26.85,27.72,27.69,31.56,37.81,Moderate
31.03,7.86,2.17,30.4,15.47,24.98,30.97,36.48,81.5,Moderate
61.76,6.55,1.29,57.48,42.81,50.46,27.12,24.6,73.08,Healthy
44.12,6.97,1.2,39.42,42.43,45.66,24.46,30.85,72.64,Healthy
65.02,7.99,2.13,42.86,34.09,14.71,35.08,34.05,54.46,Moderate
24.47,7.98,1.94,30.63,27.16,35.04,30.81,27.47,41.62,Moderate
86.66,8.36,0.44,18.86,11.26,16.09,15.12,40.15,33.05,Needs Attention
54.52,6.9,1.27,53.44,37.97,52.96,23.87,30.31,63.36,Healthy
27.29,6.86,1.58,50.5,41.24,57.02,21.42,29.53,74.68,Healthy
48.1,6.6,1.37,44.96,51.23,37.77,24.0,30.14,71.73,Healthy
80.51,7.6,2.1,52.13,24.87,29.29,36.46,33.12,49.92,Moderate
72.35,7.74,2.31,36.72,14.79,34.94,31.87,35.98,92.13,Moderate
51.23,7.08,1.31,56.17,45.17,48.79,24.02,30.34,72.21,Healthy
45.36,6.8,1.26,54.7,24.91,48.29,27.06,29.12,71.22,Healthy
88.87,8.74,2.65,19.56,11.51,10.28,15.38,17.83,98.51,Needs Attention
29.99,7.44,2.33,35.88,17.63,22.97,34.15,33.6,78.53,Moderate
52.62,6.15,1.82,63.15,33.08,46.15,20.24,26.06,67.66,Healthy
57.33,6.69,0.88,46.41,45.06,48.79,24.22,28.84,82.19,Healthy
4.04,5.19,0.32,17.0,13.27,16.62,15.98,33.82,95.49,Needs Attention
53.99,6.82,1.62,86.42,41.76,51.04,25.37,23.43,78.79,Healthy
47.41,6.32,1.54,76.65,40.12,61.99,23.97,29.77,70.65,Healthy
35.51,7.86,2.33,47.32,34.62,39.38,32.2,36.0,49.26,Moderate
56.05,6.42,1.28,59.51,47.04,49.71,22.07,29.37,61.95,Healthy
86.27,8.88,0.48,14.42,11.89,17.09,17.36,40.82,36.83,Needs Attention
80.35,4.62,0.42,25.37,12.7,12.52,14.64,18.12,97.9,Needs Attention
31.07,5.39,0.93,22.03,25.32,21.01,30.93,34.1,45.58,Moderate
62.98,5.13,1.02,40.86,26.85,33.13,34.88,31.52,85.18,Moderate
68.82,5.47,2.28,20.13,23.55,24.95,34.14,35.37,76.75,Moderate
46.96,6.81,1.9,52.58,33.35,45.53,29.89,25.62,74.34,Healthy
65.21,7.0,2.33,36.88,18.35,31.75,28.98,35.23,79.12,Moderate
54.96,6.95,1.35,53.82,48.95,46.79,23.15,29.79,71.83,Healthy
45.75,6.66,0.95,62.73,29.05,58.66,27.06,26.79,62.42,Healthy
54.62,6.2,1.75,57.07,29.69,50.12,25.91,23.55,64.9,Healthy
88.22,8.04,0.46,17.94,8.09,12.15,35.58,21.78,95.74,Needs Attention
77.9,5.03,0.19,23.54,13.92,21.14,15.26,18.83,26.21,Needs Attention
56.07,5.71,2.05,45.55,25.73,32.11,29.36,37.13,45.66,Moderate
8.9,5.03,0.28,26.52,11.5,27.38,13.48,22.73,94.39,Needs Attention
54.23,6.7,1.46,70.75,50.66,35.54,26.12,27.68,67.85,Healthy
52.45,6.77,1.78,77.01,36.82,51.93,26.55,27.92,63.44,Healthy
78.24,5.47,0.6,34.56,17.09,21.87,32.13,37.36,80.07,Moderate
39.11,8.09,1.97,34.43,9.32,38.38,31.27,32.81,43.83,Moderate
90.46,5.21,0.1,17.73,10.87,23.86,33.98,40.07,100.0,Needs Attention
51.68,6.92,1.17,40.36,32.69,38.49,20.99,31.71,51.6,Healthy
29.45,5.51,1.97,26.67,20.43,20.37,32.4,33.24,78.81,Moderate
55.93,6.76,1.29,61.6,41.63,47.99,25.47,28.54,78.19,Healthy
75.04,5.7,2.13,48.78,22.59,25.16,30.92,36.22,100.0,Moderate
70.02,5.37,0.8,22.04,31.38,45.07,34.55,36.17,80.67,Moderate
54.14,6.75,1.2,61.79,35.07,49.64,24.6,20.92,68.12,Healthy
38.39,6.79,1.05,36.46,44.9,40.96,25.59,27.51,73.32,Healthy
44.85,7.34,1.46,45.87,33.48,43.04,24.79,24.91,67.54,Healthy
56.16,6.79,1.62,68.59,37.75,51.3,25.73,25.15,72.4,Healthy
12.97,5.04,0.35,23.24,17.85,11.57,15.36,35.01,94.84,Needs Attention
7.52,9.17,2.74,11.94,14.93,22.08,15.07,38.55,29.11,Needs Attention
30.92,8.15,0.72,36.51,23.51,32.35,28.84,31.04,33.97,Moderate
46.05,6.26,1.38,42.61,40.23,56.67,22.87,26.04,73.98,Healthy
59.86,7.04,1.46,55.39,40.0,59.07,24.63,25.0,67.35,Healthy
55.13,7.08,1.51,49.47,30.16,57.51,26.29,23.65,60.74,Healthy
20.99,7.86,1.12,14.36,24.04,47.97,31.54,33.99,48.53,Moderate
38.06,5.85,2.17,26.6,33.18,34.8,31.25,32.02,87.51,Moderate
51.79,7.47,1.27,52.14,31.51,63.84,26.82,25.66,66.61,Healthy
66.58,5.64,0.84,42.4,29.31,33.47,33.71,39.06,95.53,Moderate
84.86,8.25,0.27,14.05,11.09,21.6,33.68,16.39,34.45,Needs Attention
68.53,5.21,2.52,42.5,22.16,51.5,30.56,33.78,85.17,Moderate
68.36,8.05,2.01,40.83,14.47,39.41,31.14,36.19,87.58,Moderate
27.48,5.64,1.07,38.63,20.26,36.69,32.24,37.33,54.27,Moderate
90.09,8.01,2.71,11.19,16.21,28.77,12.56,38.75,21.78,Needs Attention
31.81,5.5,2.7,47.43,19.36,24.77,28.02,39.39,96.73,Moderate
58.45,7.05,1.06,56.14,42.03,44.65,20.35,23.14,85.5,Healthy
34.04,8.08,0.82,39.04,23.44,29.01,31.84,32.65,91.9,Moderate
35.66,8.14,2.74,24.21,22.79,28.71,31.19,32.86,53.32,Moderate
75.1,7.5,1.88,37.73,23.58,46.54,31.36,36.38,46.06,Moderate
60.21,6.23,1.46,58.62,33.75,56.38,28.15,29.68,84.12,Healthy
46.95,6.71,1.49,80.18,40.07,62.94,23.0,26.22,72.11,Healthy
66.32,5.96,0.58,32.17,12.22,24.15,35.39,31.28,100.0,Moderate
60.35,6.08,1.55,56.96,38.37,52.31,22.37,28.34,72.55,Healthy
40.42,6.37,1.91,50.93,40.8,49.56,24.98,27.21,60.7,Healthy
33.33,5.73,2.32,37.63,24.37,24.21,36.98,31.28,86.4,Moderate
88.79,8.4,2.72,16.5,9.99,16.78,34.81,15.15,95.82,Needs Attention
49.34,6.83,1.3,56.69,44.2,60.85,21.51,24.62,78.78,Healthy
50.36,5.89,1.68,62.5,42.27,39.54,29.45,31.56,74.65,Healthy
87.28,4.91,0.49,12.79,4.75,24.1,14.11,17.78,27.15,Needs Attention
26.51,7.61,0.74,26.63,25.76,23.82,31.18,34.27,41.56,Moderate
66.28,6.31,1.58,45.78,52.51,54.93,22.78,22.5,68.85,Healthy
21.68,5.04,2.81,15.66,15.62,13.73,10.83,19.63,96.17,Needs Attention
87.5,8.32,0.53,28.87,14.03,16.6,37.88,40.6,23.57,Needs Attention
40.81,6.95,1.27,51.14,47.08,42.05,26.71,27.3,57.17,Healthy
50.26,6.66,0.92,38.53,53.18,46.14,26.91,22.19,62.58,Healthy
37.39,8.28,1.06,24.74,34.17,32.76,25.13,38.15,85.23,Moderate
23.35,8.1,2.18,20.88,38.28,31.57,33.25,32.65,58.39,Moderate
45.23,6.93,1.74,36.36,40.7,47.13,19.69,22.99,66.89,Healthy
59.66,7.08,1.52,63.96,40.79,40.95,22.24,25.18,84.61,Healthy
51.97,6.8,1.6,53.04,35.21,61.31,24.51,25.29,70.4,Healthy
40.55,7.34,1.34,46.33,39.62,64.64,22.59,26.87,55.31,Healthy
61.78,6.53,1.18,61.74,41.16,53.43,27.04,27.32,74.82,Healthy
51.33,6.39,1.27,57.75,37.08,60.21,23.45,29.66,68.74,Healthy
37.26,6.77,1.55,43.7,46.22,58.01,23.13,26.48,54.45,Healthy
65.35,6.92,1.59,55.61,39.14,50.79,23.58,27.38,77.62,Healthy
40.34,7.06,1.59,67.8,37.64,50.09,20.75,23.91,80.54,Healthy
79.28,5.36,0.82,33.43,19.21,22.6,32.09,33.12,45.66,Moderate
50.8,6.51,2.02,44.55,43.93,46.17,24.15,31.97,73.01,Healthy
32.19,7.95,1.05,30.76,23.59,26.03,29.66,34.43,93.6,Moderate
20.53,5.7,0.49,39.47,10.63,26.05,31.8,35.12,55.98,Moderate
41.74,6.28,1.58,31.33,47.86,60.14,23.36,29.75,62.17,Healthy
39.6,7.01,1.48,65.12,40.09,56.64,19.92,24.32,78.66,Healthy
59.89,7.36,1.79,72.66,39.67,39.11,30.71,27.19,83.06,Healthy
57.26,6.41,1.36,74.44,24.55,47.48,21.82,26.41,68.09,Healthy
39.5,6.9,1.68,52.99,32.25,47.26,22.09,26.7,72.92,Healthy
33.16,7.66,1.87,30.44,28.73,38.85,33.92,36.4,40.5,Moderate
38.59,6.57,1.43,59.96,23.12,39.43,24.46,30.04,68.23,Healthy
51.02,6.24,1.38,61.74,53.23,41.11,26.48,23.77,60.56,Healthy
49.53,6.75,1.27,47.37,46.37,39.29,22.95,25.05,75.82,Healthy
45.68,6.91,1.08,50.01,30.26,52.16,24.35,30.62,71.11,Healthy
52.58,7.12,1.44,58.52,43.6,50.98,21.12,25.77,69.67,Healthy
44.5,6.42,1.55,70.03,38.42,62.3,23.07,26.7,88.06,Healthy
29.13,6.81,1.99,61.2,63.71,50.47,25.05,26.69,72.54,Healthy
39.55,6.81,1.59,37.34,37.43,68.18,23.96,31.47,77.84,Healthy
29.94,7.46,2.57,27.47,19.04,24.6,33.03,34.7,41.24,Moderate
81.14,6.03,1.98,53.62,14.4,27.51,27.25,31.89,83.31,Moderate
34.91,6.12,1.99,43.78,19.82,24.69,34.23,37.62,37.97,Moderate
33.56,5.52,1.2,18.55,23.35,35.02,26.22,31.27,50.83,Moderate
50.85,6.47,1.39,42.74,38.52,52.01,29.02,31.05,62.69,Healthy
86.11,4.54,2.61,11.98,14.53,16.27,35.5,20.86,29.86,Needs Attention
35.44,7.71,1.17,31.85,21.84,22.79,36.66,34.39,45.21,Moderate
18.09,6.02,2.28,27.34,36.94,46.77,30.73,39.85,83.48,Moderate
42.06,6.36,1.7,37.64,41.24,66.31,26.28,29.12,71.55,Healthy
35.8,7.08,1.45,57.06,41.18,37.54,27.31,25.71,64.49,Healthy
57.4,6.99,1.34,63.92,42.63,51.67,27.37,25.02,72.47,Healthy
72.0,7.7,0.61,46.92,27.82,23.08,35.01,31.23,90.33,Moderate
25.71,5.78,1.84,27.84,16.74,38.48,34.53,31.38,49.56,Moderate
42.33,7.45,1.59,48.8,50.84,40.84,24.52,27.35,68.31,Healthy
92.15,4.93,2.83,13.64,15.16,25.05,15.78,17.0,100.0,Needs Attention
47.89,6.87,1.57,52.78,55.07,56.22,25.83,32.28,67.96,Healthy
52.05,6.41,1.3,58.5,41.34,56.83,23.04,28.04,80.55,Healthy
74.21,7.64,1.89,35.15,20.3,31.37,29.53,35.09,38.2,Moderate
59.28,6.82,1.43,59.58,29.67,55.38,26.62,29.97,59.83,Healthy
50.73,7.16,0.97,77.45,42.73,49.32,26.76,27.43,61.67,Healthy
58.55,6.83,1.46,51.64,35.44,46.77,25.06,25.54,55.59,Healthy
56.34,6.37,1.46,62.57,35.65,54.32,21.1,28.18,85.01,Healthy
29.05,5.09,1.95,22.22,32.99,37.79,34.56,35.26,51.18,Moderate
45.2,6.94,1.3,45.87,40.42,63.1,25.78,30.02,80.27,Healthy
52.07,7.16,1.0,45.45,39.44,28.79,23.97,29.54,75.57,Healthy
58.62,6.98,1.04,59.69,31.0,47.49,23.75,29.56,72.75,Healthy
37.81,6.63,1.28,57.22,40.39,52.91,23.04,23.44,59.02,Healthy
57.49,5.39,2.04,38.06,21.89,39.91,33.36,31.4,81.97,Moderate
41.12,7.8,2.38,26.33,28.85,26.36,31.6,38.11,50.05,Moderate
35.67,6.41,1.44,51.89,49.01,64.97,21.7,27.18,86.24,Healthy
51.49,6.21,1.31,68.09,34.27,60.15,18.67,25.32,70.46,Healthy
22.35,8.24,0.45,17.34,9.84,15.72,35.16,21.58,95.64,Needs Attention
11.16,4.89,2.74,22.68,11.6,21.77,32.03,36.49,32.47,Needs Attention
58.71,8.1,2.24,22.45,24.04,37.69,28.1,34.63,78.66,Moderate
59.08,6.67,1.56,60.09,28.22,59.45,27.98,29.07,67.47,Healthy
55.56,6.48,1.23,54.07,47.94,54.15,24.25,22.7,61.72,Healthy
50.86,6.49,1.39,59.27,39.58,41.88,25.59,22.3,72.77,Healthy
82.26,8.78,2.83,16.57,3.22,17.15,11.67,37.28,99.72,Needs Attention
63.72,5.56,0.86,38.4,26.55,33.7,35.02,34.12,51.11,Moderate
83.4,8.07,0.36,13.54,12.54,33.43,19.19,16.98,100.0,Needs Attention
43.58,7.58,2.24,26.03,21.05,25.29,31.0,30.49,53.43,Moderate
48.46,6.3,1.39,72.82,37.43,38.34,22.8,22.17,60.34,Healthy
91.08,5.19,2.76,21.97,14.28,26.48,17.87,16.66,31.26,Needs Attention
24.43,6.22,2.51,32.41,30.33,34.26,33.39,30.41,95.49,Moderate
56.52,7.21,1.3,58.3,31.15,50.71,28.36,30.24,73.22,Healthy
38.91,7.48,1.66,52.5,30.9,61.49,21.95,29.4,81.62,Healthy
46.65,6.96,1.83,44.29,30.4,52.17,27.23,28.33,82.62,Healthy
94.91,4.75,0.48,22.51,12.47,11.49,15.13,20.67,30.4,Needs Attention
40.21,6.92,1.91,50.62,38.17,35.94,24.21,27.48,89.76,Healthy
14.76,5.0,0.44,19.69,8.79,22.86,15.84,37.83,94.2,Needs Attention
31.44,8.25,1.0,35.43,25.67,34.67,29.68,34.93,53.09,Moderate
73.55,5.26,1.15,26.49,24.33,35.63,32.4,34.74,88.97,Moderate
26.03,6.02,0.77,25.3,11.71,32.79,36.03,34.51,89.58,Moderate
82.6,8.63,2.72,17.46,6.58,33.55,35.6,19.57,96.28,Needs Attention
10.25,5.23,2.81,20.3,15.79,18.93,13.96,37.02,96.43,Needs Attention
49.3,7.03,1.62,50.27,32.68,58.55,23.74,29.81,70.4,Healthy
87.34,8.26,0.47,12.82,11.1,16.91,36.33,18.33,93.0,Needs Attention
38.85,7.31,1.52,55.75,46.06,56.71,25.19,29.05,73.21,Healthy
78.51,8.31,1.95,28.88,21.48,31.37,30.15,31.52,76.03,Moderate
45.25,7.17,1.78,68.5,38.56,77.47,24.88,27.72,71.8,Healthy
6.82,5.0,0.47,19.95,14.69,16.86,18.3,41.24,32.76,Needs Attention
50.04,6.7,1.37,50.85,32.05,53.11,27.5,29.44,75.49,Healthy
30.89,8.18,2.25,27.77,20.72,40.47,30.24,31.43,37.09,Moderate
63.15,7.02,1.44,70.06,40.38,49.34,22.98,27.29,81.05,Healthy
34.84,5.59,0.86,34.99,19.88,22.78,36.23,37.5,84.22,Moderate
55.29,7.06,1.69,54.72,45.07,48.2,25.99,30.68,85.98,Healthy
84.22,5.95,2.06,46.39,23.11,30.64,28.96,33.0,43.26,Moderate
50.69,7.09,1.54,66.29,23.28,39.66,23.59,30.24,88.92,Healthy
42.15,6.5,1.16,58.87,40.73,63.42,26.67,25.79,70.26,Healthy
52.09,6.6,1.38,64.39,72.7,63.67,25.12,28.45,76.27,Healthy
35.12,7.23,1.68,71.17,42.76,68.49,20.91,31.11,99.37,Healthy
22.53,5.97,0.96,43.07,25.08,28.96,32.34,33.71,45.56,Moderate
84.83,8.66,2.65,15.35,4.34,9.28,37.99,40.04,31.13,Needs Attention
17.01,4.93,2.6,13.28,14.76,17.7,15.4,19.9,34.42,Needs Attention
86.37,8.5,2.91,13.4,2.16,24.17,35.42,38.72,28.73,Needs Attention
59.54,7.92,2.4,31.99,23.13,36.71,33.87,38.2,53.73,Moderate
56.38,6.72,1.22,56.45,48.9,70.93,21.45,31.91,68.7,Healthy
31.54,5.86,1.73,28.45,27.55,21.99,29.14,33.5,93.11,Moderate
77.49,7.56,2.24,41.95,25.29,33.86,33.95,33.73,48.17,Moderate
81.77,4.94,2.89,13.19,16.36,24.99,19.52,33.27,95.02,Needs Attention
48.1,6.55,1.5,61.7,39.38,50.76,27.16,27.9,72.37,Healthy
74.14,7.91,2.26,35.74,24.25,26.34,34.48,31.71,53.53,Moderate
19.72,7.57,2.39,28.52,14.74,32.06,29.74,31.9,92.37,Moderate
49.6,7.0,1.44,57.96,35.9,58.65,25.42,21.49,55.97,Healthy
57.8,6.72,1.4,54.2,31.58,60.91,27.53,23.36,86.58,Healthy
58.01,7.01,1.13,65.67,50.94,59.06,18.47,27.79,84.45,Healthy
45.31,7.06,1.23,48.0,38.99,51.83,23.16,32.53,74.58,Healthy
61.83,6.43,1.6,65.82,60.92,44.58,28.08,27.05,60.83,Healthy
21.68,5.97,2.04,40.06,31.21,30.45,33.39,36.18,79.91,Moderate
61.67,7.2,1.68,40.89,29.93,63.21,25.29,24.67,68.9,Healthy
40.89,6.7,1.52,47.32,33.88,50.53,27.46,27.68,66.85,Healthy
42.99,6.82,1.42,43.64,48.8,42.9,20.97,25.21,63.97,Healthy
22.68,5.55,1.14,36.66,30.17,19.17,30.92,35.78,38.97,Moderate
59.27,6.76,1.06,40.17,31.07,39.61,19.38,23.7,63.73,Healthy
46.3,7.34,1.38,56.32,44.07,49.63,25.5,27.84,73.1,Healthy
43.62,6.96,1.67,57.79,41.61,55.7,26.2,26.4,63.15,Healthy
59.45,7.22,1.65,45.18,33.54,69.4,23.65,21.31,77.46,Healthy
61.62,7.09,0.99,59.54,33.46,55.67,22.5,25.38,80.67,Healthy
28.0,5.19,2.45,47.62,14.43,31.55,28.06,31.56,41.37,Moderate
0.03,5.46,2.98,18.33,10.32,14.17,33.42,34.83,30.85,Needs Attention
48.24,6.55,1.01,46.7,33.02,54.81,24.23,23.92,46.97,Healthy
58.62,5.68,2.21,33.3,20.58,36.18,28.32,35.63,43.62,Moderate
52.74,6.8,1.71,58.27,44.83,39.93,27.99,24.67,80.13,Healthy
57.76,6.6,1.54,56.75,40.36,52.93,23.39,23.31,78.9,Healthy
27.18,5.69,1.86,33.55,10.0,27.72,32.66,30.05,47.03,Moderate
10.56,4.72,2.96,29.48,9.06,18.11,36.32,36.03,94.59,Needs Attention
83.04,8.65,2.92,1.8,8.86,9.45,36.26,36.19,93.65,Needs Attention
13.61,5.12,2.89,8.62,17.24,7.53,32.81,41.45,97.58,Needs Attention
9.48,5.06,2.51,29.66,11.53,21.86,20.7,35.74,26.84,Needs Attention
75.55,6.6,1.93,40.06,21.51,35.21,30.19,34.78,50.76,Moderate
35.0,5.54,2.03,35.29,9.58,36.48,32.81,33.86,81.74,Moderate
44.86,6.67,1.15,67.26,39.39,40.54,22.44,24.39,80.31,Healthy
93.72,5.08,0.3,19.74,2.33,23.78,16.45,12.22,36.47,Needs Attention
46.34,6.98,1.39,69.66,36.92,62.26,22.12,22.49,64.59,Healthy
93.28,8.44,2.63,9.89,8.88,24.32,16.45,16.41,95.02,Needs Attention
56.07,5.92,1.09,60.37,30.85,57.48,23.37,23.41,63.32,Healthy
77.87,7.6,1.94,42.85,32.3,18.24,32.57,32.05,87.4,Moderate
30.91,6.97,1.73,69.9,45.4,50.46,23.09,24.52,70.53,Healthy
62.6,8.41,2.28,32.19,27.98,36.03,32.12,35.22,50.6,Moderate
37.48,7.92,2.0,35.22,20.22,27.06,30.98,32.31,100.0,Moderate
88.68,4.47,2.98,5.37,10.73,17.64,18.22,16.45,97.44,Needs Attention
44.1,6.9,1.39,56.99,50.69,52.71,29.36,20.01,71.91,Healthy
57.66,7.08,1.16,60.93,41.63,51.32,23.21,26.55,80.45,Healthy
40.81,6.84,1.77,49.56,26.36,52.38,26.43,18.11,80.8,Healthy
40.68,5.35,1.07,38.04,18.33,34.02,31.22,32.17,38.19,Moderate
44.41,6.27,0.95,59.02,26.28,66.19,23.05,23.14,82.04,Healthy
47.33,6.52,1.38,69.32,31.37,60.7,23.07,25.66,76.19,Healthy
28.31,6.04,2.59,37.94,28.22,8.98,32.13,34.99,55.57,Moderate
52.97,6.96,1.18,55.82,40.58,45.63,23.34,28.26,75.96,Healthy
32.36,7.52,2.22,45.19,27.89,28.21,30.94,34.37,38.18,Moderate
78.13,7.57,0.74,20.92,31.46,22.2,31.5,32.45,38.81,Moderate
2.63,8.79,0.56,23.56,9.11,12.99,12.82,18.65,96.48,Needs Attention
64.32,5.87,1.97,51.46,26.33,44.42,30.78,29.79,53.31,Moderate
47.39,7.59,1.49,52.23,43.32,50.53,21.44,21.17,70.99,Healthy
58.39,6.46,1.64,48.18,22.8,44.52,26.59,26.96,67.19,Healthy
35.56,6.74,1.79,61.96,53.67,65.21,24.55,30.55,85.7,Healthy
86.84,4.88,0.26,23.35,12.32,11.08,18.59,36.85,20.0,Needs Attention
56.36,6.2,1.18,55.3,28.45,47.93,23.56,30.93,73.28,Healthy
82.21,4.74,0.61,18.36,12.93,22.46,32.53,38.14,25.58,Needs Attention
27.86,5.56,1.04,31.62,17.72,30.66,32.33,32.95,81.33,Moderate
15.82,8.32,2.54,20.96,12.0,17.99,36.08,36.71,28.34,Needs Attention
69.26,8.79,0.83,37.12,23.87,29.48,31.54,33.41,100.0,Moderate
16.89,4.88,0.49,27.41,10.65,13.14,37.2,15.49,39.01,Needs Attention
15.35,8.5,0.39,11.34,17.43,19.6,35.64,15.82,40.49,Needs Attention
76.43,5.48,2.68,21.75,13.5,11.43,13.71,36.36,31.26,Needs Attention
8.43,5.15,0.7,13.7,9.19,12.15,37.51,38.01,92.73,Needs Attention
51.51,6.22,0.87,64.43,48.15,52.72,23.52,22.97,82.5,Healthy
26.84,5.51,0.66,47.49,20.55,36.64,25.8,35.42,84.63,Moderate
45.04,6.56,1.45,68.14,51.77,53.48,25.06,26.45,76.33,Healthy
37.31,5.84,0.29,20.49,34.22,21.81,33.83,32.4,44.69,Moderate
84.92,8.46,0.79,19.12,3.29,19.15,36.27,19.51,34.48,Needs Attention
62.18,7.86,2.56,19.86,19.34,28.3,32.43,31.83,89.14,Moderate
49.77,6.42,1.43,52.91,43.0,46.1,22.72,22.09,91.86,Healthy
16.5,7.28,2.2,48.75,21.48,38.54,29.09,37.07,92.67,Moderate
42.62,6.42,1.43,40.46,33.42,50.46,25.49,31.51,67.71,Healthy
34.93,8.0,2.34,51.08,24.6,36.6,31.91,32.06,96.87,Moderate
59.76,5.52,2.52,44.42,29.92,28.1,31.87,33.85,98.87,Moderate
24.37,8.19,2.47,39.96,14.66,29.84,30.88,35.88,88.89,Moderate
65.03,6.58,1.62,49.76,47.88,57.19,23.58,25.7,77.81,Healthy
35.74,6.75,1.97,67.01,30.19,47.81,22.28,30.88,52.18,Healthy
70.55,6.04,1.06,42.01,15.31,23.13,36.2,32.87,71.85,Moderate
16.24,8.07,2.37,40.67,37.39,21.97,32.59,34.87,83.57,Moderate
29.62,5.4,0.42,34.84,31.4,29.25,29.55,30.44,94.5,Moderate
24.99,5.13,0.55,21.19,12.31,24.25,35.2,34.3,95.53,Needs Attention
49.65,6.59,1.27,52.7,41.85,52.18,23.43,27.92,67.11,Healthy
45.95,7.08,1.63,54.9,34.03,40.89,20.39,25.04,70.4,Healthy
87.33,4.92,2.9,10.6,7.65,17.23,14.57,35.18,94.73,Needs Attention
29.7,5.8,1.85,24.09,33.46,33.23,35.7,32.96,33.22,Moderate
35.99,7.83,2.19,44.51,5.57,31.24,31.8,30.57,82.93,Moderate
26.9,6.0,2.15,30.13,12.19,25.78,31.05,34.18,43.36,Moderate
10.08,4.72,2.8,21.02,17.39,20.6,35.57,21.49,27.45,Needs Attention
84.98,7.52,2.25,42.72,16.65,23.47,28.72,31.64,72.86,Moderate
11.14,8.39,2.85,15.51,12.55,26.94,14.34,36.87,94.45,Needs Attention
43.8,6.4,1.52,69.13,46.51,63.13,27.58,26.52,88.84,Healthy
27.76,7.66,0.55,17.91,17.24,35.31,31.51,34.03,58.53,Moderate
52.66,6.85,1.79,57.86,39.65,60.03,25.88,24.29,71.17,Healthy
49.29,6.98,1.48,50.16,33.53,59.12,22.91,22.43,73.1,Healthy
58.4,6.44,1.63,65.44,26.95,63.0,25.32,26.16,69.31,Healthy
66.97,7.55,0.88,47.71,13.65,25.32,33.48,35.87,87.18,Moderate
84.72,5.11,2.99,27.39,13.72,19.25,18.77,36.58,99.17,Needs Attention
20.99,7.3,2.25,27.84,21.75,32.37,29.11,32.03,87.28,Moderate
31.33,5.86,1.19,49.22,14.17,31.36,33.99,35.46,89.78,Moderate
51.68,6.78,1.8,58.43,33.78,65.87,25.25,27.37,71.28,Healthy
46.89,7.61,1.2,58.66,49.85,58.52,26.49,29.21,72.23,Healthy
49.98,8.68,2.26,37.76,14.04,29.95,33.17,34.42,42.93,Moderate
48.63,7.34,1.05,58.05,34.98,41.34,26.06,26.05,83.97,Healthy
49.06,7.05,1.49,61.57,36.52,41.72,26.35,25.43,75.62,Healthy
23.96,6.85,1.32,50.49,33.93,56.0,23.48,29.79,80.57,Healthy
93.23,8.74,2.67,20.69,14.55,25.16,12.9,22.8,96.2,Needs Attention
44.39,7.51,1.95,62.3,49.4,48.98,21.33,29.39,63.73,Healthy
57.92,6.81,1.93,68.98,35.0,75.31,19.24,28.91,65.73,Healthy
52.56,6.88,1.15,41.22,44.85,65.41,25.05,29.42,67.88,Healthy
51.95,6.61,1.4,50.46,39.17,60.5,30.57,23.39,83.4,Healthy
65.75,7.42,1.85,29.83,15.64,39.59,30.73,34.99,88.46,Moderate
70.61,5.74,1.87,38.99,18.6,33.8,34.3,35.67,49.49,Moderate
71.35,7.81,2.18,40.6,11.24,10.17,35.13,32.58,86.87,Moderate
64.44,5.73,0.92,23.92,26.07,36.77,27.97,31.03,85.68,Moderate
59.2,6.0,1.95,53.75,41.13,57.71,26.32,27.82,80.98,Healthy
86.29,9.0,2.62,23.75,13.65,16.7,15.34,40.61,28.76,Needs Attention
54.07,6.56,1.71,71.45,46.56,81.43,26.37,30.44,77.77,Healthy
71.48,5.48,1.95,34.4,21.77,22.85,34.28,40.76,44.23,Moderate
37.17,6.81,1.4,72.78,50.48,60.42,27.53,25.9,74.34,Healthy
85.07,8.74,0.56,22.93,11.4,14.37,33.03,18.14,32.41,Needs Attention
21.68,5.45,1.01,51.16,13.16,29.78,31.72,34.0,43.79,Moderate
53.1,6.58,1.38,66.2,32.89,45.52,21.36,24.53,73.16,Healthy
59.61,7.75,1.22,31.3,17.17,52.97,30.92,33.52,43.06,Moderate
85.31,8.68,0.51,17.52,13.83,20.83,20.74,35.71,27.72,Needs Attention
77.99,6.18,0.9,37.0,10.05,32.26,32.35,35.86,96.75,Moderate
64.35,7.26,1.25,46.78,41.82,37.74,27.91,25.59,86.6,Healthy
53.57,6.79,1.47,75.63,31.11,45.33,26.39,27.77,69.45,Healthy
67.49,7.87,2.56,34.89,22.87,34.31,33.69,35.7,79.0,Moderate
44.65,7.09,2.0,64.04,39.33,63.57,21.73,31.56,65.22,Healthy
59.12,6.66,1.43,51.83,28.72,59.13,25.76,29.8,56.23,Healthy
26.75,5.43,0.59,27.17,20.31,27.07,30.1,30.75,84.5,Moderate
51.73,7.37,1.5,65.02,37.3,46.89,24.71,25.03,78.52,Healthy
18.79,4.97,0.38,23.41,18.48,5.97,15.87,19.89,27.39,Needs Attention
57.12,6.28,1.2,69.56,50.75,45.79,24.93,26.77,82.59,Healthy
59.24,7.99,0.88,37.25,19.09,34.55,34.86,32.76,49.41,Moderate
73.33,6.94,1.31,60.06,45.05,57.93,25.74,29.9,79.81,Healthy
90.27,5.12,0.63,20.04,13.49,10.4,31.55,36.69,96.2,Needs Attention
5.43,8.95,0.49,12.07,12.02,15.2,34.79,20.72,97.84,Needs Attention
43.89,6.78,1.29,71.07,39.18,62.98,20.27,27.97,77.36,Healthy
55.57,8.07,0.94,49.62,19.18,29.14,27.33,32.56,78.61,Moderate
21.29,8.4,0.63,28.33,15.28,20.62,38.7,38.9,95.46,Needs Attention
64.97,6.64,1.05,50.59,30.03,34.0,23.59,26.79,82.62,Healthy
76.6,8.24,0.66,25.42,28.41,21.37,30.29,39.37,89.12,Moderate
11.5,5.23,0.41,15.52,9.72,18.54,16.8,34.35,34.21,Needs Attention
36.92,6.69,1.54,61.06,36.15,52.2,19.91,28.38,73.45,Healthy
22.76,5.63,0.94,35.85,28.3,39.74,33.96,37.55,46.17,Moderate
82.84,8.27,0.34,15.82,9.76,13.12,17.76,20.05,96.55,Needs Attention
40.75,6.37,1.2,63.22,44.29,42.5,29.29,27.86,73.12,Healthy
34.71,6.55,1.69,58.0,29.47,56.26,24.67,26.35,66.38,Healthy
54.0,7.25,1.5,66.41,41.16,46.94,24.15,26.15,77.11,Healthy
68.26,8.21,2.07,39.91,11.39,38.93,27.99,33.39,80.61,Moderate
83.04,8.76,2.77,22.59,10.4,7.1,17.88,38.38,21.95,Needs Attention
41.75,6.93,1.52,70.33,48.71,52.82,23.16,31.87,66.27,Healthy
42.96,6.8,1.8,63.47,22.58,58.49,23.39,28.53,70.65,Healthy
58.16,6.5,1.03,64.55,31.84,40.81,27.66,29.9,68.92,Healthy
49.91,6.67,1.44,49.54,45.42,71.14,19.97,30.54,74.18,Healthy
32.1,6.34,1.35,25.54,25.99,37.97,33.9,33.11,88.0,Moderate
85.38,4.56,0.33,23.02,7.62,15.42,36.02,18.1,95.64,Needs Attention
16.49,8.74,0.48,26.63,9.02,18.43,20.71,35.92,96.73,Needs Attention
95.91,4.95,0.26,18.87,4.11,7.18,16.26,38.17,94.12,Needs Attention
61.75,7.19,1.81,57.58,33.73,43.07,27.35,31.82,63.72,Healthy
57.26,7.08,1.06,43.22,44.67,44.53,26.74,22.11,71.11,Healthy
47.7,5.98,1.27,53.61,37.5,59.65,22.18,29.81,74.57,Healthy
53.04,6.69,1.78,60.06,41.38,59.78,25.4,29.08,77.47,Healthy
35.97,6.81,1.41,64.28,46.84,40.3,27.7,25.94,77.47,Healthy
25.53,8.29,2.77,25.51,12.14,44.51,35.3,33.54,90.85,Moderate
8.87,4.42,2.72,28.38,14.14,29.57,35.6,34.43,20.0,Needs Attention
59.61,5.06,2.09,48.41,25.2,39.59,29.29,29.76,49.28,Moderate
54.74,6.48,1.5,50.3,27.17,46.03,24.37,28.56,73.35,Healthy
92.3,8.43,0.38,17.53,9.65,19.95,33.42,35.89,33.34,Needs Attention
47.38,5.71,1.87,41.83,47.23,52.11,24.42,26.38,73.79,Healthy
26.3,5.49,2.25,42.13,27.95,30.73,27.76,33.42,90.0,Moderate
9.71,8.84,0.32,19.34,16.98,7.99,33.41,37.0,95.75,Needs Attention
12.33,4.81,0.44,26.89,10.36,9.82,17.71,20.31,92.55,Needs Attention
46.93,5.95,1.62,51.2,36.19,63.48,21.18,22.26,51.5,Healthy
6.8,8.95,0.58,19.23,8.39,16.48,17.15,20.58,30.96,Needs Attention
85.35,7.85,0.85,29.09,20.0,32.18,30.04,32.71,39.24,Moderate
17.38,8.61,0.37,20.7,6.89,22.67,20.02,34.54,95.77,Needs Attention
37.77,5.97,2.57,27.5,19.61,19.63,31.14,31.85,54.39,Moderate
23.08,5.26,1.07,30.23,6.57,30.05,32.68,34.52,36.57,Moderate
28.89,7.58,1.35,20.76,8.35,32.48,33.62,34.09,76.19,Moderate
3.79,4.76,0.16,21.99,10.73,8.89,14.67,17.01,26.88,Needs Attention
60.02,6.62,1.1,42.05,45.31,54.23,23.86,25.24,73.63,Healthy
90.88,5.18,0.24,23.48,12.08,21.49,34.98,37.77,96.7,Needs Attention
12.79,4.93,2.69,20.92,7.09,10.43,31.09,36.28,36.12,Needs Attention
45.17,7.03,1.39,59.49,39.75,59.0,27.52,24.04,87.83,Healthy
15.03,4.75,2.89,23.33,10.67,15.53,35.89,34.43,31.43,Needs Attention
13.95,4.94,2.64,24.84,8.97,7.47,17.71,18.77,92.77,Needs Attention
89.39,4.9,2.75,18.11,11.64,9.84,19.03,35.82,36.54,Needs Attention
33.12,5.48,2.34,26.73,27.3,48.07,31.85,30.64,93.44,Moderate
41.48,6.65,1.69,59.71,44.4,59.47,23.03,23.16,66.71,Healthy
42.8,7.18,1.49,50.54,41.78,53.9,29.17,28.14,64.97,Healthy
18.44,5.43,0.5,35.5,27.46,27.43,33.62,36.29,87.15,Moderate
35.75,8.16,0.67,35.19,22.79,10.01,35.44,37.02,82.71,Moderate
29.73,6.54,1.77,61.86,43.26,57.64,22.1,27.64,76.25,Healthy
26.77,5.34,0.57,41.19,20.44,16.89,35.72,25.56,46.64,Moderate
59.15,5.77,1.03,48.57,24.42,29.37,34.14,30.58,51.83,Moderate
96.25,8.68,0.35,17.0,15.42,21.14,35.44,22.51,38.0,Needs Attention
22.48,7.82,2.39,36.85,27.61,31.11,35.41,36.06,38.43,Moderate
33.53,7.81,0.89,30.84,20.81,45.21,33.01,31.79,36.67,Moderate
52.93,6.43,1.9,55.05,42.0,44.04,22.27,26.99,72.94,Healthy
11.17,8.77,0.43,19.96,14.85,15.53,17.04,20.52,30.3,Needs Attention
43.3,6.4,1.47,73.25,41.43,52.45,24.92,23.99,73.61,Healthy
52.09,7.13,1.46,49.47,43.67,53.7,23.95,28.63,55.69,Healthy
21.36,5.56,2.07,46.65,21.87,32.73,32.56,31.43,52.44,Moderate
33.62,5.21,1.85,26.47,19.94,25.18,33.3,34.38,85.85,Moderate
8.8,8.2,2.77,20.42,11.61,15.24,35.9,38.92,94.77,Needs Attention
42.16,6.28,1.39,50.43,41.64,37.99,26.53,27.35,73.71,Healthy
86.68,8.41,2.71,21.78,9.19,24.79,35.0,40.53,22.43,Needs Attention
58.3,6.31,1.01,55.81,42.41,60.68,24.86,20.25,63.26,Healthy
42.61,7.37,1.24,60.54,45.09,50.03,25.28,26.15,89.0,Healthy
41.44,6.91,1.3,63.82,36.02,67.75,25.02,30.68,76.66,Healthy
83.08,5.05,0.57,25.8,15.03,23.92,15.97,36.89,95.68,Needs Attention
52.46,5.6,1.95,24.86,19.81,41.61,26.62,27.37,34.29,Moderate
48.72,6.49,1.16,53.8,33.79,40.16,25.09,23.78,77.09,Healthy
34.34,6.19,0.94,34.07,14.35,25.8,32.9,32.37,38.71,Moderate
86.69,9.31,2.86,22.7,11.22,22.77,15.81,35.41,31.83,Needs Attention
38.56,7.89,0.87,36.16,27.3,26.37,31.58,36.97,27.67,Moderate
78.67,8.46,0.52,13.41,13.15,21.07,35.79,38.25,95.83,Needs Attention
88.34,5.12,0.75,23.1,12.97,14.03,32.89,23.45,91.95,Needs Attention
9.24,8.73,2.56,29.59,15.69,16.81,16.01,38.09,24.43,Needs Attention
78.99,7.02,1.54,66.84,26.25,63.72,21.19,29.61,66.67,Healthy
54.53,5.36,1.78,23.95,32.78,40.29,34.43,37.68,87.6,Moderate
27.91,7.59,0.9,25.62,21.46,24.08,28.6,29.9,95.68,Moderate
62.21,6.5,1.27,55.57,39.18,56.82,26.83,29.57,93.87,Healthy
14.2,5.27,2.82,20.31,15.55,9.21,36.43,19.59,92.72,Needs Attention
31.47,7.05,2.24,39.08,12.99,28.47,29.27,35.86,81.5,Moderate
86.71,5.24,2.75,16.24,9.26,18.59,18.01,37.63,94.12,Needs Attention
56.01,6.93,1.92,57.03,40.5,51.89,28.36,27.01,66.17,Healthy
79.92,5.92,1.06,16.31,21.66,35.01,33.46,33.21,52.08,Moderate
61.27,6.6,1.22,57.91,36.95,46.28,24.05,24.62,64.46,Healthy
26.69,5.2,2.19,36.86,19.23,17.66,31.65,34.84,86.61,Moderate
31.22,6.32,1.61,56.98,36.64,27.04,24.47,23.75,65.48,Healthy
51.68,6.79,1.6,59.67,37.16,57.04,26.75,31.49,61.46,Healthy
84.96,8.66,0.49,20.0,6.66,11.34,17.2,36.77,93.65,Needs Attention
47.86,6.63,1.73,65.64,47.75,40.29,24.69,28.18,89.25,Healthy
46.68,6.92,1.7,62.62,34.94,64.83,26.36,27.08,71.81,Healthy
87.49,8.33,2.73,21.39,5.55,20.51,17.09,40.52,33.3,Needs Attention
43.48,7.43,1.5,59.28,36.14,71.13,21.37,24.89,79.68,Healthy
44.65,6.57,1.66,55.48,42.5,53.22,24.5,27.32,81.27,Healthy
41.73,6.85,1.75,71.57,36.75,29.91,22.25,29.3,90.89,Healthy
53.54,5.88,1.42,54.83,30.06,44.98,23.51,28.02,60.8,Healthy
32.7,6.12,0.98,46.37,22.06,36.52,34.51,36.55,92.42,Moderate
15.71,8.74,2.88,24.12,11.56,22.26,36.21,38.42,92.64,Needs Attention
34.55,8.09,0.76,22.36,21.74,33.92,31.85,32.52,53.86,Moderate
52.71,6.45,1.47,54.46,47.12,54.88,20.56,30.29,80.7,Healthy
35.66,6.88,1.72,63.96,36.67,42.57,24.7,27.74,72.86,Healthy
42.55,6.99,1.35,63.53,36.62,57.77,21.07,28.65,53.11,Healthy
46.83,6.61,1.72,57.32,37.67,55.91,29.08,27.22,69.57,Healthy
38.75,7.1,0.43,58.53,23.06,38.79,30.43,33.11,91.61,Moderate
43.75,6.41,1.47,59.8,31.18,52.58,24.96,29.57,71.0,Healthy
68.11,6.1,1.25,34.41,22.35,31.79,32.17,27.42,78.45,Moderate
78.93,5.6,2.25,53.01,24.89,36.35,37.67,34.69,48.34,Moderate
26.45,4.83,2.55,13.12,15.05,22.92,16.88,18.64,38.56,Needs Attention
9.19,4.93,2.46,14.99,6.27,3.57,34.33,38.69,95.99,Needs Attention
35.73,6.56,1.46,63.8,32.9,46.12,25.85,29.71,83.19,Healthy
31.21,5.51,2.67,39.88,33.35,30.33,30.81,36.9,46.26,Moderate
91.69,5.19,2.82,22.37,15.4,10.96,15.85,42.0,96.11,Needs Attention
91.71,8.61,2.62,13.89,14.38,23.37,17.84,37.65,29.2,Needs Attention
53.84,7.43,1.34,46.66,36.84,33.41,25.79,28.73,68.05,Healthy
13.62,8.82,0.38,23.54,8.44,14.15,34.2,13.27,95.52,Needs Attention
78.07,5.46,0.85,42.79,26.15,33.16,34.29,30.59,89.55,Moderate
50.39,6.64,1.39,70.51,41.62,51.65,23.41,26.04,81.73,Healthy
52.65,6.27,1.3,56.96,31.76,66.35,25.75,32.35,79.11,Healthy
50.24,6.61,1.63,54.74,30.85,37.83,20.76,27.7,78.04,Healthy
60.33,6.65,1.61,67.5,27.97,69.47,22.55,25.95,66.55,Healthy
45.82,7.03,1.61,70.37,55.31,55.33,20.14,24.9,91.67,Healthy
25.16,5.48,2.81,34.96,11.05,36.14,34.82,35.69,38.58,Moderate
30.96,7.47,0.7,29.93,22.14,36.92,34.09,37.75,90.31,Moderate
41.53,8.15,2.22,29.41,15.97,25.99,31.86,35.14,51.54,Moderate
54.28,6.62,1.42,48.99,37.84,31.95,24.57,28.85,71.4,Healthy
42.6,6.31,1.43,66.08,27.11,44.79,25.93,27.13,84.75,Healthy
85.98,5.45,0.43,21.14,16.86,10.41,15.63,33.75,27.52,Needs Attention
84.98,7.98,0.57,15.79,13.21,15.32,35.18,16.09,36.46,Needs Attention
40.14,7.98,1.01,34.55,22.16,30.15,35.91,33.56,92.4,Moderate
55.27,6.55,1.42,45.12,28.2,48.15,27.77,22.78,83.1,Healthy
40.85,7.0,1.37,43.51,35.53,53.01,23.38,28.2,77.17,Healthy
15.49,5.05,0.58,19.42,10.78,8.96,36.49,39.61,98.01,Needs Attention
85.83,5.25,0.68,15.5,7.93,11.99,36.75,17.56,98.46,Needs Attention
44.34,6.43,1.19,55.53,45.59,46.16,26.02,19.9,68.53,Healthy
29.99,8.09,0.88,32.57,30.41,18.63,30.33,35.03,85.58,Moderate
79.64,8.87,2.8,19.12,16.48,18.6,37.4,20.43,33.76,Needs Attention
5.25,8.43,2.81,6.16,14.07,25.09,15.75,22.79,96.1,Needs Attention
74.39,5.42,0.93,43.41,15.76,42.47,35.95,36.28,91.48,Moderate
18.78,4.69,0.42,20.98,13.83,25.31,15.82,37.56,94.73,Needs Attention
41.21,6.35,1.35,61.45,44.94,48.33,23.39,24.47,76.56,Healthy
43.54,7.09,0.95,68.43,28.54,58.57,23.31,27.96,90.75,Healthy
77.78,5.56,2.49,40.66,20.93,51.39,32.2,34.54,55.7,Moderate
47.69,6.73,1.56,59.67,54.35,60.12,26.34,28.09,76.82,Healthy
22.67,8.56,1.77,21.38,28.52,20.16,34.97,34.17,47.08,Moderate
83.56,4.81,0.42,26.95,10.7,12.34,15.93,15.0,26.5,Needs Attention
10.74,9.14,0.44,21.44,17.76,18.99,31.43,33.33,98.51,Needs Attention
21.41,7.85,0.27,32.86,19.19,16.39,34.47,32.66,97.9,Moderate
48.76,7.66,0.94,36.2,36.36,34.79,35.0,34.68,80.59,Moderate
90.73,5.28,0.27,15.2,16.05,14.68,15.13,38.37,98.32,Needs Attention
52.0,6.59,1.61,46.06,54.37,63.4,21.5,24.63,75.79,Healthy
49.31,6.81,1.45,53.89,40.29,47.93,18.79,29.36,86.52,Healthy
49.67,6.52,1.88,52.75,42.67,51.09,23.78,29.7,77.22,Healthy
58.47,6.77,1.84,51.14,42.33,55.87,25.51,28.86,76.14,Healthy
56.45,6.47,1.68,78.55,50.77,63.91,25.29,25.67,71.5,Healthy
43.98,5.98,1.46,47.54,37.13,43.9,21.79,26.2,66.31,Healthy
34.89,6.37,2.58,9.05,28.57,30.93,26.13,35.12,47.55,Moderate
3.2,4.83,0.56,24.53,16.9,14.61,13.93,21.23,31.24,Needs Attention
4.58,4.9,2.49,17.75,17.78,15.6,15.58,18.87,27.9,Needs Attention
13.66,5.15,2.45,11.01,13.09,12.62,16.6,37.5,98.54,Needs Attention
31.03,5.94,1.17,31.77,14.25,45.88,34.26,35.14,48.59,Moderate
46.86,7.77,1.62,68.97,33.56,55.62,20.1,26.01,76.55,Healthy
37.02,7.56,2.34,39.05,17.73,29.94,36.58,38.19,89.34,Moderate
68.0,6.91,1.7,63.14,43.6,46.78,22.73,25.35,47.43,Healthy
29.5,7.92,2.46,21.48,33.84,23.09,34.98,37.64,84.99,Moderate
84.24,4.56,0.52,27.66,15.56,6.39,34.53,22.36,94.14,Needs Attention
51.54,6.94,1.58,55.51,50.46,46.82,20.57,24.24,77.54,Healthy
53.39,6.95,1.85,46.3,32.91,45.37,25.42,18.83,69.94,Healthy
86.57,8.55,0.2,25.6,15.22,16.2,36.43,16.74,96.8,Needs Attention
40.45,6.71,1.71,57.25,67.99,52.92,21.51,25.44,54.59,Healthy
40.18,6.89,1.63,62.09,49.17,55.91,22.56,28.78,73.53,Healthy
51.22,6.02,1.65,51.3,38.34,38.07,24.95,27.21,60.53,Healthy
30.44,7.58,2.22,48.62,28.72,38.44,31.46,36.75,94.78,Moderate
22.47,8.52,0.28,13.43,12.14,26.58,18.47,38.04,95.72,Needs Attention
7.19,4.75,0.51,24.63,10.35,19.64,15.46,19.68,30.73,Needs Attention
60.53,8.08,1.17,38.38,14.53,36.67,29.18,32.8,86.97,Moderate
87.47,8.78,2.91,23.3,11.64,24.62,28.57,37.34,99.1,Needs Attention
60.84,6.84,1.34,60.36,38.04,44.07,25.83,23.93,68.95,Healthy
52.23,6.25,1.25,75.43,45.27,44.36,21.43,25.45,69.16,Healthy
12.3,5.15,2.65,18.05,9.33,22.34,12.35,39.45,26.7,Needs Attention
53.53,7.28,1.78,60.65,58.22,61.37,23.62,25.34,83.19,Healthy
72.91,7.64,0.64,28.87,19.49,34.63,29.28,31.63,88.34,Moderate
24.96,7.65,2.78,33.01,25.64,31.04,31.13,34.3,77.36,Moderate
69.07,8.3,0.9,21.09,30.09,33.8,30.89,34.82,93.01,Moderate
48.92,6.01,2.31,15.55,15.36,33.85,33.59,33.55,34.72,Moderate
35.51,8.05,0.56,30.16,26.95,28.16,31.1,30.2,37.22,Moderate
44.44,7.25,1.14,42.61,44.41,50.93,23.94,28.68,73.23,Healthy
88.36,4.98,0.58,21.49,12.43,10.96,15.2,40.72,97.64,Needs Attention
82.64,5.71,1.95,30.57,20.94,31.79,35.45,36.32,87.84,Moderate
54.51,7.21,1.5,65.4,36.6,73.73,25.1,33.1,63.31,Healthy
15.39,8.45,0.37,29.4,7.85,11.38,35.68,18.64,29.43,Needs Attention
38.63,8.19,1.03,37.86,20.26,36.54,26.6,31.29,53.21,Moderate
37.16,7.51,1.64,67.41,37.72,63.26,21.07,26.26,78.66,Healthy
6.2,5.2,2.6,23.91,12.08,19.01,13.21,18.76,28.19,Needs Attention
70.03,8.22,0.73,40.15,29.21,19.25,30.48,28.5,54.78,Moderate
75.7,5.38,1.9,29.67,32.49,25.85,26.48,34.91,50.7,Moderate
31.49,5.93,2.06,35.82,33.76,31.27,32.76,38.6,37.57,Moderate
53.71,7.35,1.51,67.4,52.28,45.81,25.41,31.1,75.17,Healthy
42.38,7.19,1.71,68.37,56.52,62.52,21.18,28.77,55.0,Healthy
89.25,8.61,2.87,35.62,13.24,22.19,16.58,18.48,96.62,Needs Attention
23.84,6.16,0.96,36.99,29.32,36.87,31.23,30.84,53.55,Moderate
50.47,7.1,1.54,67.48,40.21,44.95,24.04,29.09,81.29,Healthy
56.04,7.34,1.71,54.46,32.09,47.72,24.81,26.77,62.74,Healthy
40.38,6.84,1.58,55.85,22.73,53.04,29.04,28.37,72.14,Healthy
53.31,5.81,1.37,66.01,41.18,53.46,23.59,23.82,71.85,Healthy
39.77,6.31,1.48,55.68,33.53,53.22,25.02,24.87,67.33,Healthy
33.43,6.08,2.46,39.58,29.09,21.99,31.49,34.73,93.88,Moderate
37.62,5.42,0.86,34.26,25.1,29.9,34.11,30.43,81.61,Moderate
14.82,8.29,0.38,27.28,15.34,8.59,32.51,21.92,26.51,Needs Attention
48.09,7.05,1.68,66.44,35.21,48.75,22.9,29.99,74.73,Healthy
89.37,4.76,0.6,18.18,18.19,12.13,16.1,17.27,37.08,Needs Attention
89.88,8.74,0.42,19.41,8.89,11.67,39.86,18.02,97.75,Needs Attention
12.88,8.41,0.4,9.26,6.6,13.91,36.66,22.26,33.55,Needs Attention
42.0,8.26,0.86,15.31,22.2,35.97,31.66,33.55,80.99,Moderate
67.43,7.85,1.87,43.75,25.98,43.32,33.57,34.01,89.61,Moderate
0.14,8.65,2.92,21.07,13.37,1.15,35.17,38.35,30.4,Needs Attention
56.07,6.89,2.12,66.96,43.09,46.31,21.91,28.58,56.63,Healthy
40.43,6.91,1.18,48.36,38.86,63.94,22.4,21.67,63.49,Healthy
36.65,6.43,1.35,49.39,51.74,58.34,21.73,26.36,82.17,Healthy
11.79,4.96,0.34,23.65,14.93,15.87,36.46,16.15,94.59,Needs Attention
58.85,7.03,1.05,70.68,30.48,60.63,23.37,35.15,66.69,Healthy
43.6,5.95,1.82,45.44,37.15,50.71,23.32,28.39,65.33,Healthy
46.54,6.23,1.63,63.7,34.06,43.6,25.72,32.26,81.19,Healthy
48.72,6.26,1.56,60.17,38.18,51.63,22.7,28.83,71.61,Healthy
59.55,5.18,2.47,28.17,13.74,21.81,31.86,38.82,96.19,Moderate
26.41,8.61,2.28,34.57,27.47,41.92,27.6,33.68,43.47,Moderate
55.38,6.76,1.4,69.94,26.09,45.25,27.58,32.49,92.57,Healthy
36.83,7.97,0.79,38.84,28.12,34.69,33.07,33.87,94.28,Moderate
16.51,5.09,0.57,17.17,12.01,20.18,16.97,38.99,97.53,Needs Attention
11.96,4.81,0.44,16.04,4.14,11.41,15.43,36.71,31.81,Needs Attention
40.28,5.88,0.53,33.63,14.29,30.85,34.79,33.98,80.67,Moderate
24.63,7.38,1.85,28.39,10.99,31.76,27.75,33.79,46.4,Moderate
57.85,6.52,1.46,52.43,42.39,52.61,25.07,23.92,67.67,Healthy
41.11,6.79,1.62,56.21,33.86,51.78,23.73,26.06,80.38,Healthy
23.72,8.04,2.4,36.47,32.0,30.87,33.07,36.75,95.94,Moderate
75.52,5.77,1.94,33.06,19.11,24.89,30.65,29.73,55.94,Moderate
47.28,6.79,1.89,66.63,44.38,62.58,25.88,28.65,77.1,Healthy
96.33,8.42,0.83,38.79,13.14,32.1,31.25,37.4,37.62,Moderate
45.29,7.13,1.55,55.79,43.61,50.52,30.14,20.8,69.46,Healthy
70.44,7.81,1.8,27.85,26.12,37.52,32.14,33.53,46.49,Moderate
53.44,6.73,1.29,53.55,43.94,49.4,25.76,27.43,74.66,Healthy
36.4,7.75,1.07,36.98,6.99,25.22,30.22,35.46,46.96,Moderate
67.6,7.46,0.62,39.85,29.54,29.12,30.75,32.55,51.17,Moderate
19.99,7.41,0.89,39.25,24.39,22.08,27.32,33.98,51.61,Moderate
53.52,6.54,1.74,60.44,42.11,60.84,26.17,27.88,70.3,Healthy
71.69,7.4,2.29,29.52,27.64,27.94,27.47,25.42,84.19,Moderate
49.33,6.84,1.58,60.7,38.64,43.99,22.97,29.54,68.19,Healthy
56.02,6.3,1.42,84.81,43.68,59.42,21.85,23.32,79.16,Healthy
14.55,4.57,0.54,23.2,11.26,26.17,29.05,20.79,93.15,Needs Attention
69.11,7.41,2.47,25.55,17.4,44.39,32.91,36.14,88.82,Moderate
86.76,7.96,0.97,38.73,15.95,29.29,32.29,35.46,46.15,Moderate
61.74,5.58,2.61,35.8,25.53,26.0,32.56,33.31,92.54,Moderate
45.61,7.24,1.08,68.76,39.06,41.29,24.04,32.63,94.6,Healthy
43.38,6.75,1.67,38.64,39.54,47.71,24.17,25.5,73.24,Healthy
58.18,5.85,1.89,19.47,15.45,34.19,34.15,34.72,50.98,Moderate
46.89,6.25,1.8,60.19,45.67,38.79,21.21,28.24,81.25,Healthy
42.2,6.92,1.57,61.47,45.44,54.16,27.83,28.87,60.71,Healthy
48.14,6.19,1.44,68.82,28.28,42.15,23.05,28.12,93.39,Healthy
24.25,8.22,2.02,36.76,12.02,31.45,34.38,33.83,93.86,Moderate
48.85,6.92,1.58,52.03,54.18,49.96,27.07,23.21,78.16,Healthy
51.96,6.66,1.52,44.55,34.75,66.34,28.26,29.53,81.9,Healthy
48.56,6.41,1.03,56.28,29.85,38.5,25.82,21.67,84.71,Healthy
9.87,8.04,0.67,19.03,3.62,19.25,35.1,19.06,96.65,Needs Attention
48.78,6.88,1.67,78.25,47.28,49.52,21.82,28.01,81.56,Healthy
89.06,4.66,2.54,18.71,11.04,22.01,15.36,37.58,100.0,Needs Attention
53.59,6.1,1.48,50.62,29.42,54.23,21.38,27.73,85.1,Healthy
90.63,4.87,0.64,22.39,15.9,12.62,16.17,42.35,93.61,Needs Attention
50.37,6.96,1.37,55.87,40.87,44.51,23.03,25.6,74.59,Healthy
52.99,6.64,1.04,65.5,45.53,28.99,25.78,32.27,61.85,Healthy
47.73,6.72,1.14,48.3,50.7,16.19,25.18,30.49,71.76,Healthy
82.57,5.32,0.45,35.55,26.36,20.75,32.33,30.97,46.45,Moderate
74.78,5.21,0.8,49.64,25.9,17.75,31.21,35.74,76.63,Moderate
53.73,6.77,1.44,47.78,46.71,51.69,28.12,29.75,66.37,Healthy
24.37,5.67,1.62,35.33,17.81,25.21,28.76,33.09,85.01,Moderate
46.41,6.95,1.68,48.68,50.64,61.92,22.65,29.77,79.32,Healthy
85.86,8.4,0.37,22.28,15.08,26.35,13.95,18.44,93.6,Needs Attention
48.06,6.58,1.69,64.73,45.14,67.41,23.58,31.01,62.6,Healthy
27.87,5.15,1.3,27.62,26.96,26.94,32.5,32.01,84.91,Moderate
31.97,7.39,0.78,34.44,11.78,23.58,30.91,36.65,52.15,Moderate
35.5,7.26,0.55,35.01,15.58,34.83,32.11,30.88,49.34,Moderate
53.49,6.77,1.49,55.27,40.55,49.53,26.45,25.67,75.38,Healthy
91.75,8.63,0.37,24.13,9.86,20.45,18.52,34.02,28.44,Needs Attention
65.29,7.6,2.05,29.7,14.38,23.61,30.93,27.92,84.44,Moderate
30.62,7.79,2.39,40.31,25.87,29.07,30.58,31.39,45.14,Moderate
95.95,8.85,0.4,14.54,12.0,18.12,39.59,18.48,28.66,Needs Attention
20.65,5.7,0.78,27.79,28.22,19.66,29.52,33.18,95.38,Moderate
51.33,6.87,1.16,49.06,22.32,57.65,21.47,27.4,75.34,Healthy
12.75,5.5,0.37,18.56,8.55,15.21,36.61,40.65,32.12,Needs Attention
86.23,8.32,0.43,18.04,16.23,21.53,15.08,35.75,33.75,Needs Attention
11.96,5.12,0.55,26.61,19.54,21.83,15.02,20.16,98.33,Needs Attention
52.65,6.87,1.79,42.24,54.62,44.64,25.15,25.51,61.6,Healthy
85.71,8.9,2.74,16.78,10.93,22.12,31.75,35.91,25.6,Needs Attention
75.12,7.75,2.21,23.32,25.31,38.34,30.27,35.72,52.81,Moderate
31.43,8.37,1.77,38.62,32.35,25.25,36.97,35.55,51.7,Moderate
20.44,5.92,1.06,30.56,20.41,31.39,26.95,34.06,100.0,Moderate
88.45,5.2,2.66,10.44,21.61,17.81,35.36,17.4,91.75,Needs Attention
48.42,6.66,1.55,57.91,35.63,64.49,23.15,26.12,57.68,Healthy
9.38,5.48,0.71,16.8,7.46,19.6,34.91,37.72,27.59,Needs Attention
36.85,8.44,2.44,35.07,14.87,46.62,36.62,28.82,92.94,Moderate
52.25,6.5,1.97,60.49,39.31,54.49,24.17,23.13,74.69,Healthy
42.55,6.77,1.85,62.98,39.07,74.56,27.4,29.45,74.86,Healthy
89.37,8.73,2.77,10.5,11.08,10.74,35.87,36.96,26.76,Needs Attention
43.42,6.6,2.05,65.67,33.17,60.22,25.79,27.82,78.26,Healthy
78.2,5.74,2.55,36.24,17.86,23.92,32.65,31.66,40.86,Moderate
79.33,5.76,2.06,18.09,21.87,24.19,35.05,33.5,84.62,Moderate
56.85,6.45,1.8,62.01,39.42,34.21,20.22,31.72,83.88,Healthy
25.29,8.01,0.85,22.03,27.09,30.58,34.9,32.23,87.76,Moderate
47.04,6.31,1.37,65.31,51.64,38.55,26.05,32.9,88.48,Healthy
62.55,7.13,0.99,61.92,47.65,47.05,23.91,28.0,76.39,Healthy
34.74,5.6,2.09,41.3,26.49,40.33,31.17,37.01,35.28,Moderate
45.62,6.6,1.29,60.46,37.85,60.72,23.63,26.5,74.28,Healthy
10.3,5.12,2.64,18.09,5.82,19.32,34.83,38.05,95.21,Needs Attention
41.77,6.83,1.64,55.75,46.7,60.16,25.99,26.95,61.43,Healthy
50.18,6.4,1.34,58.06,32.76,47.12,22.64,24.85,62.93,Healthy
69.47,8.29,2.04,26.23,29.38,34.63,33.47,32.35,37.34,Moderate
9.04,4.75,2.87,26.02,2.31,7.45,33.56,36.59,29.21,Needs Attention
67.87,8.57,1.87,40.27,28.13,32.24,27.3,37.22,42.83,Moderate
68.69,5.26,2.49,38.96,21.0,46.26,36.74,35.1,44.22,Moderate
64.72,5.46,2.22,26.73,20.5,34.28,34.99,35.28,93.17,Moderate
57.72,5.89,0.82,19.31,23.47,34.26,31.54,34.21,88.46,Moderate
86.87,5.08,0.44,27.11,6.74,3.65,14.81,40.49,95.43,Needs Attention
20.01,8.63,0.14,28.14,19.55,15.51,33.33,40.06,94.32,Needs Attention
35.75,7.03,0.96,33.81,26.86,46.42,35.53,36.41,82.7,Moderate
39.92,6.25,1.62,47.41,54.34,79.34,23.9,27.93,55.58,Healthy
69.7,8.14,2.28,29.6,32.36,34.95,32.43,36.57,62.2,Moderate
34.27,8.22,2.17,17.39,18.57,28.7,30.5,32.75,60.22,Moderate
58.67,7.15,1.77,83.62,35.93,55.72,23.64,21.07,71.19,Healthy
9.71,4.63,2.75,17.0,16.85,15.77,36.43,34.48,96.99,Needs Attention
80.14,5.95,2.31,48.48,21.15,38.97,32.69,32.03,43.54,Moderate
9.42,7.95,0.42,17.81,17.54,16.55,13.94,18.05,23.99,Needs Attention
5.93,8.38,2.82,16.8,6.62,14.57,18.35,39.47,37.1,Needs Attention
54.56,6.49,0.99,76.4,47.42,70.83,26.69,29.04,75.33,Healthy
87.97,8.49,0.55,20.91,14.36,15.34,13.72,34.82,97.77,Needs Attention
2.47,5.0,2.55,21.48,13.07,20.89,37.99,19.02,96.21,Needs Attention
53.98,7.26,1.46,44.53,48.71,49.55,22.58,29.14,75.34,Healthy
46.31,6.91,1.62,65.97,39.99,55.84,24.08,21.77,70.06,Healthy
79.39,7.4,0.75,39.17,17.3,23.61,36.15,31.92,91.23,Moderate
85.11,5.34,2.39,39.77,16.76,26.9,31.17,34.78,38.58,Moderate
95.63,8.28,0.3,6.65,6.79,19.53,34.2,20.21,94.7,Needs Attention
45.11,7.05,1.38,59.16,44.76,45.87,26.5,26.2,73.6,Healthy
56.55,6.88,1.41,49.94,48.11,33.86,20.61,24.8,74.72,Healthy
18.61,8.01,2.26,49.56,23.19,19.37,29.88,33.29,46.06,Moderate
47.43,6.36,1.03,42.63,34.93,55.17,20.34,22.2,75.4,Healthy
14.43,8.48,2.81,18.13,15.47,17.38,38.81,39.47,28.87,Needs Attention
77.17,8.56,0.74,9.75,11.14,28.88,28.09,33.52,42.95,Moderate
48.96,6.63,1.65,52.37,46.68,64.36,22.4,24.92,67.09,Healthy
56.05,7.09,1.74,54.18,31.52,55.52,28.89,27.21,76.07,Healthy
17.68,8.26,2.56,23.26,12.96,9.71,32.32,18.02,29.22,Needs Attention
18.87,4.77,0.45,18.06,13.65,20.77,14.84,18.64,35.39,Needs Attention
17.96,4.57,0.41,21.19,16.02,21.62,16.41,36.7,94.57,Needs Attention
54.17,6.27,1.11,52.22,43.27,68.77,29.15,25.94,74.75,Healthy
50.14,6.95,1.66,64.23,39.03,59.87,27.65,29.64,71.71,Healthy
58.63,6.3,1.29,70.03,42.35,57.49,25.63,28.37,88.39,Healthy
44.12,6.94,1.02,69.05,51.83,67.21,25.31,25.72,68.74,Healthy
19.82,7.58,0.9,39.9,31.84,36.02,29.36,35.7,43.79,Moderate
70.36,7.9,0.75,36.66,23.92,21.72,30.19,33.24,97.72,Moderate
66.7,5.4,2.57,31.35,30.26,26.79,31.61,31.35,83.94,Moderate
18.85,4.52,2.89,15.1,12.14,18.22,14.43,37.23,32.2,Needs Attention
90.75,8.47,2.6,20.52,14.74,16.34,35.62,14.9,25.28,Needs Attention
76.1,5.77,1.72,27.55,16.85,26.2,29.33,34.11,45.91,Moderate
24.82,5.36,2.02,26.16,22.21,32.7,32.24,30.69,51.86,Moderate
72.27,7.81,0.9,36.24,23.09,23.08,32.06,32.72,88.77,Moderate
77.74,7.86,2.11,48.55,29.65,36.3,31.55,31.52,52.77,Moderate
50.43,6.81,1.69,58.93,37.21,49.9,25.11,25.86,81.58,Healthy
59.58,7.09,1.43,56.35,54.26,49.09,26.37,25.86,55.24,Healthy
70.29,7.98,2.44,45.82,26.82,24.12,28.62,35.3,44.83,Moderate
77.71,8.35,2.19,35.87,24.43,24.15,31.04,34.83,34.71,Moderate
76.21,6.01,2.49,53.56,40.3,36.85,30.85,34.15,81.75,Moderate
51.65,6.67,1.53,71.64,43.92,54.6,26.1,26.53,73.66,Healthy
35.05,8.1,0.9,31.34,29.54,35.85,32.43,33.66,31.11,Moderate
21.76,5.88,2.27,18.01,33.75,27.87,34.18,34.47,80.08,Moderate
49.66,6.58,1.62,72.58,36.04,41.16,26.86,27.05,70.35,Healthy
83.2,8.38,0.42,0.42,10.23,17.72,14.68,34.18,22.88,Needs Attention
96.88,8.57,2.59,20.78,8.31,10.91,12.59,36.0,96.23,Needs Attention
40.46,6.6,1.29,55.15,45.53,56.04,26.56,25.85,85.58,Healthy
57.43,6.87,1.26,56.23,33.73,57.79,26.91,22.8,63.79,Healthy
63.87,8.22,2.01,41.75,8.24,35.75,27.42,38.1,32.09,Moderate
98.45,4.89,0.43,18.86,10.54,19.25,34.87,21.86,26.18,Needs Attention
15.88,4.95,2.58,23.49,15.29,18.81,34.28,36.85,97.65,Needs Attention
9.83,8.14,2.79,35.86,8.28,18.2,19.37,36.31,95.16,Needs Attention
51.42,6.86,1.7,74.31,51.67,57.46,23.82,28.3,71.7,Healthy
96.9,8.61,2.87,37.33,12.47,21.49,14.13,18.42,97.32,Needs Attention
16.07,8.39,2.59,21.75,9.12,19.45,16.03,22.68,96.88,Needs Attention
60.44,7.14,1.65,57.61,49.84,51.47,26.19,30.04,88.17,Healthy
43.61,6.72,1.48,73.26,43.5,53.76,24.0,26.85,83.74,Healthy
49.64,7.03,1.57,64.1,27.66,45.74,26.87,25.38,57.35,Healthy
51.8,6.78,1.57,53.09,32.56,53.83,21.93,30.24,70.97,Healthy
50.48,6.47,1.69,65.29,28.71,54.52,22.71,24.78,88.83,Healthy
77.98,5.25,2.05,40.88,24.66,35.58,32.07,32.45,48.03,Moderate
90.22,8.56,2.65,18.24,15.66,27.16,18.65,17.12,96.37,Needs Attention
52.93,6.89,1.24,57.06,45.94,61.29,27.75,28.01,75.2,Healthy
47.27,7.35,1.62,52.4,39.45,51.72,22.58,24.69,81.09,Healthy
28.73,6.31,0.87,24.53,12.64,29.36,30.52,31.08,77.63,Moderate
12.76,8.35,0.45,18.1,3.57,13.84,32.2,43.64,96.39,Needs Attention
30.41,7.8,0.75,29.0,21.53,40.64,28.28,36.4,99.95,Moderate
91.81,5.1,2.73,9.17,16.99,20.77,11.17,20.76,93.29,Needs Attention
86.93,8.23,0.67,17.6,12.07,23.97,14.21,18.9,96.06,Needs Attention
72.55,8.45,2.55,46.32,25.06,20.84,30.55,42.97,43.2,Moderate
44.53,6.36,1.5,70.24,41.29,48.92,22.53,28.07,60.86,Healthy
57.79,7.63,1.2,37.31,21.79,13.48,27.44,33.99,83.11,Moderate
65.73,5.65,2.41,28.74,21.65,36.44,27.61,31.86,99.16,Moderate
76.55,7.76,0.98,30.66,22.82,29.94,35.49,36.03,85.16,Moderate
26.91,5.19,2.01,40.7,18.18,39.37,31.88,35.22,79.59,Moderate
55.48,6.81,1.85,71.96,42.67,79.76,23.88,30.29,68.46,Healthy
58.75,6.64,1.3,58.62,26.62,57.41,23.73,35.3,66.44,Healthy
58.22,6.8,1.86,67.51,57.55,36.38,24.98,21.83,67.33,Healthy
52.03,6.89,1.38,46.82,27.55,57.96,24.77,28.37,64.54,Healthy
27.9,5.38,1.07,20.41,26.4,25.33,31.47,33.63,42.99,Moderate
57.92,7.38,1.62,51.26,29.72,59.45,28.61,28.64,83.1,Healthy
41.34,6.61,1.68,60.54,28.14,60.51,24.48,25.37,78.72,Healthy
60.31,6.33,0.75,61.08,29.19,50.9,21.14,25.26,72.62,Healthy
47.72,7.34,1.76,52.98,41.58,64.13,22.9,24.76,83.69,Healthy
51.97,7.1,1.08,57.91,45.69,42.76,24.02,28.4,72.1,Healthy
48.06,6.96,1.55,52.59,32.37,61.56,22.47,28.5,72.28,Healthy
45.67,6.74,1.23,58.12,37.08,42.68,19.63,29.84,78.72,Healthy
45.48,6.94,1.4,60.38,33.8,60.64,21.53,33.74,92.14,Healthy
71.33,6.15,0.88,40.87,11.82,34.44,29.31,33.84,90.12,Moderate
30.0,5.96,1.86,37.27,17.15,26.29,31.64,33.07,43.83,Moderate
59.45,6.91,1.47,60.96,42.72,44.65,23.69,25.58,94.6,Healthy
16.56,5.02,2.92,25.22,14.64,15.4,36.5,20.37,27.17,Needs Attention
28.47,5.94,2.45,35.83,10.49,27.98,27.49,35.64,51.59,Moderate
36.88,7.5,1.24,13.53,27.13,31.28,30.66,32.38,49.76,Moderate
23.75,5.99,2.29,48.24,25.2,33.61,35.76,32.21,38.18,Moderate
48.81,7.86,2.28,45.44,19.68,22.49,33.91,34.75,40.68,Moderate
76.4,7.92,1.74,24.41,20.72,25.35,34.77,34.21,78.83,Moderate
39.45,5.35,2.29,33.23,15.23,18.12,37.63,32.57,47.2,Moderate
64.52,5.76,1.77,25.68,12.44,31.26,29.75,32.76,42.18,Moderate
10.17,8.3,0.32,8.33,8.72,20.5,33.58,37.31,96.67,Needs Attention
70.65,6.06,0.73,40.06,11.31,30.07,29.67,34.1,52.37,Moderate
46.17,7.16,1.35,64.32,41.44,59.44,24.77,22.01,81.08,Healthy
6.64,8.16,2.65,22.62,20.65,15.54,14.16,37.27,31.96,Needs Attention
39.99,6.01,1.93,25.62,34.21,30.44,30.35,31.39,98.56,Moderate
83.33,4.83,0.36,24.34,12.8,14.69,18.12,19.64,28.93,Needs Attention
66.59,6.05,1.97,47.87,22.96,29.96,35.87,32.73,86.38,Moderate
33.75,7.63,2.23,50.17,26.81,22.09,41.67,33.96,37.73,Moderate
55.66,6.43,1.48,63.17,55.62,81.5,23.0,29.56,64.67,Healthy
47.64,7.83,1.49,49.49,27.32,64.33,24.02,29.47,92.9,Healthy
5.64,8.71,2.67,17.94,15.85,11.7,15.31,36.59,92.11,Needs Attention
48.24,7.56,1.38,49.4,32.81,63.4,26.99,25.54,55.12,Healthy
83.57,8.17,2.77,17.07,18.86,14.06,36.74,21.89,24.48,Needs Attention
56.03,6.73,1.1,56.39,44.89,60.3,26.22,30.63,89.49,Healthy
87.47,5.05,2.72,21.32,18.41,20.29,33.62,20.6,29.02,Needs Attention
91.05,4.76,0.41,24.47,10.89,8.92,19.45,38.67,92.37,Needs Attention
62.68,8.12,2.33,27.75,17.59,37.2,33.08,33.42,46.22,Moderate
3.3,4.71,2.74,19.04,11.65,22.19,33.58,35.96,33.35,Needs Attention
78.0,5.47,0.75,16.64,17.79,53.95,27.45,34.6,57.85,Moderate
49.57,6.18,1.35,55.92,42.6,58.12,25.5,32.38,81.85,Healthy
8.55,8.5,0.83,18.14,10.66,27.37,18.0,36.73,96.23,Needs Attention
26.71,7.72,2.42,40.08,17.35,25.73,36.89,31.92,90.83,Moderate
36.77,7.39,1.6,61.43,46.47,48.61,25.2,24.07,51.15,Healthy
31.65,8.04,0.95,32.39,28.05,23.2,34.88,37.77,90.83,Moderate
39.01,5.53,2.3,48.68,19.18,37.8,29.91,34.05,45.08,Moderate
78.93,7.94,0.69,20.55,20.06,40.57,29.28,30.33,93.15,Moderate
55.55,6.99,1.6,40.83,40.64,54.7,25.88,26.75,78.44,Healthy
68.3,8.11,0.6,40.96,12.21,39.36,31.86,28.33,42.16,Moderate
52.11,6.5,1.36,48.19,47.55,44.55,28.91,28.32,75.55,Healthy
52.93,7.25,1.72,61.14,38.04,75.64,20.05,26.48,59.35,Healthy
93.52,8.52,0.28,19.89,10.92,11.05,15.45,36.12,28.69,Needs Attention
58.09,6.74,1.73,47.79,54.26,41.73,19.42,31.1,65.61,Healthy
90.88,8.36,0.4,19.6,6.44,7.27,36.63,39.0,28.23,Needs Attention
37.28,8.24,0.69,19.78,17.75,20.01,29.54,34.25,92.54,Moderate
45.69,6.74,1.53,57.91,46.89,55.19,25.78,32.14,79.45,Healthy
67.7,5.84,2.5,51.61,25.91,35.34,30.78,36.07,34.71,Moderate
48.38,6.73,1.76,70.82,48.13,52.94,24.03,30.61,87.39,Healthy
58.28,5.6,0.67,19.5,12.81,28.35,33.31,34.08,52.83,Moderate
34.09,6.3,1.11,60.75,47.44,66.66,20.41,28.86,66.46,Healthy
45.97,6.74,1.57,64.58,51.91,52.78,22.71,26.56,69.13,Healthy
47.46,6.87,1.47,72.37,45.83,56.06,26.54,29.29,72.37,Healthy
49.63,6.8,1.46,60.59,50.7,40.2,23.64,29.0,76.33,Healthy
14.02,8.34,2.66,7.23,5.8,29.91,14.69,19.81,30.02,Needs Attention
56.93,6.85,1.43,53.96,36.84,75.58,20.31,23.39,82.59,Healthy
70.84,5.7,0.4,40.94,18.44,35.02,33.27,35.83,78.4,Moderate
45.05,6.96,1.75,54.38,28.49,38.86,22.81,25.66,71.67,Healthy
95.35,4.69,0.47,23.81,14.74,15.79,35.38,20.2,95.52,Needs Attention
30.93,8.54,1.96,24.84,28.96,40.03,30.66,28.66,91.83,Moderate
32.37,7.73,0.71,22.34,31.51,45.7,27.16,34.72,89.46,Moderate
57.26,6.3,1.09,69.6,54.32,45.33,27.01,29.39,71.18,Healthy
41.03,6.4,1.95,21.74,14.47,33.67,31.36,32.42,80.4,Moderate
30.61,5.72,1.89,26.38,22.62,26.91,32.82,33.48,61.3,Moderate
57.4,6.48,1.66,53.67,46.51,50.64,21.98,28.89,68.59,Healthy
23.55,5.74,2.24,44.75,8.76,47.04,30.47,29.88,50.82,Moderate
54.19,7.07,1.57,63.32,32.12,50.95,20.73,20.99,78.67,Healthy
57.14,6.8,1.19,62.73,35.19,60.46,25.77,25.96,65.25,Healthy
89.93,4.82,0.52,19.22,8.26,25.8,28.7,37.85,96.27,Needs Attention
8.2,8.87,0.38,21.95,10.81,22.31,15.65,38.72,24.93,Needs Attention
54.06,6.7,1.67,51.03,29.63,41.24,29.55,36.09,90.01,Healthy
69.56,6.6,1.51,45.62,37.36,46.16,31.99,24.92,69.89,Healthy
53.06,6.68,1.38,70.83,33.31,60.27,23.27,24.46,81.07,Healthy
71.16,5.22,0.78,29.85,6.9,36.46,28.92,34.16,42.28,Moderate
41.18,6.98,1.86,79.97,31.73,43.42,24.38,29.47,71.17,Healthy
47.86,7.11,1.65,68.36,37.76,40.53,31.17,28.55,74.03,Healthy
69.69,5.6,2.06,36.44,16.58,38.63,33.63,36.75,33.1,Moderate
80.8,4.77,2.82,26.73,2.42,10.78,38.0,16.53,32.43,Needs Attention
45.65,6.61,1.07,57.71,42.76,32.25,21.82,22.73,79.1,Healthy
78.68,8.05,2.38,28.14,19.65,18.57,30.21,34.01,47.93,Moderate
65.88,5.38,2.35,38.48,34.88,31.21,32.39,33.89,49.13,Moderate
23.78,5.77,0.61,42.02,18.77,51.9,34.41,35.13,93.41,Moderate
67.76,7.56,0.75,23.61,25.23,35.09,29.85,35.56,58.82,Moderate
53.12,6.74,1.23,52.69,44.66,32.49,18.65,29.08,67.2,Healthy
44.7,6.5,1.57,57.71,36.74,51.17,28.49,25.67,67.75,Healthy
45.7,6.53,1.51,61.9,25.05,44.4,24.28,28.32,73.15,Healthy
39.43,6.88,1.24,55.95,35.95,43.21,21.53,29.39,74.92,Healthy
8.34,5.97,0.95,46.83,17.95,21.84,33.23,34.89,43.77,Moderate
57.94,6.43,0.67,61.95,32.91,58.22,26.88,30.34,87.7,Healthy
55.08,7.35,1.27,61.59,33.27,56.05,31.18,26.59,94.07,Healthy
51.04,6.77,1.55,52.43,48.21,38.34,24.45,25.12,81.06,Healthy
88.49,8.36,2.75,11.3,8.45,7.64,18.27,21.84,94.36,Needs Attention
9.04,4.93,2.83,19.83,9.9,18.08,18.87,23.33,96.29,Needs Attention
54.28,6.69,0.95,57.94,54.46,57.49,21.54,28.41,80.85,Healthy
58.5,6.72,1.59,49.72,36.29,33.91,21.82,31.31,42.17,Healthy
72.69,7.74,0.85,33.8,11.67,34.22,31.05,37.97,94.81,Moderate
50.95,6.37,1.44,47.46,36.8,45.24,22.51,26.74,50.19,Healthy
47.22,6.95,1.5,59.09,41.69,59.59,24.4,28.35,63.12,Healthy
83.1,5.89,2.16,32.58,16.13,47.84,33.66,30.3,49.73,Moderate
5.86,8.02,0.97,29.97,19.07,24.85,33.34,32.0,52.92,Moderate
61.02,7.38,0.47,17.98,14.32,17.09,32.68,31.29,44.71,Moderate
70.91,8.09,2.43,30.95,29.44,22.02,30.31,34.95,99.67,Moderate
96.83,8.16,0.57,21.82,14.32,15.79,14.11,38.97,94.93,Needs Attention
31.98,7.81,0.83,35.9,23.51,42.51,29.98,36.42,89.66,Moderate
84.24,5.05,0.2,14.56,8.24,16.1,31.33,17.7,29.29,Needs Attention
36.73,6.62,1.2,59.86,29.52,63.8,22.44,31.78,76.72,Healthy
11.76,8.79,2.67,22.97,11.75,21.67,17.92,19.61,35.94,Needs Attention
48.51,6.93,1.31,47.31,37.34,64.91,21.42,23.35,77.32,Healthy
96.5,8.34,2.79,28.7,9.01,20.99,37.49,38.15,22.79,Needs Attention
31.81,5.68,1.23,24.17,19.23,47.27,33.21,37.12,39.88,Moderate
63.46,6.93,1.14,31.19,29.51,48.58,32.2,36.92,47.81,Moderate
49.64,7.13,1.49,63.18,32.18,47.95,22.31,26.74,70.3,Healthy
67.73,7.91,2.55,39.23,20.6,31.93,32.1,32.23,93.15,Moderate
29.44,7.81,0.8,52.84,19.55,28.92,32.29,33.33,96.6,Moderate
58.72,6.77,1.15,55.04,28.47,52.75,25.14,26.19,74.18,Healthy
80.89,8.33,2.74,9.5,6.68,10.16,14.54,39.37,31.53,Needs Attention
85.32,5.2,2.75,10.89,6.48,20.02,36.02,19.29,31.16,Needs Attention
65.16,5.7,0.67,43.41,19.25,45.75,33.57,31.95,82.98,Moderate
21.85,4.96,2.77,21.95,13.4,20.41,16.19,42.21,94.55,Needs Attention
13.91,5.06,0.31,22.24,13.53,9.43,17.48,36.73,100.0,Needs Attention
79.01,5.7,0.15,38.08,41.11,37.19,32.77,33.32,98.76,Moderate
54.52,6.48,1.22,58.04,41.83,65.12,25.64,29.13,68.89,Healthy
38.42,6.83,0.91,51.15,46.3,29.75,26.18,23.5,66.69,Healthy
24.72,6.36,2.32,59.57,19.15,75.73,21.16,28.72,61.68,Healthy
48.81,6.48,1.42,51.29,39.83,41.61,21.3,30.67,63.27,Healthy
29.14,7.72,0.76,35.06,20.73,26.39,37.63,31.9,82.37,Moderate
28.92,7.53,0.93,31.54,25.22,27.44,31.31,31.78,45.04,Moderate
88.72,5.51,0.54,20.19,11.26,25.73,33.5,35.13,94.54,Needs Attention
33.83,7.45,2.22,31.4,25.37,26.31,32.37,30.39,87.27,Moderate
26.63,5.95,2.03,48.97,34.67,28.37,28.58,38.66,90.95,Moderate
59.33,5.59,2.1,18.76,13.38,29.01,31.81,31.91,87.2,Moderate
41.73,7.89,2.06,51.72,20.52,39.43,33.21,32.97,53.28,Moderate
69.99,6.57,1.36,45.88,30.54,61.74,30.18,25.3,75.13,Healthy
66.7,7.93,0.59,31.83,27.14,32.48,30.67,32.57,71.22,Moderate
58.16,6.81,1.79,70.4,28.96,49.77,24.46,28.83,69.98,Healthy
48.81,7.01,1.6,52.61,43.67,50.37,22.66,29.88,73.4,Healthy
90.37,4.63,0.4,26.17,12.52,19.07,32.0,36.44,95.35,Needs Attention
55.8,6.82,1.72,70.69,46.53,46.54,25.74,28.5,64.66,Healthy
42.53,5.83,1.02,37.17,24.2,36.74,32.82,30.2,80.19,Moderate
39.6,7.95,1.13,35.3,17.96,29.05,29.58,36.64,46.27,Moderate
50.8,6.5,0.94,80.52,38.15,66.47,23.18,32.09,61.63,Healthy
76.66,7.71,2.3,39.68,16.29,23.35,32.2,30.16,30.64,Moderate
84.23,4.84,0.53,26.28,12.28,20.2,32.95,16.13,31.29,Needs Attention
6.3,8.62,2.69,20.54,12.74,11.21,18.18,39.43,95.67,Needs Attention
83.12,5.22,1.81,47.68,29.09,33.8,32.42,37.45,53.11,Moderate
5.37,8.42,0.5,16.08,10.81,19.49,16.02,15.95,95.22,Needs Attention
21.74,6.07,0.61,18.96,20.11,24.43,29.47,32.06,79.87,Moderate
79.19,7.71,1.23,2.31,30.39,12.4,31.84,30.54,88.73,Moderate
52.31,6.57,1.15,50.11,37.59,49.05,22.98,26.96,94.02,Healthy
52.25,6.7,1.39,49.32,46.32,66.9,23.11,28.66,75.89,Healthy
29.49,8.61,2.1,42.62,21.68,27.54,30.48,34.76,89.09,Moderate
85.44,8.46,2.84,22.75,11.28,18.22,37.4,20.96,32.02,Needs Attention
34.63,7.9,0.86,24.15,22.54,24.48,27.32,35.7,49.14,Moderate
25.91,5.77,2.42,29.15,16.19,18.74,28.58,32.96,59.46,Moderate
66.73,5.62,2.75,42.21,15.22,47.29,30.92,34.07,74.21,Moderate
85.5,5.29,2.84,26.69,9.1,20.82,34.09,36.43,29.67,Needs Attention
53.72,6.79,1.34,66.87,37.88,53.18,25.43,28.36,62.87,Healthy
42.56,7.06,1.73,53.06,44.69,54.8,25.48,29.44,76.67,Healthy
73.36,5.48,2.67,30.04,23.41,37.28,31.47,34.09,82.06,Moderate
73.13,5.65,1.04,26.06,28.53,18.67,33.67,36.36,46.89,Moderate
57.94,6.86,1.13,51.47,57.25,42.88,26.56,24.96,62.97,Healthy
49.04,6.23,1.16,50.25,42.96,60.91,25.29,27.78,81.38,Healthy
91.07,4.56,2.97,1.05,14.56,14.4,13.14,18.1,96.35,Needs Attention
66.16,5.67,2.17,30.08,20.31,22.03,30.19,33.83,91.97,Moderate
33.44,6.22,1.58,41.65,38.48,43.69,22.26,27.26,72.26,Healthy
50.38,7.57,1.41,64.05,45.75,51.37,25.18,27.06,73.82,Healthy
77.4,8.8,0.39,18.34,16.96,18.23,35.14,20.7,26.81,Needs Attention
46.04,7.27,1.42,68.92,49.81,64.88,26.23,27.0,71.42,Healthy
66.48,8.26,1.94,34.9,15.62,31.77,29.73,37.19,53.07,Moderate
45.23,6.42,1.65,67.13,43.39,47.35,22.93,26.01,71.47,Healthy
45.01,7.07,1.26,72.98,33.15,57.03,27.09,28.35,59.63,Healthy
65.07,7.95,2.14,25.67,11.77,24.85,28.4,36.87,82.63,Moderate
83.85,4.8,2.65,22.52,8.41,22.13,33.02,19.31,96.72,Needs Attention
81.5,8.21,0.99,38.08,32.27,36.22,34.13,32.68,36.07,Moderate
81.15,5.5,2.26,33.25,26.76,20.19,32.87,33.17,49.29,Moderate
66.86,8.06,0.8,32.51,12.68,29.36,28.85,29.38,98.56,Moderate
53.09,7.86,1.06,67.57,31.79,21.39,37.4,27.22,46.22,Moderate
87.63,5.5,0.54,11.27,10.15,10.75,37.5,17.78,29.86,Needs Attention
32.92,5.39,2.34,51.3,23.25,33.14,30.67,33.46,88.64,Moderate
8.78,8.32,0.45,21.44,11.07,18.97,17.87,34.39,95.95,Needs Attention
64.43,6.28,0.55,48.36,21.3,29.6,30.44,33.99,82.86,Moderate
28.38,4.99,2.98,32.9,21.17,36.95,36.11,36.44,48.94,Moderate
2.09,4.81,2.88,19.08,14.4,24.37,12.71,35.55,24.0,Needs Attention
28.49,8.01,1.03,32.78,12.22,41.7,34.45,30.56,54.1,Moderate
32.71,8.0,2.38,13.2,19.97,31.79,35.37,34.22,90.63,Moderate
93.64,8.07,0.36,19.07,9.62,8.7,35.62,36.16,25.25,Needs Attention
43.35,6.76,1.55,73.19,37.99,45.68,20.37,29.62,73.88,Healthy
61.01,7.6,1.18,32.14,22.97,29.17,35.27,38.14,93.09,Moderate
38.45,6.85,1.27,69.99,34.56,42.99,25.08,24.94,72.08,Healthy
12.43,8.9,2.96,19.64,5.33,18.51,33.45,37.33,94.26,Needs Attention
69.91,7.92,1.15,43.4,21.45,39.89,33.08,32.9,51.2,Moderate
10.36,8.25,2.68,14.89,12.79,10.18,33.91,20.43,34.23,Needs Attention
31.85,8.6,1.69,37.91,23.87,37.06,30.19,34.82,83.3,Moderate
7.29,8.83,2.72,16.79,16.02,23.59,33.75,38.01,31.25,Needs Attention
50.87,6.08,1.36,66.64,33.73,59.01,25.17,26.4,84.22,Healthy
31.35,6.18,1.75,64.17,29.62,45.69,24.43,23.41,53.96,Healthy
71.96,7.49,2.16,26.96,13.46,8.15,36.18,38.26,34.92,Moderate
40.74,6.17,1.48,53.86,27.96,57.26,19.52,23.89,66.82,Healthy
64.89,7.01,1.41,32.41,41.93,69.31,26.74,25.48,72.54,Healthy
96.16,5.31,0.44,22.59,21.27,21.52,14.43,20.68,32.6,Needs Attention
37.78,7.48,1.57,59.71,30.66,52.16,26.22,28.51,65.88,Healthy
0.0,8.35,2.91,27.7,13.98,16.14,36.12,20.64,97.17,Needs Attention
24.43,5.76,2.3,30.67,24.46,34.58,28.31,32.58,51.12,Moderate
25.03,7.86,1.15,42.94,23.46,37.09,31.28,33.98,51.33,Moderate
5.13,8.26,0.6,21.57,14.26,23.02,34.12,21.8,30.04,Needs Attention
97.83,4.32,2.72,24.87,11.55,12.53,15.66,16.63,26.79,Needs Attention
67.97,7.65,0.74,34.04,14.19,24.37,37.1,32.26,90.39,Moderate
48.86,7.08,0.96,72.97,43.14,50.9,26.84,28.09,67.68,Healthy
35.64,5.72,1.96,43.23,11.42,39.52,31.59,33.76,86.97,Moderate
49.79,6.61,1.41,53.29,57.28,47.38,25.96,28.56,56.8,Healthy
31.34,6.75,1.58,42.84,24.14,47.05,22.93,31.11,72.11,Healthy
51.15,6.49,1.63,59.24,39.14,35.86,22.57,32.87,68.97,Healthy
53.33,6.13,0.9,29.55,28.64,28.17,33.48,35.07,48.39,Moderate
65.77,8.01,2.02,21.72,35.5,31.27,33.06,31.86,95.28,Moderate
40.55,8.07,1.11,31.32,22.55,20.82,37.22,27.81,47.98,Moderate
28.49,7.69,0.5,19.01,25.27,26.09,35.88,33.61,50.51,Moderate
14.19,7.78,2.77,28.27,7.81,23.48,16.84,20.08,92.46,Needs Attention
52.01,6.99,1.43,49.23,40.53,65.42,26.74,26.91,90.43,Healthy
41.44,7.13,1.7,61.05,34.95,61.72,22.81,28.97,68.57,Healthy
9.06,8.67,0.42,26.98,15.58,7.23,37.04,22.27,25.16,Needs Attention
72.47,7.17,2.21,35.65,36.74,40.92,33.96,31.59,44.34,Moderate
53.32,6.17,1.49,58.34,49.84,62.58,26.03,20.78,64.58,Healthy
43.75,8.02,1.51,50.43,59.03,59.48,25.01,27.97,83.54,Healthy
51.6,6.6,1.43,66.19,34.95,60.6,20.81,27.5,72.23,Healthy
48.32,6.75,1.89,61.05,42.67,56.96,26.68,28.36,74.54,Healthy
32.61,5.57,0.46,38.53,31.55,33.35,32.04,35.5,41.45,Moderate
61.82,6.08,0.83,29.79,22.7,36.96,29.75,39.6,85.5,Moderate
71.62,7.83,1.22,35.67,15.45,34.52,32.91,35.54,40.64,Moderate
50.26,6.73,0.97,50.28,39.11,44.84,23.04,34.68,69.74,Healthy
52.6,6.51,1.87,68.04,41.77,27.08,23.11,25.1,82.89,Healthy
26.87,7.64,2.4,21.22,8.5,38.27,32.4,35.18,78.31,Moderate
28.87,5.79,2.12,48.84,10.14,36.67,35.1,35.45,51.57,Moderate
57.67,8.05,0.72,40.88,23.25,40.28,30.45,36.76,55.11,Moderate
54.98,6.66,1.68,56.56,42.71,49.26,19.83,26.63,64.14,Healthy
63.28,6.07,2.07,27.91,25.07,29.53,33.74,31.93,80.16,Moderate
39.14,7.29,1.7,50.32,25.15,56.9,24.39,33.73,84.62,Healthy
78.71,9.05,2.66,29.27,8.85,21.54,15.5,37.71,27.93,Needs Attention
50.24,7.53,1.25,51.1,46.62,53.15,29.24,26.28,72.62,Healthy
91.77,8.88,0.39,16.34,8.77,15.88,15.02,37.53,32.77,Needs Attention
86.96,8.95,2.9,26.27,15.15,10.42,37.01,36.51,96.42,Needs Attention
12.28,4.6,0.46,17.81,12.03,18.07,14.89,18.21,20.0,Needs Attention
63.41,6.4,1.8,63.37,41.59,55.67,21.84,31.82,68.74,Healthy
8.84,8.83,0.5,30.62,11.57,21.13,19.02,35.57,98.88,Needs Attention
77.16,8.6,0.5,24.46,16.08,16.02,35.71,35.32,96.19,Needs Attention
11.6,8.91,0.59,16.42,7.5,14.69,33.45,33.65,99.8,Needs Attention
43.66,5.74,2.42,30.71,29.32,27.41,34.54,30.92,46.56,Moderate
58.99,6.94,1.52,62.09,52.89,53.13,26.32,24.97,85.51,Healthy
68.8,6.45,1.21,54.72,53.93,46.23,25.58,30.21,79.01,Healthy
56.07,7.23,1.64,75.1,54.81,61.51,26.27,26.38,71.63,Healthy
72.35,5.27,1.18,29.4,18.88,42.05,31.11,37.58,56.33,Moderate
85.45,5.04,2.67,28.68,14.69,10.09,16.18,15.96,95.31,Needs Attention
54.56,6.48,1.29,43.63,49.62,73.9,22.86,28.8,83.45,Healthy
24.2,5.57,2.37,27.33,28.75,20.22,32.77,33.77,35.38,Moderate
52.54,5.64,0.7,25.46,18.96,32.54,33.44,34.76,100.0,Moderate
66.48,7.69,0.93,21.43,25.63,19.69,33.57,32.73,78.94,Moderate
62.05,6.5,2.01,37.69,18.71,19.85,33.75,36.79,42.36,Moderate
5.72,5.13,2.86,17.83,12.19,18.91,38.4,20.29,30.36,Needs Attention
19.78,8.64,2.92,16.48,7.88,21.2,37.95,38.13,28.97,Needs Attention
53.98,6.63,1.04,62.56,33.86,54.14,24.88,21.33,72.73,Healthy
43.15,6.67,1.76,53.75,47.6,45.75,22.59,28.98,64.13,Healthy
51.81,6.57,1.17,64.28,37.42,57.45,25.45,25.66,81.65,Healthy
31.91,6.66,1.48,55.59,46.88,56.0,23.0,29.09,76.17,Healthy
43.54,6.76,1.56,44.0,44.88,69.39,24.34,30.91,76.27,Healthy
42.96,6.87,1.29,72.71,43.35,58.93,19.4,29.12,70.4,Healthy
19.81,8.85,0.36,31.08,6.45,13.38,12.38,36.91,95.77,Needs Attention
44.57,8.7,1.87,28.7,24.52,32.86,27.78,31.63,43.48,Moderate
30.04,5.31,0.81,21.51,33.54,31.78,37.23,32.91,92.14,Moderate
47.41,6.41,1.35,60.83,38.44,60.09,25.16,27.57,64.19,Healthy
27.37,6.49,1.9,67.06,43.93,46.97,26.35,22.45,66.91,Healthy
23.16,7.54,1.94,44.84,26.84,32.82,26.91,30.69,44.82,Moderate
57.15,6.71,1.47,68.14,38.61,59.58,28.19,25.53,86.82,Healthy
11.89,8.35,2.66,30.85,10.37,15.9,15.36,36.07,95.62,Needs Attention
85.63,8.4,0.46,23.9,12.55,23.71,15.25,36.19,31.38,Needs Attention
83.3,8.71,0.54,14.55,15.42,22.76,16.8,18.38,97.42,Needs Attention
38.4,5.86,1.07,26.59,21.77,31.22,31.9,36.67,44.23,Moderate
58.49,6.18,1.69,51.59,46.33,66.43,24.95,26.86,71.11,Healthy
87.1,8.24,2.88,19.63,15.15,16.87,17.43,19.79,28.66,Needs Attention
13.54,8.48,0.46,22.51,17.14,17.94,36.58,17.41,36.29,Needs Attention
21.23,4.88,2.69,21.95,12.03,13.75,37.79,39.2,97.17,Needs Attention
57.29,6.64,1.48,35.15,44.58,54.21,26.71,21.4,69.28,Healthy
31.52,6.35,2.62,35.52,22.02,35.24,31.99,32.04,80.21,Moderate
12.76,4.59,0.41,12.54,10.44,26.25,17.05,17.15,96.42,Needs Attention
84.55,4.95,0.44,17.31,15.75,9.08,33.36,36.84,23.33,Needs Attention
33.54,6.86,1.71,55.62,57.16,37.57,22.8,27.42,76.18,Healthy
42.72,7.03,1.0,51.68,49.41,67.33,24.51,25.84,73.05,Healthy
88.82,4.99,1.92,33.65,21.48,29.43,29.89,35.08,52.73,Moderate
68.99,7.88,1.99,20.08,23.52,23.05,33.01,31.66,44.62,Moderate
48.23,6.65,1.79,47.37,29.89,68.29,25.08,29.04,69.2,Healthy
43.64,6.77,1.47,59.96,34.16,55.66,24.57,28.03,86.17,Healthy
35.12,7.08,2.0,50.22,43.1,48.01,26.57,23.42,70.81,Healthy
27.58,5.29,0.94,24.33,25.84,23.97,33.8,33.71,44.36,Moderate
86.19,5.0,0.52,31.57,13.01,23.41,35.61,19.37,96.49,Needs Attention
83.59,8.67,2.79,26.9,11.82,25.5,34.74,38.59,94.03,Needs Attention
55.09,6.97,1.43,41.84,37.94,66.74,23.01,33.54,79.3,Healthy
11.9,8.48,2.71,25.09,15.83,23.9,35.14,38.8,20.02,Needs Attention
54.71,7.22,1.78,82.15,37.66,67.79,22.2,34.18,76.09,Healthy
98.97,4.83,0.61,19.21,7.72,17.42,32.25,19.59,94.66,Needs Attention
9.96,8.65,0.45,18.5,12.35,15.29,15.87,23.36,97.64,Needs Attention
44.68,6.45,1.38,49.35,41.51,43.5,24.87,20.81,64.74,Healthy
53.43,7.1,1.38,52.59,37.25,54.99,27.29,33.29,73.57,Healthy
61.41,7.37,1.7,60.33,54.6,54.41,23.3,24.97,65.67,Healthy
46.16,7.76,1.66,63.54,44.7,47.15,31.32,28.37,75.28,Healthy
58.35,8.02,2.01,29.64,27.11,23.54,31.86,33.05,100.0,Moderate
56.56,7.05,0.99,68.45,35.11,54.36,22.15,28.11,94.96,Healthy
10.88,8.72,0.37,21.32,14.58,26.48,11.31,21.69,92.62,Needs Attention
86.75,5.18,0.46,26.84,10.77,35.1,14.47,17.1,95.74,Needs Attention
15.26,5.17,2.74,27.47,13.87,17.11,38.01,19.2,28.19,Needs Attention
87.76,4.82,0.4,5.18,5.26,17.89,14.83,38.66,31.17,Needs Attention
47.12,6.79,1.47,61.85,33.27,60.99,21.55,27.13,61.16,Healthy
21.39,7.69,2.34,24.12,32.55,23.28,31.78,34.03,48.16,Moderate
30.4,5.74,1.44,59.83,38.34,52.35,28.5,25.51,75.29,Healthy
22.15,5.27,2.18,37.9,11.94,51.75,31.04,32.25,83.49,Moderate
50.26,7.28,2.2,53.08,30.42,49.34,27.25,30.72,92.45,Healthy
91.66,4.55,0.46,9.04,2.88,12.33,37.6,34.9,36.8,Needs Attention
94.55,8.56,0.47,22.34,12.37,7.48,35.5,18.24,25.7,Needs Attention
56.61,6.3,1.5,49.03,50.11,52.86,22.85,20.91,82.5,Healthy
58.39,7.87,0.88,64.95,25.53,56.27,23.98,27.39,63.79,Healthy
27.09,7.07,1.61,58.98,30.19,51.11,24.96,29.35,74.46,Healthy
44.52,7.05,1.46,71.92,44.24,61.12,23.02,23.14,73.33,Healthy
8.88,4.63,2.64,8.66,7.6,24.1,20.46,18.82,95.62,Needs Attention
46.77,6.57,1.89,58.1,35.97,60.53,25.96,24.04,72.05,Healthy
76.73,6.02,0.72,25.49,13.17,29.18,33.97,34.59,37.61,Moderate
55.74,7.04,0.95,69.9,42.19,46.26,26.34,23.85,62.97,Healthy
13.93,4.54,2.78,16.42,13.97,16.83,18.62,35.8,29.05,Needs Attention
77.89,8.34,0.4,20.0,4.38,14.97,34.95,35.04,97.12,Needs Attention
57.13,6.88,1.46,61.92,43.6,65.03,24.45,27.79,68.32,Healthy
91.13,5.06,2.88,27.02,13.41,25.2,17.6,20.23,32.96,Needs Attention
17.61,5.31,0.46,35.22,14.94,16.79,17.21,37.49,94.99,Needs Attention
13.23,8.56,0.5,18.98,13.37,14.17,13.87,19.83,42.05,Needs Attention
43.75,6.83,1.91,58.07,32.62,50.42,21.32,35.62,88.21,Healthy
78.46,5.55,0.76,28.48,26.58,34.69,35.75,32.75,93.18,Moderate
16.98,4.5,0.38,13.96,12.59,10.23,33.04,37.75,93.92,Needs Attention
60.96,6.58,1.2,68.25,50.68,48.85,22.42,28.33,60.01,Healthy
56.91,7.11,2.0,55.52,41.11,56.5,22.59,24.44,75.59,Healthy
51.12,6.51,1.47,63.14,37.88,56.45,22.51,27.29,82.28,Healthy
31.77,6.09,1.88,32.68,15.79,30.67,34.93,33.81,48.61,Moderate
43.89,6.61,1.51,56.96,50.91,62.35,22.67,35.84,71.24,Healthy
60.4,5.02,0.82,20.73,20.15,35.62,29.96,29.15,93.33,Moderate
78.87,7.84,2.82,10.83,17.06,29.38,16.8,18.32,32.18,Needs Attention
37.29,5.56,2.23,42.71,32.62,26.81,29.35,35.2,88.07,Moderate
42.46,7.16,1.25,67.76,36.56,53.41,21.03,25.18,64.12,Healthy
42.71,6.96,1.55,52.0,15.0,63.21,26.44,30.46,82.87,Healthy
51.46,6.37,1.11,63.2,27.73,49.67,23.68,26.63,74.27,Healthy
90.58,8.79,0.33,22.5,12.38,22.07,35.8,37.92,33.28,Needs Attention
39.11,6.89,1.33,59.12,39.32,48.17,25.06,26.63,66.33,Healthy
19.68,5.09,2.61,11.05,9.62,28.27,35.77,33.88,32.49,Needs Attention
14.09,4.96,2.76,13.83,15.33,4.5,18.39,39.45,28.88,Needs Attention
69.77,7.99,0.71,25.54,25.94,30.34,27.15,37.01,35.77,Moderate
38.09,6.31,1.15,68.6,26.15,59.86,25.5,27.44,67.74,Healthy
78.6,7.83,0.71,36.17,14.05,32.76,30.34,29.71,96.76,Moderate
41.2,7.05,1.49,56.71,41.71,61.31,28.4,26.84,69.93,Healthy
26.69,7.89,0.47,31.25,8.43,27.59,29.39,37.2,95.1,Moderate
48.6,6.65,1.54,56.61,41.01,44.79,21.93,24.27,75.75,Healthy
61.67,5.28,0.95,29.56,23.45,34.45,36.45,35.08,92.74,Moderate
18.37,4.73,2.62,17.52,11.34,15.0,38.39,19.31,97.92,Needs Attention
26.23,5.28,2.67,27.57,15.43,38.07,34.04,32.8,27.22,Moderate
87.4,4.98,0.16,27.0,15.71,21.58,35.98,21.87,92.79,Needs Attention
45.82,7.74,2.33,50.01,9.02,28.6,31.25,29.28,42.4,Moderate
9.28,4.21,0.49,23.93,9.3,22.61,36.64,19.15,97.51,Needs Attention
41.7,6.55,1.28,32.39,31.93,68.02,25.42,25.87,75.59,Healthy
89.23,4.82,2.61,24.96,13.67,11.56,34.85,36.82,96.59,Needs Attention
44.69,5.52,0.49,29.8,21.24,26.56,32.88,32.58,49.29,Moderate
89.26,8.32,0.41,21.62,13.56,12.02,35.62,20.06,97.99,Needs Attention
13.42,5.62,2.68,30.61,12.01,19.35,33.21,35.72,31.83,Needs Attention
22.24,5.2,0.93,42.04,23.87,39.43,34.69,31.43,87.92,Moderate
13.16,8.21,0.4,27.51,8.94,12.41,32.44,21.05,95.33,Needs Attention
35.93,5.54,0.63,29.3,25.02,25.0,29.06,35.97,93.38,Moderate
48.28,7.04,0.99,54.41,35.89,67.81,25.58,23.47,67.76,Healthy
66.93,7.24,1.01,51.34,34.65,51.2,24.35,35.99,62.3,Healthy
17.71,4.87,2.44,5.77,10.46,16.93,33.29,16.15,96.34,Needs Attention
48.06,6.85,0.93,46.01,37.0,44.87,20.5,29.57,74.34,Healthy
82.49,8.14,2.17,25.46,19.55,28.26,33.03,36.23,83.44,Moderate
47.0,6.39,1.31,59.35,30.93,44.89,28.37,22.19,70.35,Healthy
55.49,7.33,1.4,68.96,37.16,54.9,21.86,22.88,79.83,Healthy
25.39,8.39,0.33,30.94,38.0,34.43,31.58,32.47,47.59,Moderate
72.81,7.38,2.15,36.12,22.82,43.58,30.26,30.06,83.56,Moderate
17.78,5.3,0.5,22.08,10.61,15.5,33.86,39.17,97.9,Needs Attention
92.16,4.76,2.72,15.87,17.15,12.0,17.49,17.1,38.38,Needs Attention
0.0,5.12,2.67,22.25,11.15,23.44,16.76,39.14,97.0,Needs Attention
64.71,7.41,1.45,60.82,32.15,58.43,28.9,22.41,76.17,Healthy
50.3,6.39,1.34,58.1,37.52,70.95,25.09,26.41,68.73,Healthy
71.47,7.71,2.03,25.35,14.12,45.43,27.7,36.81,80.85,Moderate
63.8,6.3,1.35,59.08,37.99,44.36,19.97,24.93,63.37,Healthy
65.31,8.23,2.27,26.41,12.01,32.91,31.17,36.1,82.7,Moderate
43.22,6.07,1.81,55.92,36.56,45.28,27.64,29.64,63.29,Healthy
29.32,5.87,1.75,26.81,27.06,38.93,32.89,34.69,51.7,Moderate
51.74,7.02,1.32,51.02,51.15,58.86,27.14,25.68,67.32,Healthy
52.09,6.62,1.46,50.64,33.97,69.1,26.71,25.32,58.53,Healthy
8.57,5.11,0.72,14.65,18.5,15.79,34.17,16.5,33.65,Needs Attention
15.95,4.99,0.44,19.83,8.4,23.54,14.05,20.0,95.17,Needs Attention
51.57,6.58,1.9,63.9,49.69,61.21,24.12,26.42,69.32,Healthy
63.64,8.26,2.29,26.58,19.81,35.77,29.56,32.6,38.83,Moderate
82.78,5.0,0.25,15.55,18.71,20.73,36.37,16.93,26.01,Needs Attention
40.72,8.35,0.9,28.71,15.54,41.51,36.64,33.45,88.4,Moderate
4.99,8.66,0.39,22.3,9.84,11.42,36.58,36.91,27.96,Needs Attention
33.1,6.55,1.1,56.46,43.46,63.17,23.42,27.32,56.86,Healthy
65.25,6.21,1.44,76.51,39.77,65.47,26.13,26.98,70.82,Healthy
56.36,6.75,1.58,58.42,22.74,50.0,27.0,24.7,80.29,Healthy
32.91,8.42,2.21,44.33,37.7,38.32,32.52,35.08,88.13,Moderate
30.59,7.93,1.9,40.02,22.17,15.92,30.6,34.65,42.6,Moderate
12.54,4.71,0.28,21.74,10.06,7.73,15.91,35.97,95.15,Needs Attention
78.24,5.34,1.96,38.91,23.93,37.32,31.18,31.69,41.13,Moderate
44.48,7.3,1.54,55.17,37.79,55.65,26.23,23.49,70.66,Healthy
81.6,4.32,2.89,20.47,13.22,22.85,36.6,18.47,27.99,Needs Attention
68.37,5.4,2.26,32.16,24.69,17.8,36.29,33.8,50.34,Moderate
82.15,5.34,2.05,20.33,36.28,22.99,31.51,33.48,95.43,Moderate
74.15,5.23,1.04,43.05,30.42,33.97,31.34,33.99,40.22,Moderate
52.86,6.06,1.51,74.59,45.18,61.7,22.81,26.79,77.08,Healthy
64.75,7.61,0.97,25.66,13.02,22.26,33.04,33.74,48.29,Moderate
7.15,5.06,2.75,18.52,18.89,8.58,35.07,17.73,96.24,Needs Attention
45.82,6.96,1.76,63.52,32.69,59.91,26.01,18.2,83.16,Healthy
66.18,6.35,1.53,51.15,45.91,54.93,27.64,29.15,65.76,Healthy
46.45,6.55,1.78,58.25,38.99,45.55,23.48,25.08,78.89,Healthy
90.61,8.69,2.9,20.2,12.43,23.81,19.5,22.46,30.99,Needs Attention
88.48,5.05,2.86,13.79,10.59,23.49,34.01,21.02,93.58,Needs Attention
82.89,8.35,2.75,14.58,7.95,17.21,20.05,38.41,29.98,Needs Attention
46.4,7.24,1.39,59.33,28.26,57.19,23.31,29.87,60.2,Healthy
67.54,6.6,1.85,59.34,53.55,39.75,24.96,25.82,73.26,Healthy
53.4,6.31,1.49,51.97,33.73,42.59,26.71,25.95,70.35,Healthy
17.37,8.9,2.69,15.82,14.36,10.01,16.31,16.49,94.65,Needs Attention
59.51,6.83,1.36,53.75,33.99,39.96,29.68,32.16,64.6,Healthy
65.56,7.67,1.27,25.0,23.06,35.32,28.89,35.08,82.1,Moderate
61.33,5.13,2.07,40.93,41.44,33.42,29.42,32.3,35.58,Moderate
33.84,5.45,2.38,25.21,16.91,45.42,29.21,32.48,84.02,Moderate
10.21,5.14,2.99,15.5,6.4,21.4,15.89,36.46,94.78,Needs Attention
48.79,6.73,1.57,40.38,31.1,47.13,27.82,34.1,72.04,Healthy
55.37,6.24,1.53,58.26,35.75,54.27,22.16,29.52,65.71,Healthy
30.55,7.68,0.66,29.85,25.93,24.82,34.67,31.53,93.85,Moderate
51.15,6.53,1.25,67.24,38.75,60.25,24.23,28.64,60.19,Healthy
58.86,7.16,1.24,55.39,35.98,52.7,27.26,24.59,81.81,Healthy
68.46,7.87,0.78,31.61,18.88,35.96,29.94,35.37,53.77,Moderate
22.05,7.68,0.67,23.42,24.62,23.43,33.37,35.8,84.82,Moderate
68.91,6.03,1.71,36.36,29.25,27.76,32.34,38.4,38.13,Moderate
42.32,6.88,1.52,54.74,23.48,73.61,21.86,27.82,65.43,Healthy
5.7,8.74,0.51,18.74,12.24,14.03,34.16,38.27,33.97,Needs Attention
30.06,7.69,0.95,30.56,23.02,22.79,30.91,33.2,90.71,Moderate
97.94,8.66,0.49,17.52,10.66,23.36,36.53,38.63,37.69,Needs Attention
59.37,6.47,1.46,64.88,41.68,34.11,31.56,27.64,59.94,Healthy
30.55,7.9,0.64,49.48,16.31,47.26,30.15,36.35,84.06,Moderate
44.55,6.63,1.55,54.65,29.89,60.33,22.43,25.44,81.52,Healthy
6.57,4.94,0.53,24.09,14.53,18.53,19.37,37.61,95.79,Needs Attention
85.87,4.93,2.7,31.31,12.02,21.24,17.94,17.24,92.42,Needs Attention
33.35,7.93,0.44,41.96,9.66,25.18,28.71,31.8,96.65,Moderate
48.67,6.76,1.76,70.02,41.4,36.76,21.43,27.2,75.75,Healthy
12.3,8.86,0.32,19.12,11.35,20.29,35.95,18.14,95.62,Needs Attention
53.25,8.18,0.67,40.44,32.48,26.91,30.86,34.22,35.49,Moderate
94.36,8.59,2.79,34.07,16.78,19.83,34.02,32.57,97.04,Needs Attention
49.0,6.23,1.43,51.22,47.38,47.73,23.38,33.52,79.19,Healthy
36.39,6.53,1.48,59.18,41.19,55.34,21.9,31.52,70.22,Healthy
47.13,6.55,1.48,51.66,44.39,59.25,21.04,27.67,60.47,Healthy
48.02,6.9,1.5,45.03,45.57,52.48,24.82,26.34,43.36,Healthy
83.33,8.61,2.66,11.75,8.05,18.2,31.74,16.88,25.93,Needs Attention
69.57,8.06,0.94,40.31,24.85,23.93,32.79,33.47,100.0,Moderate
33.14,8.84,1.06,31.17,25.97,36.49,34.15,37.21,46.47,Moderate
18.63,8.17,2.71,25.47,8.52,12.14,35.38,34.75,94.03,Needs Attention
53.17,6.64,1.6,49.24,46.97,63.95,22.13,27.2,82.94,Healthy
42.55,6.02,0.89,34.69,16.9,26.86,32.55,33.89,41.82,Moderate
59.44,5.67,2.39,26.4,21.41,28.05,31.9,30.72,42.23,Moderate
49.75,6.74,1.55,54.56,32.68,61.52,21.69,24.59,61.83,Healthy
60.4,5.92,1.07,26.83,19.2,28.58,30.65,29.16,87.19,Moderate
91.5,5.31,2.86,26.27,16.08,30.06,34.29,18.42,35.85,Needs Attention
51.07,6.93,1.45,57.37,32.81,54.52,24.92,28.42,74.91,Healthy
49.86,6.76,1.41,52.22,59.97,52.38,25.24,23.58,79.97,Healthy
40.69,6.63,1.39,65.51,32.83,52.3,27.59,30.52,71.01,Healthy
61.52,7.47,0.74,42.93,28.81,33.57,32.45,39.22,89.69,Moderate
27.92,5.42,0.8,31.25,32.29,36.53,27.56,36.54,45.48,Moderate
58.33,6.78,1.29,55.4,36.97,60.41,23.49,25.04,58.7,Healthy
86.86,5.16,2.14,43.88,26.52,31.24,33.25,35.21,46.77,Moderate
20.28,5.27,1.9,24.05,24.39,35.39,29.57,38.23,86.26,Moderate
39.4,7.07,1.34,80.91,38.49,61.08,24.05,33.59,67.39,Healthy
57.62,6.83,1.25,67.65,48.1,55.31,22.97,25.63,74.56,Healthy
30.61,7.0,1.58,54.97,48.21,49.4,25.55,21.13,51.82,Healthy
34.83,7.15,1.31,59.41,33.92,44.7,21.9,29.84,82.71,Healthy
4.77,8.48,0.38,15.87,3.36,20.8,32.9,38.04,94.5,Needs Attention
65.39,6.64,1.52,77.95,35.6,70.15,24.51,32.35,78.75,Healthy
45.36,6.71,1.72,67.34,28.27,68.34,26.92,26.54,61.27,Healthy
92.01,8.05,0.58,15.65,15.22,8.98,14.26,40.36,94.17,Needs Attention
52.04,6.32,1.97,49.59,35.15,45.51,23.57,29.01,72.03,Healthy
67.9,6.22,1.95,45.87,11.21,18.26,31.58,34.26,89.55,Moderate
58.28,7.03,1.28,64.36,43.72,44.9,23.34,29.04,84.39,Healthy
57.05,6.5,1.55,48.68,40.16,51.49,26.7,24.99,99.66,Healthy
29.47,5.73,0.85,31.15,20.24,38.94,35.06,32.33,90.66,Moderate
47.82,6.43,1.34,40.0,35.28,37.36,20.91,27.35,76.81,Healthy
43.79,6.63,1.66,62.04,47.68,55.93,26.43,33.04,59.83,Healthy
19.63,5.4,2.66,31.64,15.29,33.22,33.1,35.5,100.0,Moderate
33.31,7.27,1.29,71.16,36.66,55.7,21.81,23.35,77.23,Healthy
51.58,7.03,1.12,59.52,37.02,59.24,25.14,31.73,63.61,Healthy
91.15,8.63,0.53,13.49,15.2,19.59,15.61,36.27,97.43,Needs Attention
43.48,6.22,1.3,40.0,43.89,45.32,23.52,26.89,64.78,Healthy
84.59,4.58,0.63,28.65,9.24,20.8,19.16,20.57,32.59,Needs Attention
72.3,8.05,1.0,44.58,9.66,40.51,31.22,35.83,88.03,Moderate
9.48,4.84,0.35,19.89,10.7,10.54,14.55,20.47,32.21,Needs Attention
22.04,5.52,0.45,29.13,25.33,36.39,30.2,32.21,88.01,Moderate
7.55,4.81,0.26,18.95,6.18,14.36,15.2,19.3,32.44,Needs Attention
49.71,6.81,1.3,53.72,37.16,48.77,23.72,20.28,72.88,Healthy
34.98,7.83,1.14,38.73,6.84,21.79,36.22,34.21,82.18,Moderate
68.22,8.17,2.14,27.48,28.26,27.52,35.72,37.07,94.78,Moderate
15.19,8.19,0.53,17.67,19.24,11.03,12.48,19.83,21.86,Needs Attention
78.42,8.15,0.74,36.52,21.56,37.1,31.36,33.38,41.24,Moderate
56.0,6.58,1.37,55.51,45.88,62.79,24.1,26.35,53.58,Healthy
44.16,6.73,1.19,65.92,45.11,67.57,27.9,24.24,64.26,Healthy
93.46,4.92,2.52,20.37,10.51,7.26,12.09,37.5,29.81,Needs Attention
92.42,5.31,2.57,20.69,10.51,26.17,15.7,21.25,24.36,Needs Attention
67.51,8.17,0.91,24.51,26.95,36.78,27.46,37.55,52.24,Moderate
83.71,7.71,1.8,20.29,26.35,19.84,29.31,33.75,51.2,Moderate
14.97,8.84,2.68,32.29,14.49,15.66,35.93,35.98,37.6,Needs Attention
37.94,6.75,1.46,75.99,25.64,49.19,27.72,26.27,70.46,Healthy
40.45,6.81,1.25,73.47,40.33,54.05,25.02,28.71,78.39,Healthy
82.65,4.98,2.72,15.2,7.62,27.08,30.47,19.52,28.65,Needs Attention
45.87,7.16,1.47,36.21,49.59,61.54,26.0,18.73,71.97,Healthy
48.85,6.59,1.1,43.46,33.55,45.59,25.21,30.13,76.62,Healthy
88.99,5.46,0.47,30.23,9.65,20.72,16.35,20.94,93.29,Needs Attention
53.37,7.24,1.42,72.76,42.99,55.81,30.51,31.96,87.11,Healthy
17.79,4.7,0.34,20.73,5.18,16.62,17.59,18.55,24.85,Needs Attention
90.5,8.8,2.54,21.69,15.89,15.98,35.37,34.17,35.98,Needs Attention
54.5,6.52,1.54,49.86,42.3,44.28,19.75,29.87,65.74,Healthy
59.35,7.01,1.32,47.89,37.01,50.92,21.79,25.63,66.68,Healthy
54.77,6.75,1.58,69.76,43.26,68.4,24.41,28.8,78.34,Healthy
10.35,4.82,2.64,15.36,11.88,9.34,16.06,36.78,32.2,Needs Attention
40.25,5.99,2.29,18.03,8.33,23.73,28.06,34.68,90.98,Moderate
14.1,5.25,0.37,21.47,15.93,18.83,33.93,21.12,96.57,Needs Attention
67.56,6.58,1.76,69.44,38.03,44.63,24.16,30.4,92.57,Healthy
48.76,6.74,1.52,61.18,34.23,59.64,25.81,24.83,61.72,Healthy
27.08,8.21,2.41,31.33,14.95,29.53,33.39,33.82,84.24,Moderate
75.51,4.93,1.19,35.47,23.6,35.02,35.65,34.63,47.67,Moderate
74.12,6.19,2.22,44.31,10.46,30.32,32.34,35.51,86.18,Moderate
89.12,8.05,2.83,26.42,14.22,25.52,31.03,34.09,23.2,Needs Attention
73.08,5.42,2.18,37.22,16.35,47.07,31.74,33.98,80.98,Moderate
37.56,6.42,1.5,42.2,28.91,57.59,24.32,24.26,69.11,Healthy
52.86,6.5,1.25,61.52,28.15,48.78,20.66,22.93,82.54,Healthy
35.59,5.65,2.11,34.02,13.48,11.47,34.65,32.45,42.53,Moderate
76.92,7.35,1.13,33.26,24.84,27.2,29.89,36.57,48.43,Moderate
34.27,5.88,2.15,30.31,14.26,25.42,32.8,34.84,78.15,Moderate
46.39,6.87,1.77,56.68,29.53,42.91,22.4,25.63,65.28,Healthy
81.04,7.65,2.56,25.38,6.89,43.13,31.97,32.7,85.42,Moderate
82.91,8.35,2.7,20.91,13.78,19.41,17.29,23.14,93.14,Needs Attention
87.14,8.5,0.41,18.97,11.13,17.32,32.99,33.7,31.71,Needs Attention
39.37,5.71,2.31,29.49,9.54,18.94,30.11,30.47,82.66,Moderate
67.01,6.22,2.22,27.24,22.56,23.59,35.55,36.22,84.08,Moderate
18.1,4.89,0.26,19.07,11.96,20.51,34.16,36.82,97.3,Needs Attention
66.42,6.66,1.45,47.47,34.58,56.41,26.73,27.91,79.48,Healthy
45.33,6.58,1.15,79.52,52.02,54.77,24.42,32.48,86.61,Healthy
7.36,7.71,2.66,17.78,13.24,16.88,12.91,34.25,95.58,Needs Attention
44.93,6.74,1.29,59.63,33.77,47.76,23.45,27.88,72.03,Healthy
93.07,4.84,0.37,23.06,10.92,16.15,33.07,17.27,26.42,Needs Attention
45.46,7.07,1.95,46.8,40.28,45.46,25.88,28.28,73.21,Healthy
45.72,6.61,1.24,66.38,31.61,49.33,25.36,31.84,71.92,Healthy
42.49,6.75,1.08,61.64,41.8,59.28,23.26,29.21,75.88,Healthy
54.34,6.8,1.36,58.29,44.45,56.61,24.97,25.25,97.37,Healthy
88.9,8.18,0.43,19.84,11.09,28.61,34.26,17.83,31.54,Needs Attention
33.08,5.7,1.11,33.45,27.33,25.7,32.61,36.51,84.29,Moderate
21.62,5.36,0.49,19.52,6.07,19.94,13.24,18.28,96.91,Needs Attention
8.74,5.11,2.79,14.65,19.46,31.32,35.79,18.97,21.12,Needs Attention
86.08,8.95,2.75,24.01,18.66,24.02,34.02,19.69,94.63,Needs Attention
78.12,6.22,1.01,31.27,23.6,39.87,27.77,38.98,33.75,Moderate
69.99,8.39,1.14,28.34,15.09,37.09,35.44,36.91,50.09,Moderate
29.01,6.71,1.41,66.25,24.91,63.62,26.55,30.76,71.53,Healthy
53.53,6.99,1.49,50.23,47.36,44.78,22.85,24.06,68.19,Healthy
14.77,8.54,2.59,13.88,16.23,21.68,19.6,18.19,27.45,Needs Attention
54.24,6.53,2.03,42.77,28.38,36.01,24.51,28.42,69.03,Healthy
44.83,7.05,1.8,70.16,41.44,64.51,23.19,34.46,74.17,Healthy
14.03,6.12,2.38,59.64,32.17,32.07,34.15,30.58,45.2,Moderate
16.72,4.83,0.33,19.16,11.87,7.55,35.17,39.24,28.65,Needs Attention
33.28,5.98,1.06,67.26,23.93,51.9,22.22,27.47,70.73,Healthy
17.28,5.08,2.87,19.48,11.87,26.4,16.11,17.63,29.99,Needs Attention
50.59,6.63,1.22,55.79,29.48,39.28,21.29,32.01,75.65,Healthy
56.24,6.06,1.37,50.26,52.2,69.5,25.56,25.26,87.49,Healthy
90.9,5.15,2.7,18.51,8.54,14.09,35.92,34.99,33.94,Needs Attention
63.82,7.91,2.31,37.64,14.97,30.95,37.7,37.97,85.43,Moderate
33.65,8.4,0.8,14.21,21.31,40.82,33.31,38.9,100.0,Moderate
42.18,7.36,1.12,56.03,24.51,54.97,24.49,25.93,63.6,Healthy
60.59,7.11,1.59,55.59,37.15,50.4,22.67,27.82,46.83,Healthy
85.23,8.39,0.22,21.73,11.33,12.6,14.33,41.03,31.7,Needs Attention
69.22,5.68,1.89,31.8,19.29,25.42,32.62,35.11,38.16,Moderate
85.3,8.6,0.5,24.68,18.03,4.36,31.39,17.28,97.81,Needs Attention
38.42,5.68,2.38,24.13,33.66,26.98,31.31,35.88,79.95,Moderate
77.2,8.32,0.87,32.01,30.66,34.94,31.85,34.19,29.37,Moderate
71.44,7.84,1.01,36.03,39.94,57.04,24.31,29.11,69.57,Healthy
9.6,8.33,0.33,20.86,8.83,7.03,33.93,17.73,98.06,Needs Attention
9.31,4.89,2.74,18.83,14.22,21.88,17.46,37.2,100.0,Needs Attention
53.28,7.15,1.18,57.17,34.82,45.39,20.55,27.24,80.47,Healthy
62.92,6.39,1.45,53.1,37.25,60.01,28.25,30.57,68.36,Healthy
10.47,8.29,0.99,27.58,27.69,31.79,28.37,31.07,51.39,Moderate
57.97,8.03,0.61,38.64,18.26,19.58,34.38,35.66,84.19,Moderate
45.83,6.11,1.56,50.93,41.26,60.56,25.39,29.67,60.32,Healthy
92.06,8.65,2.67,20.42,10.66,8.6,35.46,20.81,26.58,Needs Attention
72.4,7.88,1.01,33.1,18.66,37.58,32.68,35.13,89.04,Moderate
9.44,5.22,2.72,26.22,16.05,19.62,33.73,19.09,92.93,Needs Attention
64.7,5.41,1.55,36.05,14.37,25.64,30.39,36.36,86.84,Moderate
17.22,8.43,2.58,12.62,7.08,17.42,14.61,37.0,94.94,Needs Attention
6.85,4.99,0.56,17.25,14.55,11.87,34.23,34.98,97.93,Needs Attention
68.53,6.23,1.03,14.12,27.7,29.47,31.06,32.27,85.52,Moderate
65.75,7.06,0.97,70.61,26.05,65.51,26.71,32.04,75.99,Healthy
10.71,8.45,2.8,13.1,2.74,20.69,37.13,19.09,96.43,Needs Attention
54.61,6.28,1.28,59.05,43.62,51.03,25.12,27.24,70.53,Healthy
14.84,8.26,2.7,20.06,9.0,13.88,15.13,19.69,98.91,Needs Attention
54.96,7.0,1.49,59.3,40.4,54.69,26.29,28.89,72.21,Healthy
7.57,8.32,0.3,19.14,19.08,12.66,16.98,37.51,93.82,Needs Attention
80.37,5.61,0.55,26.49,21.85,27.49,28.81,35.52,88.96,Moderate
53.23,6.67,1.36,56.2,45.8,60.41,21.98,29.29,66.14,Healthy
46.84,5.82,2.45,22.02,17.01,33.42,36.82,32.1,47.94,Moderate
36.93,5.99,0.67,27.69,22.32,30.08,35.48,35.76,49.24,Moderate
57.67,7.52,0.62,32.36,26.38,24.44,35.98,34.19,86.13,Moderate
80.36,7.85,2.3,47.24,30.64,34.7,29.03,32.69,35.08,Moderate
28.37,5.42,1.03,26.58,29.67,31.58,31.59,28.98,90.6,Moderate
54.72,7.07,1.68,57.31,38.63,46.08,25.12,22.08,72.2,Healthy
80.08,7.64,0.93,21.31,25.86,19.73,35.23,35.28,49.68,Moderate
35.36,5.78,0.48,39.98,10.83,32.33,32.13,35.92,81.38,Moderate
17.06,6.19,2.03,26.06,18.82,34.3,30.89,35.63,52.71,Moderate
51.37,5.59,0.91,29.13,19.57,18.84,26.01,38.94,85.87,Moderate
49.91,6.75,1.01,63.23,49.37,62.2,26.88,26.84,73.31,Healthy
9.9,4.91,2.63,16.72,14.23,19.1,15.9,15.9,28.14,Needs Attention
67.6,5.43,0.89,43.12,29.38,33.44,31.93,34.89,48.51,Moderate
41.79,6.5,1.45,60.76,44.52,55.88,23.57,25.47,90.42,Healthy
61.68,7.9,2.03,40.16,29.49,36.54,32.8,32.34,95.98,Moderate
30.91,8.47,2.13,31.05,32.4,44.72,29.67,31.35,48.02,Moderate
51.02,6.48,1.51,41.8,45.52,41.4,24.62,25.99,87.47,Healthy
26.21,8.16,0.72,37.28,1.72,23.19,34.75,36.51,51.18,Moderate
70.13,7.91,1.24,36.43,18.59,16.54,31.51,32.56,51.6,Moderate
24.75,7.85,2.0,33.18,20.46,39.44,30.47,32.56,80.04,Moderate
30.15,6.18,2.17,26.86,8.22,38.36,36.37,35.91,57.97,Moderate
62.79,6.19,1.67,32.88,51.15,31.57,30.59,25.83,83.61,Healthy
58.03,7.3,0.56,36.7,22.96,30.48,33.1,34.4,42.73,Moderate
54.36,6.9,1.5,57.77,39.44,42.23,20.09,33.74,72.34,Healthy
45.15,6.56,1.41,48.39,31.38,51.1,26.97,20.78,68.48,Healthy
35.89,7.76,2.33,34.57,11.38,33.04,30.41,30.21,53.98,Moderate
52.09,6.89,1.61,65.55,38.63,73.09,27.97,26.06,70.77,Healthy
40.15,7.98,0.77,32.66,26.91,34.59,30.28,36.12,43.92,Moderate
58.61,7.56,1.21,47.78,32.98,68.06,27.11,26.59,72.33,Healthy
26.05,8.34,0.77,24.06,18.67,24.09,29.02,34.41,50.24,Moderate
88.93,4.74,2.73,19.58,15.23,18.83,36.69,37.18,28.82,Needs Attention
37.69,5.96,1.19,53.65,48.49,52.61,25.13,30.84,46.34,Healthy
45.76,6.71,1.69,69.11,32.29,72.76,24.87,27.72,57.44,Healthy
47.28,7.06,1.77,77.41,40.82,49.81,26.45,24.44,63.31,Healthy
73.98,5.36,0.85,16.37,11.07,37.16,32.32,37.71,88.83,Moderate
76.04,7.68,0.68,37.53,33.81,29.3,29.92,39.39,39.44,Moderate
38.32,7.62,0.91,35.59,25.48,27.03,32.1,31.89,35.8,Moderate
9.51,8.59,0.56,21.93,13.28,19.44,17.73,41.59,24.01,Needs Attention
62.22,7.15,1.14,55.36,32.56,49.32,28.51,22.73,57.43,Healthy
66.65,7.19,1.78,64.71,36.62,57.98,23.63,31.89,75.64,Healthy
74.4,8.05,2.07,65.14,11.68,30.28,31.57,33.8,46.58,Moderate
74.82,5.95,0.71,29.24,14.5,39.13,29.58,32.25,84.01,Moderate
53.27,6.08,0.91,39.43,29.13,44.45,23.37,26.8,71.7,Healthy
84.72,7.7,0.83,28.52,31.27,47.06,28.32,37.6,86.16,Moderate
84.32,8.3,0.53,10.05,15.56,17.65,34.5,38.46,24.3,Needs Attention
14.22,8.2,0.48,9.38,9.86,30.17,17.28,39.22,93.89,Needs Attention
84.11,8.94,2.68,18.84,15.37,15.35,35.71,38.26,25.49,Needs Attention
44.71,6.16,0.95,56.24,39.14,41.14,22.32,31.57,79.88,Healthy
0.91,4.92,0.52,19.34,8.47,28.04,17.5,34.22,36.64,Needs Attention
45.2,6.46,1.32,50.36,40.27,60.88,25.4,30.9,67.51,Healthy
8.36,5.48,2.26,30.48,25.99,33.82,28.61,35.17,59.71,Moderate
78.07,5.47,1.94,23.47,27.61,39.77,30.14,31.09,89.38,Moderate
53.36,7.05,1.38,41.16,44.27,51.91,27.98,27.09,71.59,Healthy
93.4,9.03,0.53,21.21,10.92,25.57,33.03,38.35,27.54,Needs Attention
80.71,7.94,2.43,23.82,18.94,30.99,29.73,37.49,36.42,Moderate
47.99,7.27,1.49,55.25,52.35,49.13,30.09,25.47,62.89,Healthy
64.77,7.86,2.08,49.63,14.24,18.87,31.71,29.03,40.57,Moderate
71.1,8.37,2.31,24.69,18.27,28.01,39.45,33.96,84.89,Moderate
11.01,4.8,2.78,7.2,10.47,25.02,34.67,38.59,20.0,Needs Attention
10.35,8.26,0.57,15.06,17.03,9.69,14.68,35.75,34.76,Needs Attention
96.06,4.77,0.65,17.94,13.07,12.08,16.77,18.28,28.27,Needs Attention
4.75,8.81,0.68,22.62,14.29,18.29,39.28,19.44,29.25,Needs Attention
73.39,5.94,2.41,38.65,29.71,36.92,30.71,35.22,86.67,Moderate
50.08,6.93,1.53,51.8,42.06,42.58,27.96,29.49,63.46,Healthy
93.76,5.01,2.67,22.93,15.52,27.8,16.81,20.77,95.54,Needs Attention
40.46,6.18,2.54,43.66,25.03,30.92,36.71,34.68,91.09,Moderate
38.1,6.36,1.55,49.77,41.93,42.21,20.14,31.27,75.58,Healthy
27.24,7.47,1.15,32.27,19.28,30.11,32.52,32.69,38.26,Moderate
72.9,7.97,0.88,19.9,9.27,43.07,25.41,34.49,89.13,Moderate
74.01,5.91,2.14,9.81,20.2,21.84,35.58,33.07,98.23,Moderate
64.17,5.45,0.88,30.97,11.21,31.85,33.91,36.99,82.88,Moderate
11.62,4.6,0.22,22.49,11.43,15.81,17.69,17.71,38.59,Needs Attention
84.29,5.3,0.5,14.55,14.57,24.23,38.33,36.02,24.42,Needs Attention
31.4,6.05,2.24,40.88,24.3,40.32,31.27,36.59,91.55,Moderate
28.79,6.92,1.71,52.24,36.56,41.26,23.2,25.52,65.85,Healthy
66.93,7.98,0.47,18.75,22.82,35.48,33.1,35.51,43.09,Moderate
43.05,6.31,1.6,60.64,33.57,60.2,19.89,25.78,73.94,Healthy
29.86,7.72,2.62,47.84,34.65,39.53,33.54,32.13,51.64,Moderate
34.77,5.54,0.85,41.69,36.07,23.16,34.75,34.65,80.68,Moderate
68.64,7.55,2.38,18.87,15.62,30.32,31.92,30.59,48.88,Moderate
51.02,6.21,1.61,55.4,43.72,54.35,24.95,26.86,79.08,Healthy
86.49,8.77,2.34,25.59,10.8,23.93,33.63,21.54,94.35,Needs Attention
54.83,6.36,1.55,50.58,38.85,69.08,21.0,26.16,60.53,Healthy
13.43,5.16,2.36,21.2,6.57,19.19,16.6,34.79,94.76,Needs Attention
35.45,5.11,2.06,39.63,32.22,31.59,31.27,35.11,72.81,Moderate
45.64,7.02,1.54,51.99,44.72,59.23,22.58,25.52,51.97,Healthy
74.83,8.29,0.86,32.47,24.05,37.42,33.33,32.94,49.6,Moderate
16.02,4.86,0.6,19.4,17.26,13.43,34.24,37.88,94.0,Needs Attention
91.55,5.54,0.53,24.61,11.89,13.56,15.32,31.38,97.76,Needs Attention
13.36,8.89,2.67,21.98,13.01,16.17,19.51,34.15,33.82,Needs Attention
63.09,7.16,1.83,64.05,35.66,57.88,28.75,28.82,64.56,Healthy
32.57,7.79,2.04,43.99,10.73,37.53,32.04,36.41,88.63,Moderate
56.69,7.52,1.32,52.56,41.08,48.45,23.04,27.16,78.33,Healthy
58.95,6.58,1.62,77.78,40.08,49.72,25.68,27.54,74.3,Healthy
26.34,6.0,2.56,38.68,18.12,30.53,31.13,35.22,83.6,Moderate
88.34,8.89,2.7,18.22,7.25,9.68,34.05,37.96,34.72,Needs Attention
78.83,8.37,2.05,49.05,20.63,18.66,30.93,34.81,89.03,Moderate
37.0,6.91,1.95,71.63,49.99,60.42,23.01,24.75,65.32,Healthy
55.94,6.75,1.69,48.52,35.72,48.6,20.79,30.33,57.37,Healthy
57.78,5.81,1.14,20.52,16.41,34.31,32.66,30.71,98.8,Moderate
56.0,6.74,1.3,61.59,36.86,61.94,22.01,27.67,65.41,Healthy
33.86,5.56,2.06,46.76,12.63,33.21,29.98,33.82,41.01,Moderate
65.19,5.91,0.8,36.14,22.03,30.96,29.74,34.67,87.4,Moderate
43.02,6.29,0.65,57.3,33.43,55.98,19.57,25.06,76.23,Healthy
26.34,7.56,1.34,25.39,30.02,31.95,30.95,33.89,44.9,Moderate
35.2,6.22,1.15,28.95,21.14,34.42,34.4,36.5,43.07,Moderate
4.3,8.15,0.5,25.25,8.33,19.66,34.05,34.5,31.86,Needs Attention
17.07,4.81,2.75,22.26,4.77,5.24,18.74,36.99,96.3,Needs Attention
51.3,6.81,1.34,50.38,37.04,41.85,29.4,25.56,82.43,Healthy
67.32,6.95,1.28,65.43,31.66,74.21,21.43,28.32,72.02,Healthy
19.47,8.28,0.78,43.48,27.23,34.62,32.97,34.93,95.71,Moderate
54.67,6.91,1.41,63.37,40.17,39.5,23.05,32.98,82.5,Healthy
47.93,7.09,1.81,68.99,50.92,60.18,23.13,30.42,78.28,Healthy
75.28,6.97,1.19,47.7,10.84,18.85,33.9,32.9,93.21,Moderate
25.31,7.89,0.66,5.51,31.69,44.15,33.62,31.82,77.05,Moderate
12.16,8.62,2.76,22.44,11.52,28.39,35.96,18.37,97.21,Needs Attention
56.82,8.66,1.05,28.93,12.76,43.51,37.4,35.03,88.44,Moderate
65.0,7.96,1.27,41.54,25.62,29.87,30.1,36.58,42.2,Moderate
74.34,8.28,2.2,38.98,17.76,46.07,29.77,38.6,82.51,Moderate
28.37,8.63,2.11,24.69,28.92,33.29,30.41,34.18,99.3,Moderate
19.07,8.24,2.75,15.14,13.89,19.31,12.05,17.86,94.71,Needs Attention
90.07,8.01,2.68,25.79,5.64,26.1,34.35,18.84,32.23,Needs Attention
74.05,6.29,2.1,29.86,13.51,35.45,29.95,36.75,88.89,Moderate
49.2,7.38,1.41,55.62,38.63,38.83,21.91,25.41,82.22,Healthy
52.34,7.03,1.35,70.79,36.96,57.39,26.39,29.74,87.7,Healthy
56.81,6.81,1.17,57.02,23.67,56.46,23.45,25.15,77.9,Healthy
84.22,4.98,2.6,8.87,13.82,24.21,17.91,32.51,97.81,Needs Attention
54.33,8.72,2.41,33.16,23.93,30.47,33.96,30.98,95.94,Moderate
77.29,5.31,2.67,43.89,10.71,40.34,23.45,35.54,48.22,Moderate
32.99,7.1,1.48,58.93,35.69,58.89,24.1,30.68,56.6,Healthy
85.29,4.68,2.72,9.94,12.1,24.96,35.08,22.47,91.11,Needs Attention
43.34,6.66,1.45,55.29,46.01,56.59,24.24,21.88,82.64,Healthy
70.06,8.03,2.13,36.58,29.01,30.24,32.79,33.53,91.66,Moderate
15.37,8.56,0.46,27.61,9.36,13.63,31.64,36.1,95.22,Needs Attention
71.29,7.33,2.5,25.95,18.34,25.31,29.11,30.76,36.14,Moderate
51.22,7.12,1.49,56.83,50.63,55.31,26.55,29.15,46.11,Healthy
49.12,7.04,0.85,56.26,49.67,57.76,22.04,23.07,71.58,Healthy
68.36,7.68,0.9,37.6,16.49,20.41,31.4,27.86,79.23,Moderate
32.74,6.39,1.44,56.52,44.42,60.42,23.38,22.24,75.63,Healthy
23.06,5.57,2.18,32.93,23.24,35.23,33.16,32.08,94.49,Moderate
11.46,4.88,0.51,17.7,20.52,26.37,17.67,36.68,93.11,Needs Attention
69.01,8.13,2.47,27.17,27.45,27.88,32.87,32.85,80.48,Moderate
58.11,6.1,1.3,52.82,42.01,57.53,24.5,23.06,75.66,Healthy
63.01,7.31,1.66,55.62,31.94,45.42,29.36,24.92,50.8,Healthy
13.56,8.4,0.52,17.06,9.99,5.5,35.68,20.94,97.91,Needs Attention
56.45,6.29,1.34,47.57,41.34,38.22,26.18,30.55,82.32,Healthy
31.78,7.32,2.11,24.88,19.39,40.25,34.02,34.24,78.48,Moderate
65.49,6.23,0.88,43.54,38.9,38.62,23.09,20.9,81.79,Healthy
19.72,8.57,2.62,26.75,13.64,22.85,37.11,19.59,25.62,Needs Attention
52.56,6.94,1.31,69.35,26.76,44.19,24.6,24.91,69.21,Healthy
44.18,6.66,1.24,63.23,40.45,40.34,24.48,24.8,85.15,Healthy
60.49,6.44,0.93,56.74,37.95,62.63,21.38,28.57,75.62,Healthy
23.28,5.52,0.88,17.26,27.14,38.63,27.78,35.14,84.94,Moderate
37.82,7.49,1.53,49.76,43.69,73.89,26.05,18.64,95.87,Healthy
93.79,4.79,2.69,22.5,10.07,18.06,16.61,37.42,95.46,Needs Attention
11.35,4.86,0.54,23.25,10.92,33.66,32.52,35.12,32.68,Needs Attention
84.27,5.26,2.7,14.38,11.54,18.46,35.76,35.9,27.94,Needs Attention
66.35,7.9,0.52,50.39,21.67,44.1,30.44,36.08,100.0,Moderate
76.99,5.68,0.64,31.88,19.53,38.71,35.92,31.25,84.33,Moderate
80.64,5.21,0.63,24.62,15.46,16.84,16.8,35.59,93.67,Needs Attention
17.48,5.12,0.35,19.28,12.54,14.12,33.65,40.62,24.76,Needs Attention
48.78,6.35,1.38,80.06,21.82,53.66,21.97,31.13,79.35,Healthy
71.45,8.24,2.23,39.32,18.5,18.98,31.19,32.75,37.6,Moderate
55.12,6.73,1.43,51.36,57.82,42.44,27.3,29.49,77.54,Healthy
57.99,6.73,1.37,50.91,35.52,69.42,25.27,27.52,69.64,Healthy
90.92,8.3,0.52,25.28,10.75,23.7,16.28,14.62,96.23,Needs Attention
14.09,5.15,0.48,19.44,16.17,23.46,31.35,21.67,27.85,Needs Attention
56.52,6.68,1.22,59.96,42.29,55.41,22.93,28.83,68.35,Healthy
8.96,8.42,2.62,8.6,12.77,18.31,33.26,36.92,33.19,Needs Attention
50.33,7.39,1.38,68.99,32.46,56.2,18.65,23.64,76.2,Healthy
46.4,6.6,1.6,47.99,42.56,50.31,25.04,20.94,63.84,Healthy
78.0,7.97,2.07,29.67,25.91,33.05,31.18,33.08,99.24,Moderate
21.71,8.11,0.51,18.74,23.09,44.55,30.48,35.13,90.61,Moderate
48.79,6.36,1.2,53.12,35.46,62.98,25.16,25.4,81.86,Healthy
19.61,4.85,0.32,10.04,14.31,24.13,15.98,18.49,37.26,Needs Attention
35.41,8.25,1.95,21.68,32.31,24.77,35.7,35.31,85.85,Moderate
43.98,7.06,1.73,51.81,44.72,45.39,19.89,27.37,67.76,Healthy
39.46,6.66,1.1,54.02,42.11,55.77,24.15,23.41,68.3,Healthy
21.83,8.17,0.99,41.78,14.39,35.31,29.21,37.01,38.16,Moderate
47.1,7.83,2.19,47.2,27.75,24.07,32.6,35.05,90.23,Moderate
35.04,6.7,1.13,57.88,48.92,70.54,24.73,30.06,75.59,Healthy
16.85,7.04,1.02,31.15,19.82,37.13,36.22,39.68,43.03,Moderate
43.7,5.49,2.2,46.99,20.64,47.01,32.14,38.07,48.4,Moderate
24.13,7.87,2.51,31.2,26.21,33.12,30.4,37.15,41.96,Moderate
84.6,5.86,0.92,33.87,16.42,27.05,30.82,30.28,86.6,Moderate
47.54,6.78,1.23,68.27,58.53,46.65,27.44,29.21,70.49,Healthy
21.24,7.94,2.19,41.81,25.16,48.84,35.13,37.62,50.31,Moderate
56.67,6.12,1.24,58.81,60.16,60.16,23.29,27.08,80.28,Healthy
46.13,6.78,1.37,49.05,20.87,63.45,24.4,27.96,73.63,Healthy
45.84,7.89,1.98,33.31,24.54,39.46,30.55,32.51,99.16,Moderate
55.42,6.66,1.82,65.79,44.34,56.94,27.39,30.07,70.99,Healthy
29.03,7.83,2.64,40.64,16.64,10.9,29.31,37.36,92.75,Moderate
31.19,8.06,2.15,37.21,0.68,39.22,28.82,32.2,82.85,Moderate
47.19,6.89,1.71,55.27,47.38,35.03,22.99,28.48,89.76,Healthy
10.74,5.4,0.45,18.79,17.1,18.94,17.76,20.85,94.56,Needs Attention
88.96,8.38,0.54,33.31,16.51,30.83,15.88,35.79,20.0,Needs Attention
80.59,8.83,2.7,9.23,7.61,16.05,11.88,38.79,30.64,Needs Attention
58.43,6.92,1.09,55.68,65.01,52.17,22.65,23.97,87.95,Healthy
82.58,5.42,2.89,21.18,18.06,2.73,33.47,18.59,96.77,Needs Attention
35.67,6.95,1.66,45.88,36.23,46.23,29.25,31.96,63.71,Healthy
69.18,8.14,0.73,30.84,12.29,16.56,31.39,35.98,97.99,Moderate
54.1,6.58,1.5,74.0,34.99,65.17,23.02,32.41,64.3,Healthy
48.88,8.64,1.19,31.12,27.91,42.42,29.28,33.59,43.75,Moderate
78.66,8.99,0.26,17.32,7.11,11.47,16.81,20.48,96.67,Needs Attention
48.74,6.79,1.37,59.6,25.52,23.69,22.06,27.85,42.98,Healthy
51.71,7.18,1.57,51.12,25.01,50.91,25.58,27.46,64.1,Healthy
32.76,5.84,0.6,19.13,22.0,37.09,35.73,29.97,46.3,Moderate
39.27,6.61,1.8,35.29,40.82,45.66,24.08,25.95,80.64,Healthy
85.19,8.41,0.27,22.13,15.81,13.85,35.13,20.27,31.26,Needs Attention
11.6,8.35,2.78,28.13,7.83,15.98,20.25,20.63,97.85,Needs Attention
88.25,8.4,2.52,17.14,4.38,12.15,15.93,38.62,31.89,Needs Attention
59.59,6.75,1.48,40.84,34.27,61.07,24.65,28.1,73.2,Healthy
41.37,7.02,1.56,58.8,35.44,65.31,24.4,22.3,83.09,Healthy
6.95,8.62,0.49,23.76,15.66,18.64,35.48,21.38,99.33,Needs Attention
40.69,7.2,1.33,61.66,34.05,57.84,26.16,21.97,65.88,Healthy
13.22,8.93,0.59,22.06,5.31,17.53,33.36,18.86,25.83,Needs Attention
69.98,5.37,0.88,23.97,25.62,33.74,31.18,31.75,94.62,Moderate
58.27,6.45,1.46,68.4,41.32,57.54,23.84,22.28,69.73,Healthy
48.44,6.82,1.17,54.17,31.9,43.19,26.51,27.08,65.32,Healthy
39.25,5.71,2.33,40.99,31.01,26.72,34.32,37.4,92.29,Moderate
58.37,5.85,2.3,34.65,24.02,21.59,31.92,32.01,92.78,Moderate
77.99,7.57,0.72,27.9,18.07,36.12,32.34,37.05,40.27,Moderate
68.64,5.6,0.89,30.16,27.23,40.83,32.03,36.23,38.55,Moderate
48.38,6.68,1.57,58.31,43.22,54.49,24.01,29.05,47.3,Healthy
48.12,6.73,1.3,62.94,39.96,61.88,23.42,28.42,69.86,Healthy
43.51,6.69,0.96,67.26,33.83,51.65,20.93,25.25,69.48,Healthy
84.99,8.75,2.78,17.28,8.09,15.32,33.96,36.21,25.36,Needs Attention
44.81,6.79,1.39,58.5,51.7,67.14,22.94,29.33,77.88,Healthy
37.61,7.28,1.35,32.44,27.34,23.41,31.23,33.36,45.63,Moderate
90.85,5.07,0.38,17.67,18.94,30.44,37.19,15.54,26.71,Needs Attention
86.18,5.03,2.61,18.75,15.42,26.6,12.53,41.32,23.42,Needs Attention
46.3,6.64,1.12,74.61,35.67,61.67,25.19,27.91,70.94,Healthy
20.67,8.29,0.54,30.46,28.44,26.22,32.23,32.74,83.56,Moderate
43.93,6.74,1.84,66.45,39.97,56.02,24.25,30.23,75.9,Healthy
25.89,8.24,1.91,37.3,29.78,28.2,31.47,35.74,91.0,Moderate
52.77,6.57,1.37,67.09,54.61,61.18,17.53,24.73,73.03,Healthy
78.39,7.63,1.05,52.02,34.57,29.44,29.27,36.09,48.35,Moderate
21.37,4.66,0.43,16.81,14.67,16.81,37.31,18.61,33.28,Needs Attention
10.77,5.94,2.73,30.06,21.35,41.19,32.14,37.76,89.01,Moderate
81.59,5.83,1.83,22.03,23.9,29.42,31.22,37.1,38.55,Moderate
20.65,8.5,2.76,18.28,14.58,11.84,16.33,21.24,96.43,Needs Attention
66.89,7.96,2.14,43.25,14.29,22.67,29.44,33.1,87.66,Moderate
90.71,5.4,0.22,0.36,16.83,17.41,13.7,20.52,96.26,Needs Attention
81.72,8.32,2.68,14.82,8.82,12.01,34.51,39.83,93.55,Needs Attention
18.2,8.5,2.66,16.17,14.3,16.17,36.24,20.28,25.91,Needs Attention
69.78,5.51,0.73,41.33,23.41,18.14,33.81,35.36,99.52,Moderate
22.95,5.4,2.36,32.48,12.07,31.51,26.72,32.68,94.09,Moderate
11.4,8.28,0.46,12.07,9.35,16.85,11.61,32.3,92.45,Needs Attention
68.18,8.34,2.21,40.1,27.76,31.47,33.01,35.49,39.55,Moderate
48.25,7.18,1.63,52.56,38.69,46.57,21.51,23.86,74.38,Healthy
45.8,6.71,1.57,64.05,64.64,58.57,21.54,31.12,78.4,Healthy
34.01,8.13,2.03,35.42,13.8,23.29,35.88,37.42,48.15,Moderate
46.1,7.15,1.87,74.91,49.27,52.82,25.47,28.15,61.38,Healthy
80.19,5.63,0.96,21.19,12.89,41.45,33.43,31.85,78.33,Moderate
1.81,8.67,0.25,33.69,14.74,20.83,14.84,39.75,94.17,Needs Attention
40.51,6.65,1.13,61.07,36.3,53.85,24.89,28.16,76.5,Healthy
47.03,7.03,1.5,46.79,47.16,64.57,27.45,31.63,90.62,Healthy
58.83,6.46,1.44,53.71,46.01,47.2,26.4,28.78,68.62,Healthy
72.02,5.4,2.32,24.22,29.0,21.74,26.97,33.13,54.22,Moderate
70.32,7.27,1.0,31.83,19.3,23.4,34.44,35.64,89.72,Moderate
49.57,6.51,1.04,61.26,28.79,41.81,22.11,25.98,62.09,Healthy
46.85,6.17,1.61,63.53,47.82,62.33,26.47,29.49,77.49,Healthy
26.04,5.91,1.91,36.17,20.51,23.7,30.5,35.74,37.6,Moderate
79.22,5.95,0.93,23.72,26.64,40.81,26.81,33.81,51.45,Moderate
25.17,7.52,2.04,27.85,20.01,24.79,33.07,37.07,43.78,Moderate
13.31,9.0,0.49,26.13,1.81,19.06,31.72,36.73,28.26,Needs Attention
8.76,4.92,2.89,23.24,13.63,16.8,35.35,18.79,96.4,Needs Attention
27.98,5.33,1.24,40.37,19.57,34.77,26.9,32.59,89.16,Moderate
10.93,8.67,0.37,22.31,8.18,19.67,18.14,39.12,95.33,Needs Attention
87.51,8.37,0.72,19.92,13.04,22.57,14.76,36.42,97.96,Needs Attention
78.57,6.15,1.14,41.24,24.75,18.67,34.73,34.95,47.19,Moderate
14.05,5.42,0.44,17.61,9.86,27.18,15.86,36.42,98.68,Needs Attention
75.57,8.26,0.78,45.38,20.75,39.25,28.15,37.25,34.85,Moderate
49.83,6.7,1.41,62.8,31.68,47.59,18.74,21.41,60.32,Healthy
49.31,6.06,1.27,53.37,51.66,50.51,22.27,26.6,84.97,Healthy
7.68,8.87,2.88,25.86,8.15,17.59,14.38,36.78,98.98,Needs Attention
72.44,8.14,1.01,22.77,23.53,25.02,33.01,32.33,90.2,Moderate
54.99,7.08,1.14,53.68,42.67,51.59,21.44,29.28,81.7,Healthy
62.83,5.98,1.76,25.14,33.01,38.13,36.06,34.03,79.27,Moderate
46.75,6.87,1.37,65.03,42.78,30.44,27.49,27.75,66.88,Healthy
52.94,6.79,1.77,45.0,45.76,40.21,28.19,28.63,80.68,Healthy
7.73,5.05,0.34,15.56,13.48,14.12,15.79,16.65,28.09,Needs Attention
49.06,6.56,1.31,70.93,54.04,62.04,16.59,20.26,71.93,Healthy
52.43,6.77,1.11,75.77,40.13,40.14,24.62,21.81,75.25,Healthy
49.38,6.57,1.15,51.41,32.53,38.86,27.21,25.92,52.18,Healthy
73.62,5.62,1.53,23.16,13.18,23.34,31.74,36.24,46.2,Moderate
16.39,5.84,2.31,42.95,21.19,31.5,28.66,35.71,40.82,Moderate
49.07,6.96,1.89,54.11,24.0,49.98,25.25,27.61,70.58,Healthy
48.69,6.99,1.33,75.22,35.82,35.32,24.06,25.32,100.0,Healthy
8.56,8.44,2.83,18.25,9.3,15.32,33.36,19.57,96.21,Needs Attention
40.85,5.99,1.64,52.73,33.28,45.56,23.75,28.73,57.2,Healthy
18.25,8.01,2.2,34.24,21.19,24.87,33.09,34.82,47.9,Moderate
13.76,4.65,0.51,19.57,14.29,14.6,16.48,33.36,34.41,Needs Attention
50.91,6.66,1.15,66.73,51.91,51.63,25.33,29.58,70.71,Healthy
47.24,6.56,1.53,62.92,38.39,48.07,25.38,27.21,66.85,Healthy
61.03,6.27,1.28,40.32,8.99,24.05,34.77,31.42,92.28,Moderate
52.64,6.32,1.89,47.82,42.7,49.43,23.42,29.29,74.2,Healthy
62.44,6.39,1.36,64.55,51.86,50.0,23.49,27.21,66.35,Healthy
55.78,6.31,1.63,53.61,42.96,42.47,23.24,28.1,78.79,Healthy
40.19,7.79,2.71,36.26,21.04,30.95,30.86,33.11,51.38,Moderate
32.83,5.73,2.13,36.37,33.89,26.98,33.62,31.8,46.45,Moderate
52.5,7.36,1.45,46.48,49.23,64.63,25.08,26.26,77.6,Healthy
24.53,5.97,0.86,30.13,28.58,25.8,35.82,32.57,59.02,Moderate
50.18,7.08,1.86,63.21,42.87,84.0,25.02,23.73,69.47,Healthy
52.25,6.79,1.79,63.59,42.05,37.3,23.19,24.6,64.6,Healthy
15.32,5.45,2.71,29.26,17.54,20.67,15.78,19.15,96.5,Needs Attention
66.5,7.71,2.18,26.52,7.84,26.51,32.9,34.34,100.0,Moderate
82.59,8.43,2.93,27.57,23.58,18.28,19.0,21.51,32.68,Needs Attention
79.16,8.64,2.65,19.08,13.77,21.61,32.74,19.44,97.95,Needs Attention
51.87,6.29,1.78,46.22,37.07,61.59,23.57,27.24,73.08,Healthy
94.31,8.55,2.79,23.23,11.09,21.3,17.23,18.84,97.52,Needs Attention
49.85,6.72,1.27,45.8,45.13,34.63,26.51,32.08,91.95,Healthy
9.56,8.43,2.66,15.82,5.84,20.03,36.97,20.93,32.67,Needs Attention
57.67,6.62,1.16,56.43,39.38,58.76,25.78,30.03,53.87,Healthy
74.07,5.88,0.87,14.64,27.45,34.91,29.54,34.7,53.2,Moderate
48.74,7.07,1.55,65.96,49.17,37.06,23.23,24.37,74.43,Healthy
11.59,4.72,2.94,18.36,14.84,21.67,13.07,19.4,95.77,Needs Attention
22.97,5.65,2.62,38.06,16.44,17.08,30.54,33.18,100.0,Moderate
35.39,6.42,1.37,82.16,37.5,59.45,25.45,28.07,71.79,Healthy
9.98,5.13,0.59,14.74,15.53,22.11,31.48,37.13,97.07,Needs Attention
16.1,5.04,2.7,28.51,7.5,25.05,16.39,17.26,92.09,Needs Attention
25.84,5.97,0.82,43.14,34.36,18.52,36.06,33.94,90.89,Moderate
16.37,5.51,2.02,32.67,19.72,25.51,35.09,37.27,100.0,Moderate
31.43,5.65,2.43,35.58,35.14,25.77,33.02,31.7,80.2,Moderate
21.02,8.31,0.1,23.37,9.73,18.02,14.79,18.87,93.7,Needs Attention
87.33,4.89,0.48,21.93,11.51,12.08,19.2,35.29,99.03,Needs Attention
10.06,5.24,2.81,33.97,8.54,12.02,11.49,20.3,30.92,Needs Attention
52.68,7.06,1.69,71.49,37.22,61.42,30.12,26.92,60.12,Healthy
80.27,4.92,0.58,40.63,2.98,27.41,35.56,34.02,33.51,Moderate
89.44,8.29,2.82,13.84,13.1,30.72,16.54,34.72,33.42,Needs Attention
10.66,5.26,2.86,15.49,6.46,21.29,37.77,35.74,95.18,Needs Attention
28.69,8.38,2.23,47.24,10.8,34.4,30.21,32.91,38.25,Moderate
36.78,6.89,1.43,54.99,46.07,56.52,23.83,36.15,81.16,Healthy
48.11,6.89,1.61,56.82,47.38,39.29,25.15,29.4,77.6,Healthy
58.37,6.18,1.62,62.96,41.49,43.22,22.36,17.7,66.09,Healthy
53.65,6.63,1.64,66.16,38.47,48.49,27.33,31.99,65.26,Healthy
40.67,7.07,1.39,56.66,49.36,44.23,26.08,25.0,77.18,Healthy
52.77,7.3,1.4,66.07,44.14,52.95,26.4,24.7,63.28,Healthy
29.56,5.72,1.61,39.51,29.77,23.95,30.94,36.12,93.2,Moderate
34.24,6.71,1.49,38.47,40.49,26.27,28.36,28.43,64.64,Healthy
66.06,5.24,0.97,39.38,26.15,23.73,34.51,35.77,43.9,Moderate
87.45,8.41,0.55,27.54,9.11,11.25,18.11,34.42,29.42,Needs Attention
8.3,8.28,0.35,19.93,16.04,18.91,34.42,36.15,24.09,Needs Attention
57.97,6.4,1.73,61.83,29.68,62.79,22.32,23.92,85.96,Healthy
42.4,5.7,0.97,34.87,19.29,31.75,31.46,37.97,46.8,Moderate
71.53,5.55,0.91,32.55,28.74,37.9,29.34,39.85,36.01,Moderate
57.55,6.29,1.28,66.39,35.59,51.18,23.32,25.78,67.56,Healthy
60.18,6.48,1.82,55.37,40.83,67.61,21.12,23.85,69.06,Healthy
51.86,6.74,1.55,78.35,38.06,48.36,23.4,28.17,52.9,Healthy
58.69,6.84,1.57,60.45,42.62,47.32,23.99,30.49,84.73,Healthy
35.51,5.57,1.05,32.61,29.35,21.78,31.88,32.56,44.53,Moderate
13.59,8.58,0.42,28.86,16.92,12.06,37.01,36.47,92.81,Needs Attention
49.0,6.04,1.07,62.76,35.96,58.65,21.46,31.08,63.56,Healthy
61.56,5.76,1.05,32.31,15.05,31.53,32.43,36.34,91.23,Moderate
58.06,6.67,1.16,46.11,42.51,54.86,22.58,26.66,61.84,Healthy
43.77,6.96,1.85,72.28,35.75,54.95,26.38,27.06,69.76,Healthy
34.56,5.61,2.28,33.65,14.54,33.87,27.46,36.33,48.25,Moderate
10.47,5.15,2.52,30.06,12.05,24.07,34.0,36.34,97.12,Needs Attention
11.12,5.11,2.73,15.7,5.87,15.29,16.98,35.78,37.41,Needs Attention
11.17,5.86,1.98,31.57,28.84,30.52,28.18,37.09,95.64,Moderate
96.69,5.17,0.58,24.59,9.46,22.2,32.09,18.29,95.02,Needs Attention
77.15,5.95,0.36,50.06,27.42,33.83,28.89,32.96,78.32,Moderate
49.7,6.78,1.56,77.71,37.41,48.7,24.06,24.17,56.5,Healthy
17.66,7.51,0.96,34.67,16.51,29.8,29.62,36.02,44.85,Moderate
55.38,6.79,1.6,51.24,23.13,45.93,26.37,27.24,70.77,Healthy
38.5,6.78,1.07,64.11,51.47,34.09,24.43,26.51,54.09,Healthy
12.88,8.46,2.72,13.23,17.86,22.98,37.78,36.09,96.13,Needs Attention
55.04,7.24,1.54,50.54,42.45,38.15,22.07,26.22,72.55,Healthy
44.16,6.37,1.79,59.25,48.41,41.0,23.49,22.87,77.82,Healthy
12.95,8.5,0.49,27.55,11.43,27.08,14.21,42.1,95.28,Needs Attention
36.62,6.87,1.36,68.27,34.83,53.77,23.6,28.24,69.74,Healthy
55.04,6.95,1.23,66.85,51.13,55.95,25.56,23.21,81.49,Healthy
31.3,7.02,1.28,50.62,39.69,38.74,24.22,23.71,60.4,Healthy
8.77,5.19,2.75,16.76,20.13,20.03,15.75,18.99,29.94,Needs Attention
9.01,8.26,0.71,24.24,7.07,13.73,16.85,21.1,93.66,Needs Attention
25.26,7.12,0.34,36.81,15.48,41.6,32.34,34.12,39.28,Moderate
80.69,5.79,1.04,46.56,27.1,20.38,37.02,36.66,37.79,Moderate
17.34,5.85,2.24,26.92,32.39,32.95,32.33,36.67,40.7,Moderate
46.93,6.35,1.25,55.59,45.3,64.59,21.11,25.21,68.78,Healthy
65.76,8.01,2.11,40.56,20.31,30.53,33.11,35.28,48.94,Moderate
4.99,8.36,2.84,12.49,7.24,19.25,12.66,38.33,31.37,Needs Attention
19.95,4.72,2.82,23.71,10.85,8.73,34.93,37.56,32.15,Needs Attention
35.42,7.22,1.81,52.31,38.3,34.18,26.41,26.91,58.03,Healthy
49.09,6.45,1.47,57.11,32.2,72.87,24.54,25.28,72.91,Healthy
53.84,6.78,1.86,65.05,39.14,59.38,24.62,27.14,83.67,Healthy
53.62,6.85,1.33,54.98,41.99,50.27,27.28,27.28,75.38,Healthy
35.96,8.02,0.84,38.03,23.89,10.19,29.69,39.36,83.79,Moderate
75.04,7.76,2.26,32.76,16.87,25.95,32.4,31.35,88.23,Moderate
30.29,6.02,2.58,32.82,17.38,22.05,30.65,35.19,81.51,Moderate
87.27,8.3,0.29,23.7,13.15,21.29,33.27,34.45,96.03,Needs Attention
2.44,5.21,0.58,19.97,8.22,22.25,36.74,36.59,31.46,Needs Attention
87.61,4.67,0.52,25.38,14.84,19.79,36.43,16.59,93.94,Needs Attention
45.93,6.98,1.08,54.95,29.76,63.93,22.56,26.74,75.17,Healthy
10.32,4.72,0.29,13.29,18.58,18.36,30.98,37.92,20.0,Needs Attention
78.3,5.93,1.1,35.04,26.34,33.33,33.9,31.98,53.5,Moderate
93.22,4.64,2.84,16.53,7.47,27.95,15.05,39.21,35.84,Needs Attention
67.4,7.38,1.24,26.32,28.28,3.29,29.99,29.22,94.15,Moderate
88.74,8.3,2.67,20.86,11.84,22.57,37.65,21.84,34.65,Needs Attention
21.48,7.6,0.86,27.35,29.36,28.88,34.95,35.12,52.8,Moderate
11.1,8.55,0.46,27.69,9.06,24.65,34.41,37.94,28.13,Needs Attention
55.9,7.18,1.18,63.49,40.16,27.55,25.66,30.88,86.14,Healthy
25.32,5.86,1.13,32.08,34.82,17.18,34.3,33.75,78.41,Moderate
84.19,8.74,0.44,25.73,18.26,19.19,30.08,15.78,34.07,Needs Attention
85.54,8.33,3.14,15.68,9.32,11.05,34.78,19.95,93.66,Needs Attention
53.65,6.6,1.06,57.17,37.41,59.1,26.77,29.3,80.89,Healthy
48.66,7.04,1.34,53.94,54.99,35.77,27.71,31.96,78.89,Healthy
9.86,5.26,2.88,20.82,10.52,9.22,17.73,17.64,99.56,Needs Attention
45.45,7.03,1.88,53.91,32.78,39.3,28.82,29.9,65.87,Healthy
65.16,7.68,2.19,33.64,19.08,23.87,31.02,32.83,89.94,Moderate
77.58,6.12,0.56,28.02,38.47,33.56,37.44,33.08,36.01,Moderate
49.44,6.85,1.84,86.43,45.12,57.41,21.54,28.11,72.56,Healthy
58.24,7.43,1.34,69.75,38.93,45.98,23.55,27.26,65.51,Healthy
88.53,4.85,0.75,16.86,0.56,24.41,33.91,34.69,97.38,Needs Attention
51.93,7.07,1.75,72.12,29.48,40.37,23.78,27.24,69.85,Healthy
62.05,8.44,1.0,25.94,34.68,28.19,31.33,37.59,60.41,Moderate
83.79,5.73,0.67,32.44,24.17,37.8,33.87,31.23,44.38,Moderate
81.35,4.85,2.76,23.55,11.81,16.12,14.26,20.47,20.56,Needs Attention
45.11,6.74,1.42,61.84,35.02,40.81,24.88,29.48,70.89,Healthy
78.94,7.85,2.04,50.29,19.57,22.16,33.22,33.11,81.6,Moderate
41.13,6.9,1.55,56.1,48.17,29.11,25.39,29.35,58.96,Healthy
70.6,8.67,1.93,28.5,18.75,24.5,31.21,32.68,87.19,Moderate
68.37,7.9,2.64,23.85,26.51,30.42,30.75,36.68,71.43,Moderate
36.2,7.15,1.45,53.62,23.85,59.63,20.9,29.48,87.67,Healthy
78.11,8.75,2.76,22.2,10.75,23.21,33.92,23.09,96.67,Needs Attention
82.78,8.03,2.79,15.43,8.46,21.79,17.6,19.44,97.34,Needs Attention
72.27,5.61,1.25,39.2,23.21,34.4,32.1,35.38,100.0,Moderate
22.04,6.04,2.15,40.66,7.6,43.37,34.24,33.56,92.33,Moderate
36.9,6.41,1.7,62.64,36.91,52.18,23.39,26.81,65.14,Healthy
13.67,5.64,0.32,18.95,17.21,17.52,34.14,39.04,36.56,Needs Attention
16.6,5.29,0.3,20.89,12.45,21.32,17.85,39.07,95.87,Needs Attention
7.51,8.62,2.93,20.6,13.72,13.59,32.33,21.97,98.32,Needs Attention
82.53,5.72,2.3,34.39,21.34,37.77,32.44,36.42,92.55,Moderate
54.3,7.12,1.39,62.96,47.46,51.09,22.32,24.17,68.19,Healthy
67.07,7.79,1.16,25.21,27.46,30.16,32.31,35.31,83.47,Moderate
61.49,5.89,1.7,81.73,53.77,59.73,27.56,24.45,74.16,Healthy
87.0,8.63,0.25,14.7,11.48,4.87,15.07,17.93,30.17,Needs Attention
6.49,4.88,0.44,21.27,9.89,17.01,32.01,21.35,93.28,Needs Attention
56.99,7.24,1.81,58.25,59.83,44.4,22.68,27.05,79.44,Healthy
7.81,8.47,3.09,17.03,15.88,28.89,18.25,33.24,94.39,Needs Attention
83.57,8.56,0.44,27.67,13.54,19.48,33.19,17.87,26.9,Needs Attention
56.01,6.82,1.18,57.39,33.63,66.42,23.32,24.64,70.04,Healthy
75.82,8.21,2.1,33.68,19.9,35.97,31.73,33.61,90.81,Moderate
71.17,8.58,0.13,24.52,25.4,31.22,28.96,30.45,36.28,Moderate
69.24,6.52,1.25,36.2,27.74,32.48,35.51,34.82,48.15,Moderate
69.78,7.96,1.45,37.91,15.39,32.51,32.98,35.21,46.72,Moderate
87.9,8.34,0.6,22.36,12.4,16.91,33.67,36.33,95.96,Needs Attention
15.56,8.55,0.28,23.2,6.87,31.36,13.12,36.92,35.69,Needs Attention
68.57,6.09,2.27,38.96,19.64,41.89,30.87,35.07,94.63,Moderate
41.22,8.2,1.0,31.34,3.46,27.76,30.66,35.3,46.38,Moderate
88.46,8.49,3.08,17.26,16.73,19.54,16.12,34.56,95.62,Needs Attention
15.14,8.62,2.62,22.97,13.36,19.77,14.29,37.54,25.28,Needs Attention
10.86,8.55,2.82,21.24,6.21,20.96,34.67,35.56,97.51,Needs Attention
47.18,7.52,1.25,62.0,46.24,54.8,22.53,24.49,78.59,Healthy
26.04,5.82,0.47,37.18,21.25,29.97,33.3,35.65,37.14,Moderate
97.65,8.51,2.55,23.4,10.87,8.75,35.81,38.48,94.64,Needs Attention
49.09,6.99,1.51,46.03,44.13,46.93,21.09,29.23,61.33,Healthy
50.53,6.54,1.23,42.41,37.1,43.25,26.91,28.55,67.64,Healthy
45.07,6.24,1.28,66.68,54.97,67.11,24.08,29.98,59.83,Healthy
10.41,4.8,0.25,28.9,14.72,26.53,14.79,36.77,32.39,Needs Attention
42.42,7.06,1.45,74.76,36.57,49.89,25.34,25.13,57.61,Healthy
64.55,6.66,1.5,43.09,60.51,43.39,21.56,26.82,63.97,Healthy
87.83,8.56,0.55,15.71,11.19,17.8,35.2,41.38,92.23,Needs Attention
64.15,6.34,1.15,64.17,43.32,64.5,20.42,29.11,80.9,Healthy
22.97,7.7,1.11,45.92,32.31,17.86,33.21,34.68,45.47,Moderate
17.05,4.99,2.62,8.78,11.12,11.58,15.76,35.7,99.13,Needs Attention
89.73,5.21,0.5,21.81,13.06,10.91,32.22,19.18,95.99,Needs Attention
66.5,7.05,0.65,32.89,24.89,33.62,34.11,35.53,93.12,Moderate
47.83,6.57,1.48,56.55,25.98,71.14,26.29,25.61,54.75,Healthy
7.51,8.35,0.38,20.78,11.0,26.54,15.93,22.03,95.92,Needs Attention
36.36,7.37,1.19,73.24,34.68,49.07,21.24,30.83,82.26,Healthy
61.34,5.17,2.16,20.19,17.68,36.22,35.23,30.79,81.28,Moderate
57.52,5.73,1.26,66.37,37.3,47.33,20.47,30.18,67.64,Healthy
84.59,4.77,2.87,18.06,11.99,19.4,34.2,18.6,95.83,Needs Attention
26.42,5.12,1.07,34.52,29.63,35.64,31.85,32.43,77.71,Moderate
33.01,7.76,1.92,23.17,35.26,24.1,34.4,37.45,38.83,Moderate
52.74,7.24,1.3,58.42,35.53,76.44,26.41,30.04,76.02,Healthy
50.62,6.32,1.62,59.46,60.75,66.57,26.28,27.75,73.47,Healthy
63.42,6.46,1.4,63.13,45.33,56.19,21.19,24.17,75.07,Healthy
74.36,6.38,0.67,21.22,27.6,35.32,28.95,36.49,47.71,Moderate
54.58,7.08,1.21,65.02,38.56,58.43,28.2,20.67,82.93,Healthy
46.55,7.55,1.8,59.42,32.24,31.65,26.27,30.8,75.56,Healthy
47.59,5.97,1.74,56.24,45.36,56.77,25.87,26.98,75.49,Healthy
69.43,8.01,1.92,40.59,29.76,35.64,30.38,32.15,51.23,Moderate
59.06,6.68,1.27,67.87,43.96,52.92,25.65,26.66,75.62,Healthy
50.19,6.9,1.57,66.77,38.22,45.55,26.93,29.76,83.47,Healthy
64.33,6.82,1.47,39.92,38.26,63.33,20.95,24.42,72.99,Healthy
57.06,6.76,1.65,67.1,51.09,53.86,25.19,26.89,69.67,Healthy
37.39,8.09,2.49,38.42,32.14,35.0,29.2,35.3,40.74,Moderate
39.81,8.32,0.7,38.91,35.32,31.11,29.42,38.7,49.65,Moderate
39.77,7.21,1.58,49.38,35.49,43.75,22.29,28.38,69.41,Healthy
48.59,6.72,1.71,65.92,38.52,48.73,23.66,20.94,81.87,Healthy
85.48,4.99,0.34,12.71,8.73,11.1,35.86,19.24,32.35,Needs Attention
41.05,7.24,1.82,73.53,38.74,44.48,22.04,23.69,72.11,Healthy
84.66,6.19,2.41,30.36,24.4,24.57,30.59,34.33,86.37,Moderate
84.13,5.59,2.12,37.37,18.3,21.93,32.9,35.17,79.33,Moderate
47.64,6.63,1.64,70.92,45.16,47.84,24.64,30.1,79.3,Healthy
80.55,5.2,2.84,14.08,8.61,22.24,36.22,17.21,26.59,Needs Attention
78.43,5.59,2.47,30.82,19.98,37.08,30.83,30.81,72.09,Moderate
43.78,6.94,1.4,64.5,48.85,48.69,23.43,20.44,58.07,Healthy
45.04,6.81,1.32,60.74,40.81,50.6,21.61,32.59,77.28,Healthy
51.02,6.59,1.39,43.31,51.59,55.13,21.88,23.95,72.14,Healthy
25.8,5.09,0.85,30.53,29.51,26.05,31.97,32.64,34.97,Moderate
62.49,7.78,0.79,35.49,21.66,37.56,35.96,33.96,77.94,Moderate
55.75,6.35,1.21,47.16,29.34,59.95,25.23,27.24,48.67,Healthy
59.46,6.63,1.28,64.5,42.61,72.32,27.03,21.03,79.25,Healthy
8.0,5.07,0.43,17.05,14.28,15.46,15.34,20.95,23.61,Needs Attention
44.52,6.83,1.77,58.13,35.69,31.32,25.65,27.09,67.05,Healthy
29.96,8.39,1.06,40.45,21.04,22.29,31.35,36.81,89.42,Moderate
11.91,8.66,2.87,21.02,8.0,23.9,31.4,36.71,33.14,Needs Attention
73.53,5.35,2.24,19.92,22.19,29.26,34.6,32.42,47.71,Moderate
52.23,6.88,1.57,76.43,32.23,52.4,26.3,29.13,66.17,Healthy
78.34,5.48,2.42,27.49,29.42,32.71,28.54,34.06,35.07,Moderate
9.08,4.71,2.65,27.82,12.02,24.64,37.21,17.87,95.07,Needs Attention
51.85,6.77,1.54,48.12,52.46,48.25,23.59,30.88,74.23,Healthy
24.37,5.14,0.43,27.83,19.48,6.94,33.1,22.35,95.03,Needs Attention
48.97,6.96,1.72,42.81,40.56,51.69,23.07,25.27,81.49,Healthy
88.55,8.84,0.57,9.43,13.06,17.33,34.21,34.8,34.67,Needs Attention
25.63,5.32,1.7,36.57,22.31,26.68,32.97,33.8,91.92,Moderate
31.29,5.63,0.96,41.12,18.6,23.14,30.88,33.55,92.86,Moderate
59.35,5.75,0.74,42.28,15.97,36.01,32.54,35.5,84.81,Moderate
70.21,7.67,2.19,48.39,12.26,36.24,29.77,32.41,86.4,Moderate
57.14,6.61,1.5,64.05,55.19,67.64,27.67,29.18,68.12,Healthy
87.49,8.2,2.86,19.53,11.96,15.69,34.17,35.47,94.82,Needs Attention
31.58,5.29,0.72,25.13,30.87,48.36,36.86,35.63,44.51,Moderate
36.11,6.61,1.31,67.44,39.53,53.23,24.44,20.61,54.03,Healthy
74.54,7.48,2.51,26.01,28.76,36.87,32.69,33.18,100.0,Moderate
14.44,4.73,0.45,14.64,12.81,19.78,18.33,17.8,97.59,Needs Attention
88.96,5.28,2.62,15.01,14.76,35.81,14.86,19.98,96.99,Needs Attention
66.4,8.26,2.24,40.55,23.12,40.85,29.16,32.02,68.03,Moderate
75.8,5.69,2.38,35.67,13.96,30.1,29.41,34.05,46.35,Moderate
31.06,7.35,1.4,73.14,46.36,44.06,18.25,25.61,71.66,Healthy
58.95,6.55,1.83,69.15,30.06,67.95,21.53,24.94,78.15,Healthy
59.19,7.14,1.18,68.8,45.51,48.55,22.44,31.29,85.76,Healthy
34.69,7.63,1.94,72.43,34.37,46.99,25.5,24.32,63.1,Healthy
8.06,8.55,0.53,19.61,13.98,22.51,34.78,37.61,93.56,Needs Attention
65.04,6.6,1.79,51.15,46.48,69.84,23.66,25.0,68.14,Healthy
56.36,7.41,2.6,28.23,27.54,25.88,31.95,31.81,54.43,Moderate
33.88,7.32,0.66,36.63,16.29,19.28,29.13,34.97,41.45,Moderate
76.77,8.35,0.56,26.33,9.49,15.3,36.06,33.77,34.78,Needs Attention
44.88,5.47,0.85,42.46,22.55,26.76,29.45,31.03,84.04,Moderate
51.49,7.07,1.51,58.06,35.21,48.39,23.34,27.03,54.97,Healthy
90.99,4.66,2.73,11.49,5.6,19.32,18.77,15.19,96.27,Needs Attention
58.27,7.39,1.47,51.73,53.46,45.73,25.32,25.72,74.42,Healthy
31.76,7.07,1.75,40.5,49.66,56.01,21.74,26.37,65.65,Healthy
13.97,4.84,2.78,9.48,15.41,21.9,15.92,18.58,29.5,Needs Attention
68.01,6.54,0.97,27.03,23.32,22.94,34.22,36.15,56.64,Moderate
78.44,5.38,2.14,45.41,18.8,19.97,32.71,32.37,52.52,Moderate
57.03,6.76,1.23,57.36,28.72,47.11,21.73,26.86,60.58,Healthy
61.21,7.91,0.99,32.6,23.08,40.8,30.93,36.13,54.67,Moderate
50.71,7.12,1.1,58.76,50.78,61.77,28.09,25.23,80.25,Healthy
17.74,5.19,0.33,19.2,10.57,16.81,17.68,38.34,24.71,Needs Attention
58.08,6.38,1.48,61.35,27.62,54.19,25.14,26.62,60.47,Healthy
5.63,8.17,0.38,28.26,15.38,15.12,15.04,37.04,29.14,Needs Attention
79.64,5.87,0.44,31.41,31.27,34.69,37.04,34.44,89.24,Moderate
69.86,7.65,0.95,26.97,22.95,29.99,26.24,35.36,79.15,Moderate
35.97,7.11,1.55,44.17,37.08,44.08,26.19,25.89,71.35,Healthy
76.01,5.65,2.79,32.27,18.05,30.16,33.29,25.29,27.2,Moderate
7.97,8.41,2.99,13.22,11.25,13.39,35.31,36.75,33.22,Needs Attention
69.79,5.91,2.5,34.97,12.28,28.63,28.83,36.11,87.96,Moderate
42.19,7.79,0.72,29.34,18.25,43.01,33.35,35.32,41.8,Moderate
65.74,5.9,0.67,39.31,24.14,34.47,29.84,31.4,94.11,Moderate
33.65,8.05,0.75,29.51,23.63,40.74,28.99,32.8,100.0,Moderate
27.05,5.87,2.14,30.87,14.24,26.66,32.85,31.96,55.27,Moderate
48.27,6.95,1.07,48.51,42.11,52.16,26.34,30.53,82.99,Healthy
38.69,5.49,0.5,21.03,9.5,22.59,30.69,37.78,34.39,Moderate
53.16,6.61,1.17,60.5,40.55,61.24,24.15,27.48,74.59,Healthy
36.34,6.74,1.61,66.36,40.87,61.56,26.33,30.34,80.86,Healthy
87.27,5.08,2.74,27.07,10.74,24.08,15.93,18.53,94.41,Needs Attention
49.69,6.89,1.4,54.39,44.2,38.19,27.98,27.32,67.05,Healthy
36.63,6.47,1.73,61.48,37.04,52.61,23.84,29.36,75.04,Healthy
15.31,8.36,2.13,32.01,20.49,22.62,32.09,37.93,46.61,Moderate
53.41,6.43,1.65,41.21,37.44,40.58,22.36,32.78,58.76,Healthy
53.9,6.54,1.42,55.42,46.4,43.21,25.37,27.9,64.36,Healthy
68.22,7.56,0.79,37.44,23.19,22.41,34.65,34.24,79.84,Moderate
30.41,7.81,2.19,35.62,26.97,34.87,35.05,28.88,62.53,Moderate
70.34,7.82,0.72,50.42,20.69,43.65,30.85,30.54,83.51,Moderate
46.52,6.86,2.08,64.86,50.76,57.11,24.69,28.58,76.3,Healthy
61.46,6.27,0.59,30.94,6.37,30.53,36.12,31.03,40.43,Moderate
56.57,7.32,1.5,42.41,45.06,49.02,23.7,27.32,77.03,Healthy
72.98,7.98,2.09,26.29,17.48,31.8,30.84,37.34,94.05,Moderate
89.16,5.13,0.48,16.19,11.41,14.02,32.2,20.34,96.61,Needs Attention
75.29,7.87,0.64,26.77,26.02,38.56,33.84,36.96,81.12,Moderate
90.47,4.96,2.68,24.32,7.05,22.27,37.54,39.6,25.69,Needs Attention
55.62,6.51,1.41,46.26,28.87,52.81,27.9,27.3,89.17,Healthy
84.76,4.6,0.51,19.31,11.66,9.37,36.84,21.8,37.07,Needs Attention
18.98,8.61,2.85,19.17,14.16,26.45,36.93,18.61,33.63,Needs Attention
54.93,6.68,1.47,44.42,36.58,37.42,23.76,29.04,76.08,Healthy
55.34,6.63,1.46,73.25,34.61,61.27,25.64,26.42,75.31,Healthy
55.65,7.52,1.72,57.68,30.93,38.38,23.47,24.94,65.52,Healthy
40.37,7.0,1.35,45.73,36.97,61.81,29.94,26.83,76.41,Healthy
93.01,4.82,2.69,16.01,12.1,24.28,34.29,18.93,99.28,Needs Attention
50.62,7.07,1.55,68.77,48.35,54.09,25.44,30.33,62.0,Healthy
47.73,7.33,1.42,51.03,45.49,42.76,26.06,27.76,68.37,Healthy
91.36,5.17,2.6,22.13,21.8,17.45,35.32,20.38,91.11,Needs Attention
30.01,5.64,0.48,28.62,27.85,41.09,30.07,29.67,45.49,Moderate
92.01,8.14,2.48,19.93,7.43,10.42,33.74,18.57,95.02,Needs Attention
79.55,4.88,2.98,9.24,12.17,25.4,17.58,35.36,30.46,Needs Attention
39.93,6.62,1.43,60.22,36.31,36.24,21.48,23.84,48.17,Healthy
90.41,5.79,1.55,54.15,15.99,23.93,30.64,36.46,99.48,Moderate
55.94,7.04,1.69,51.92,49.43,47.06,26.13,25.47,69.98,Healthy
7.51,5.08,0.25,21.85,9.66,20.1,34.34,34.17,22.01,Needs Attention
58.2,6.65,1.16,60.16,46.67,53.82,28.01,26.19,60.14,Healthy
89.55,8.87,0.47,17.94,5.67,19.29,36.17,16.87,98.04,Needs Attention
54.94,6.52,1.49,64.16,35.75,41.83,25.41,26.6,73.23,Healthy
37.49,6.53,1.44,53.04,45.14,62.89,25.2,28.68,74.45,Healthy
54.11,5.94,1.16,34.57,21.74,39.79,31.16,33.94,44.53,Moderate
50.83,6.45,1.68,52.89,44.49,59.62,26.97,30.02,80.73,Healthy
39.17,6.08,2.29,31.67,22.24,26.81,31.13,38.28,81.41,Moderate
92.59,5.07,2.68,13.7,10.83,26.4,16.34,18.46,92.72,Needs Attention
78.45,5.38,0.98,30.53,17.32,33.05,27.82,35.75,47.59,Moderate
6.91,8.43,2.6,19.3,19.84,12.88,15.43,20.59,32.92,Needs Attention
7.36,5.01,0.39,12.41,10.97,15.84,35.31,35.89,40.79,Needs Attention
83.85,8.78,0.7,23.65,8.38,14.02,17.25,35.7,93.78,Needs Attention
73.74,6.31,1.07,57.7,22.67,28.69,32.44,31.71,75.91,Moderate
89.79,8.28,2.7,17.33,16.94,16.23,13.52,22.67,35.81,Needs Attention
40.72,5.28,1.2,28.47,19.71,18.08,31.34,36.17,44.24,Moderate
84.85,8.76,2.86,33.46,3.23,20.26,15.98,19.57,99.5,Needs Attention
54.75,7.02,1.43,63.29,45.97,54.01,24.14,22.66,77.39,Healthy
49.4,6.29,1.25,75.11,52.26,57.96,20.59,27.92,75.45,Healthy
29.08,8.21,1.08,36.12,13.92,38.12,27.25,25.21,91.1,Moderate
74.35,4.62,0.63,23.35,17.61,11.35,11.28,20.71,32.99,Needs Attention
49.01,6.91,1.68,56.96,34.58,28.72,23.53,24.95,61.71,Healthy
43.84,6.51,1.54,44.36,48.74,47.98,25.85,27.62,83.29,Healthy
65.89,6.7,0.94,56.57,38.07,56.02,19.51,27.97,68.21,Healthy
61.88,8.02,0.8,54.65,19.26,28.06,33.13,32.65,84.86,Moderate
43.45,6.93,1.33,59.56,51.44,58.55,23.33,26.6,76.78,Healthy
1.71,4.84,2.62,24.2,11.29,20.04,34.85,19.33,31.59,Needs Attention
58.47,7.03,1.68,70.67,59.32,35.15,26.0,19.26,80.56,Healthy
29.14,5.68,1.01,31.31,28.26,37.86,32.65,33.18,37.47,Moderate
32.11,7.0,1.2,57.46,29.53,60.53,23.7,30.48,62.73,Healthy
72.25,7.71,2.95,31.85,13.27,26.89,32.17,32.32,42.01,Moderate
54.81,6.86,1.46,58.63,38.6,60.53,29.73,27.88,83.54,Healthy
28.59,5.58,2.39,28.64,25.03,31.34,34.44,36.63,93.35,Moderate
89.41,4.99,2.96,11.46,15.67,11.85,17.15,18.57,37.87,Needs Attention
76.4,7.32,2.69,13.39,25.28,18.72,31.94,34.2,89.47,Moderate
48.78,6.79,1.63,81.16,44.88,60.11,24.98,32.7,58.81,Healthy
87.47,5.07,0.4,25.51,11.4,28.66,32.8,19.11,92.24,Needs Attention
60.42,6.78,0.71,53.69,52.52,48.75,19.71,28.35,76.72,Healthy
20.15,5.85,0.77,39.52,22.76,31.9,29.54,33.92,42.59,Moderate
48.97,6.21,1.36,52.95,42.57,49.88,26.21,27.3,64.43,Healthy
66.4,5.65,1.09,36.05,27.42,40.19,31.27,34.1,27.85,Moderate
55.93,6.57,1.13,75.16,43.96,60.96,26.02,29.82,75.93,Healthy
23.13,8.92,2.87,17.94,14.88,20.91,34.75,37.55,96.51,Needs Attention
55.96,6.07,2.26,47.61,54.93,47.54,21.43,25.65,66.12,Healthy
27.65,8.31,1.37,32.81,22.95,27.55,32.61,42.69,53.93,Moderate
53.81,6.69,1.24,53.28,42.09,44.94,26.86,28.29,82.29,Healthy
74.07,5.27,1.93,47.76,18.59,43.23,30.37,31.81,40.18,Moderate
90.98,4.91,2.73,27.03,7.21,14.54,14.2,17.26,29.27,Needs Attention
39.06,5.93,1.07,17.63,11.49,25.11,31.68,34.97,95.82,Moderate
14.46,9.16,2.66,13.91,7.65,24.79,35.97,35.62,29.6,Needs Attention
47.09,6.63,1.49,72.8,46.23,42.81,22.43,24.24,70.95,Healthy
89.7,8.5,0.51,19.73,10.33,19.16,15.17,18.86,28.6,Needs Attention
27.43,5.69,0.88,36.39,19.37,38.23,35.22,36.42,93.29,Moderate
42.71,6.73,1.58,60.31,33.21,49.63,28.28,28.63,70.54,Healthy
31.22,7.0,2.15,40.7,25.0,16.53,29.3,31.98,47.62,Moderate
48.54,7.36,1.32,60.27,53.16,54.92,27.45,28.83,81.47,Healthy
19.1,5.68,2.17,44.95,24.12,31.0,35.37,36.44,93.84,Moderate
38.08,5.71,0.94,39.13,13.93,32.89,31.37,32.95,40.62,Moderate
62.07,6.18,1.54,45.06,37.63,33.15,20.56,24.44,67.09,Healthy
14.12,4.8,0.61,16.68,8.45,21.86,14.79,33.41,95.76,Needs Attention
55.55,5.51,0.65,26.21,24.77,33.29,36.26,36.34,40.31,Moderate
59.86,7.2,1.07,68.01,40.9,71.0,32.96,26.41,69.26,Healthy
40.78,6.73,1.92,60.33,42.78,55.86,30.41,25.68,86.09,Healthy
40.67,6.49,1.4,48.12,44.59,65.51,26.6,30.07,59.58,Healthy
60.29,7.11,1.67,60.07,58.16,47.99,20.46,26.2,72.52,Healthy
31.02,7.4,0.8,21.34,16.73,17.79,33.63,31.4,52.94,Moderate
80.82,5.4,2.57,33.62,11.35,29.37,29.92,34.9,77.01,Moderate
46.91,7.34,1.47,63.86,39.86,46.02,23.28,30.24,78.73,Healthy
52.98,6.75,1.64,59.25,40.36,52.31,21.73,21.46,64.03,Healthy
53.87,6.72,1.24,61.78,39.69,70.42,26.47,25.21,78.56,Healthy
13.6,8.42,2.91,22.27,11.65,10.43,35.2,37.94,26.54,Needs Attention
11.48,4.42,0.59,14.55,7.66,19.2,38.09,37.12,28.2,Needs Attention
35.18,5.23,2.24,40.26,31.78,30.79,37.7,34.58,41.07,Moderate
80.41,8.08,1.95,27.62,25.64,24.77,28.18,31.29,42.38,Moderate
36.07,7.57,1.47,60.04,39.75,43.72,23.73,27.27,70.23,Healthy
60.8,5.36,2.59,46.06,15.02,44.68,35.2,29.93,33.39,Moderate
58.62,7.06,1.65,51.42,31.11,49.18,25.69,23.14,77.25,Healthy
49.91,6.83,2.02,58.84,48.67,74.88,28.79,27.47,82.33,Healthy
28.0,7.7,2.54,43.84,18.29,23.34,31.47,34.29,91.36,Moderate
61.04,6.82,1.32,68.39,34.29,43.83,24.39,26.02,72.15,Healthy
91.78,4.75,2.73,25.77,11.79,15.32,14.58,36.6,95.18,Needs Attention
0.0,8.32,0.29,18.85,20.51,12.79,32.5,20.5,39.77,Needs Attention
26.0,6.2,2.19,20.48,24.77,14.32,28.62,35.03,42.93,Moderate
85.03,8.14,2.68,26.46,13.91,16.23,35.58,33.59,34.97,Needs Attention
64.9,7.65,1.97,24.42,28.74,30.61,34.69,34.1,85.88,Moderate
51.56,6.8,1.1,72.26,46.68,41.79,25.16,26.59,74.37,Healthy
28.82,5.84,2.42,26.36,25.96,21.72,31.55,33.72,45.06,Moderate
60.16,7.11,1.38,45.25,46.67,79.55,23.91,23.39,83.18,Healthy
77.29,8.03,2.31,21.62,14.25,33.75,34.49,35.26,47.62,Moderate
51.22,6.45,1.71,49.14,45.65,64.99,20.67,25.78,67.51,Healthy
40.45,6.76,1.57,68.92,40.01,63.76,23.46,28.63,75.73,Healthy
14.65,4.99,0.62,9.41,9.35,22.25,33.6,16.26,31.97,Needs Attention
33.77,8.12,2.15,34.86,27.26,14.06,31.12,35.71,80.12,Moderate
70.29,7.12,1.7,25.06,9.6,17.81,33.07,33.44,78.79,Moderate
56.28,6.93,1.48,64.42,42.06,57.99,26.84,25.67,64.03,Healthy
15.36,4.74,2.86,30.37,3.82,10.84,36.26,36.02,93.03,Needs Attention
65.14,5.91,0.74,37.86,17.35,31.83,28.73,31.87,43.98,Moderate
43.1,6.66,1.29,62.61,24.82,66.37,25.83,28.77,50.73,Healthy
59.31,6.85,1.32,48.28,36.75,53.93,26.74,27.85,76.09,Healthy
44.08,6.67,1.16,62.84,36.91,45.28,25.75,23.57,78.93,Healthy
14.93,8.38,0.63,16.49,8.0,24.44,17.55,36.82,32.6,Needs Attention
85.22,4.9,2.58,21.51,15.75,17.27,34.89,19.24,93.77,Needs Attention
26.99,8.47,1.24,30.12,15.51,41.56,31.82,33.84,84.8,Moderate
55.9,7.27,1.85,60.0,43.99,54.43,28.31,23.29,66.02,Healthy
64.05,5.99,1.05,38.91,18.18,43.51,28.34,38.15,30.49,Moderate
46.29,8.1,2.16,33.26,26.34,30.6,32.88,34.79,85.16,Moderate
40.26,6.56,1.32,61.86,25.35,51.95,21.96,25.46,84.45,Healthy
58.17,6.68,1.48,60.96,37.28,61.16,26.12,28.55,58.37,Healthy
32.71,6.04,1.0,33.98,15.95,30.89,30.76,33.5,51.18,Moderate
67.7,7.37,2.15,30.26,31.63,40.78,31.24,31.46,50.42,Moderate
70.66,7.78,1.26,35.28,19.16,21.99,37.35,34.19,78.4,Moderate
54.21,7.41,1.3,48.12,40.08,43.49,20.41,30.19,72.72,Healthy
34.18,5.37,0.98,34.24,17.11,41.4,29.88,26.54,44.32,Moderate
50.72,6.99,1.17,64.25,40.67,34.27,26.06,26.2,61.87,Healthy
42.47,6.75,1.46,51.49,47.02,55.84,17.87,27.33,78.8,Healthy
24.39,7.68,0.7,18.45,23.65,37.94,29.97,32.37,81.62,Moderate
40.41,5.71,0.75,38.49,19.11,33.8,34.6,29.78,44.69,Moderate
65.12,7.82,1.95,45.39,28.18,28.55,33.6,34.56,35.59,Moderate
10.5,4.74,2.85,22.52,4.01,24.64,37.03,19.2,96.03,Needs Attention
38.59,6.38,1.2,57.54,51.1,65.84,23.28,20.29,61.5,Healthy
57.49,6.71,0.99,66.0,43.18,53.5,21.56,24.5,65.56,Healthy
25.76,6.04,2.25,21.16,33.73,31.47,32.78,32.24,53.26,Moderate
89.62,4.93,2.99,19.0,13.56,24.42,16.19,21.5,20.0,Needs Attention
62.58,8.22,1.91,39.94,13.72,44.38,28.77,33.28,85.73,Moderate
30.05,8.41,0.65,47.44,20.72,37.19,30.47,34.23,47.26,Moderate
40.13,6.61,1.61,61.46,31.11,53.06,25.15,27.66,63.12,Healthy
49.9,6.42,1.53,50.07,32.37,83.93,29.35,27.43,79.66,Healthy
22.78,6.38,0.87,27.35,23.51,44.72,32.64,36.66,37.82,Moderate
49.54,6.53,1.87,66.95,35.81,40.32,25.19,25.52,68.24,Healthy
65.83,8.05,0.4,41.79,17.77,27.54,29.56,36.87,40.71,Moderate
48.13,6.34,1.44,58.97,39.45,48.39,28.63,29.82,71.13,Healthy
69.73,5.14,1.17,45.71,25.07,47.37,31.02,36.25,66.0,Moderate
50.88,6.27,1.72,57.08,35.43,63.61,21.92,24.76,55.54,Healthy
51.09,7.01,1.27,57.85,39.2,58.79,31.19,24.8,72.71,Healthy
76.73,8.02,1.11,27.69,12.71,29.82,33.03,31.97,85.08,Moderate
50.34,6.54,1.23,42.13,49.52,48.69,20.24,30.7,72.85,Healthy
63.94,5.7,2.32,29.4,17.05,24.97,37.0,34.17,30.22,Moderate
54.06,6.26,1.33,47.6,43.08,41.75,24.7,26.51,77.4,Healthy
35.36,6.71,1.4,60.72,34.8,70.86,24.9,27.7,73.78,Healthy
81.44,5.07,2.46,15.48,15.67,23.97,17.15,16.01,100.0,Needs Attention
77.21,4.93,0.22,35.43,26.15,40.89,30.44,34.4,79.77,Moderate
26.17,5.14,0.81,41.68,7.17,37.86,35.34,35.1,51.06,Moderate
9.66,4.92,0.37,22.64,7.67,8.73,32.34,36.26,27.42,Needs Attention
65.46,5.72,1.9,31.54,25.13,29.54,26.13,30.91,55.53,Moderate
48.51,7.38,1.94,66.37,40.95,38.38,25.05,24.63,86.67,Healthy
52.84,7.03,0.91,60.56,43.9,53.69,23.49,31.26,84.1,Healthy
80.88,7.79,1.01,14.03,25.18,26.35,34.25,35.02,46.88,Moderate
37.32,5.75,2.28,38.87,23.43,37.74,27.93,33.67,89.94,Moderate
51.43,6.73,1.8,52.85,35.51,45.01,29.24,25.07,83.67,Healthy
11.75,8.47,2.83,17.31,9.49,20.8,13.66,17.7,91.98,Needs Attention
45.83,6.85,1.56,62.7,53.8,56.17,23.61,28.28,68.13,Healthy
24.11,5.74,1.13,32.56,32.52,32.93,32.17,32.77,45.23,Moderate
72.26,5.66,0.75,45.51,23.81,19.65,37.92,30.87,37.74,Moderate
13.82,8.32,2.77,16.6,13.04,22.41,33.19,18.33,26.9,Needs Attention
40.99,6.91,1.53,48.16,46.41,67.31,30.01,28.23,54.9,Healthy
25.68,7.94,2.1,39.03,13.93,25.78,33.72,32.99,46.94,Moderate
33.32,6.9,1.46,55.34,39.93,45.37,26.13,23.06,74.95,Healthy
32.91,8.89,0.97,43.11,31.14,36.49,34.89,35.16,53.06,Moderate
82.0,8.51,0.32,33.28,17.77,11.97,35.51,37.57,35.98,Needs Attention
57.54,7.02,1.41,58.76,39.12,49.92,23.65,26.64,68.35,Healthy
16.79,8.43,2.79,27.56,14.25,12.94,14.29,19.89,93.12,Needs Attention
87.15,8.17,2.91,29.68,9.71,11.59,16.51,19.38,95.06,Needs Attention
12.0,8.58,2.91,8.98,9.89,22.18,38.24,18.87,29.09,Needs Attention
43.43,6.03,1.65,52.63,25.93,50.41,27.58,23.21,93.02,Healthy
40.89,6.98,1.51,68.3,32.91,51.08,21.28,25.52,58.99,Healthy
87.72,5.24,0.21,21.32,12.69,25.37,15.53,21.49,95.05,Needs Attention
33.7,5.75,1.09,41.54,25.97,24.33,28.67,34.19,52.28,Moderate
66.02,6.06,0.71,39.2,12.76,30.34,31.66,35.57,43.88,Moderate
58.32,8.12,1.07,39.81,24.09,37.77,31.07,35.3,100.0,Moderate
35.69,6.05,1.09,26.94,23.24,22.61,35.02,31.86,85.95,Moderate
86.98,4.9,2.81,8.81,9.02,8.88,16.49,19.51,27.65,Needs Attention
53.07,6.7,1.29,47.91,34.38,46.36,22.63,29.02,84.31,Healthy
83.31,8.63,2.63,21.85,11.03,19.52,34.99,21.79,32.01,Needs Attention
42.84,5.91,2.31,30.1,19.11,26.33,30.49,31.9,82.7,Moderate
78.15,7.7,1.23,40.82,14.42,24.2,28.89,35.13,85.92,Moderate
47.48,6.93,1.33,75.83,53.04,43.84,24.09,24.75,70.24,Healthy
41.12,5.57,0.67,31.86,23.77,33.66,31.17,32.77,82.49,Moderate
69.99,5.55,0.72,23.28,28.18,24.79,34.73,33.0,85.02,Moderate
17.64,5.4,2.89,28.32,14.54,28.62,17.16,19.6,35.09,Needs Attention
85.96,8.26,2.86,33.06,9.43,12.79,36.88,37.97,30.52,Needs Attention
20.33,5.68,1.03,43.23,5.02,24.4,31.72,35.84,39.18,Moderate
96.18,5.14,0.52,15.69,10.45,18.44,17.29,19.0,98.48,Needs Attention
48.41,7.05,1.35,35.14,38.2,53.97,24.88,27.5,67.44,Healthy
45.65,6.45,1.76,33.49,40.89,57.28,22.09,26.3,68.92,Healthy
37.7,6.24,1.21,70.33,37.5,52.31,22.11,28.9,88.88,Healthy
52.08,7.1,1.87,62.81,37.08,43.79,23.31,22.2,69.73,Healthy
66.04,7.64,0.48,30.0,24.41,27.69,32.54,38.05,44.52,Moderate
38.3,5.69,0.97,47.78,25.12,33.46,30.57,30.14,48.89,Moderate
67.21,5.98,2.45,34.75,28.69,47.42,30.11,32.85,47.66,Moderate
56.77,6.73,1.2,69.84,39.08,45.74,20.26,28.46,68.53,Healthy
86.83,8.85,0.43,20.88,8.61,23.62,16.41,16.46,27.09,Needs Attention
6.98,8.23,2.99,16.31,5.76,23.69,34.2,35.89,94.78,Needs Attention
10.64,8.25,2.69,23.42,17.68,19.25,33.0,19.5,30.21,Needs Attention
81.84,8.31,0.45,13.91,18.49,15.53,40.01,19.48,96.13,Needs Attention
48.85,7.61,1.65,71.06,50.68,52.02,23.28,26.65,63.12,Healthy
5.71,8.3,0.19,13.12,5.14,9.37,34.52,16.58,41.11,Needs Attention
56.4,6.77,1.46,58.74,39.76,43.34,20.71,21.83,74.69,Healthy
11.13,4.7,0.51,25.38,14.87,19.58,35.77,36.38,97.92,Needs Attention
46.15,6.04,0.66,45.32,24.52,26.41,32.17,35.36,87.11,Moderate
50.58,7.2,1.63,50.77,26.47,43.79,27.95,27.88,77.38,Healthy
49.73,6.92,1.19,38.33,41.37,57.26,27.02,25.92,78.98,Healthy
73.38,7.74,1.22,26.6,16.96,21.97,28.29,34.77,96.98,Moderate
87.69,8.17,0.4,25.25,11.17,11.15,15.26,16.55,27.2,Needs Attention
14.14,5.06,2.88,14.46,11.07,20.28,18.44,38.04,22.65,Needs Attention
45.87,6.94,1.36,58.23,40.29,46.77,28.72,23.92,78.33,Healthy
24.33,6.12,1.22,44.18,20.4,18.44,31.43,35.32,92.44,Moderate
6.56,4.58,2.82,21.76,7.09,18.62,34.34,22.35,39.27,Needs Attention
88.01,8.74,2.59,23.87,7.85,22.24,33.55,36.08,31.35,Needs Attention
51.38,6.79,1.47,45.14,56.21,66.65,24.83,22.44,86.26,Healthy
12.76,5.05,0.52,20.06,14.36,17.24,16.76,37.57,29.33,Needs Attention
12.28,4.78,2.65,5.94,9.57,20.38,13.28,14.52,97.3,Needs Attention
49.81,6.61,1.18,46.68,42.78,51.46,23.46,28.99,70.2,Healthy
79.92,8.4,2.05,33.21,20.83,30.87,28.1,35.02,85.43,Moderate
73.43,5.96,2.68,29.13,29.32,30.3,27.98,36.1,51.81,Moderate
56.44,7.09,1.36,57.7,53.39,37.15,26.09,28.59,69.33,Healthy
12.55,5.43,0.44,17.0,14.16,22.39,17.19,19.54,30.01,Needs Attention
67.34,5.46,2.15,32.37,15.98,25.91,34.69,32.67,38.61,Moderate
55.19,7.82,1.72,39.26,28.06,24.64,31.54,32.76,91.45,Moderate
31.23,8.43,0.63,26.05,35.93,29.7,30.31,32.67,41.67,Moderate
30.35,8.17,2.23,27.41,30.32,36.16,33.96,32.3,87.21,Moderate
46.53,6.74,1.44,74.88,17.33,42.43,24.51,23.74,69.68,Healthy
64.51,5.45,2.3,34.62,14.33,30.78,29.14,35.61,87.83,Moderate
13.55,6.01,0.67,36.04,23.73,31.68,32.29,34.09,93.18,Moderate
68.35,5.6,0.8,20.02,13.11,39.68,31.66,35.05,44.37,Moderate
49.71,6.92,1.27,32.93,39.68,40.46,26.11,21.36,65.35,Healthy
59.47,6.61,1.7,71.3,54.27,57.02,24.89,25.58,58.87,Healthy
34.25,8.02,0.4,31.14,20.43,40.79,30.73,34.66,96.1,Moderate
50.54,6.53,1.93,60.52,41.12,53.17,27.77,26.93,67.71,Healthy
48.55,6.77,1.57,60.72,39.85,55.27,25.04,26.37,68.12,Healthy
8.03,5.2,0.25,12.24,16.72,22.82,32.46,34.35,30.35,Needs Attention
18.09,5.29,2.59,23.39,12.85,28.36,20.11,17.64,97.41,Needs Attention
17.83,5.41,0.5,28.07,13.89,23.34,34.44,20.53,97.91,Needs Attention
10.68,4.77,0.6,21.86,5.64,9.8,37.58,37.16,29.72,Needs Attention
56.78,7.24,1.51,70.54,33.21,53.63,25.22,31.15,74.87,Healthy
42.47,7.18,1.43,62.87,50.37,39.85,25.66,27.4,73.49,Healthy
33.7,7.26,1.17,38.07,26.29,36.1,32.01,29.8,93.56,Moderate
71.65,5.13,1.96,33.7,29.82,25.19,31.75,34.6,47.7,Moderate
93.24,4.79,0.55,13.33,16.05,25.66,34.1,18.54,24.31,Needs Attention
57.64,5.81,1.66,66.76,58.61,49.5,23.2,27.36,77.04,Healthy
34.74,5.49,2.11,34.43,24.88,22.97,29.5,36.17,53.96,Moderate
21.14,6.11,1.04,51.22,23.41,39.87,30.57,30.11,87.12,Moderate
91.81,8.47,0.64,28.71,11.5,20.33,17.55,16.75,93.13,Needs Attention
57.02,7.42,1.81,59.26,43.85,55.31,23.11,24.12,74.23,Healthy
13.29,4.8,2.56,25.21,17.86,22.35,32.89,18.31,94.75,Needs Attention
28.72,5.44,0.83,29.93,26.18,36.39,32.66,35.22,61.45,Moderate
57.88,6.3,1.23,55.54,47.93,39.02,24.33,26.37,57.83,Healthy
42.92,8.33,2.44,34.42,13.64,29.54,31.21,33.74,86.0,Moderate
54.0,6.26,1.62,62.11,47.63,48.94,23.76,26.13,84.91,Healthy
67.81,8.12,1.93,17.95,40.22,24.1,34.92,32.67,45.15,Moderate
51.86,6.48,1.4,59.44,44.48,55.18,25.18,23.76,75.49,Healthy
48.0,6.64,1.83,67.3,36.0,41.54,23.04,29.94,82.61,Healthy
62.66,6.71,1.57,48.9,38.45,51.45,28.57,24.76,66.07,Healthy
37.15,7.06,1.46,55.85,26.86,42.2,27.5,26.37,74.51,Healthy
68.29,5.77,2.21,6.9,26.75,23.7,33.71,38.25,48.07,Moderate
81.37,5.59,0.93,31.33,20.08,30.25,33.38,32.59,91.02,Moderate
40.46,5.4,2.15,40.93,12.91,10.97,32.16,38.23,90.77,Moderate
64.94,6.46,1.55,61.35,39.66,34.69,26.57,27.03,81.93,Healthy
21.15,7.96,0.63,14.31,5.46,20.3,36.0,18.39,33.12,Needs Attention
75.66,8.29,0.77,35.07,17.55,21.2,33.07,30.25,71.91,Moderate
95.61,8.64,0.4,22.21,9.37,14.04,32.52,20.94,34.44,Needs Attention
81.54,5.19,2.76,27.3,11.16,21.27,33.63,39.16,35.71,Needs Attention
7.99,8.89,2.89,17.34,13.59,24.49,36.35,21.12,94.32,Needs Attention
62.46,6.04,2.24,36.85,14.29,28.84,29.44,36.17,90.04,Moderate
87.12,4.49,0.46,24.72,13.81,28.68,15.13,19.95,93.6,Needs Attention
68.17,5.07,1.01,38.7,25.01,28.73,30.48,31.46,44.86,Moderate
52.1,6.74,1.53,57.22,37.12,60.75,25.83,31.19,76.45,Healthy
53.34,6.39,1.31,58.82,42.26,41.53,24.85,28.2,60.54,Healthy
51.74,6.25,1.01,68.37,56.06,48.72,29.08,25.06,69.89,Healthy
25.46,5.4,0.98,22.25,16.69,27.34,34.15,32.91,34.27,Moderate
70.92,7.93,0.46,42.98,29.31,33.7,32.82,31.71,43.26,Moderate
47.76,7.02,1.73,57.32,56.58,50.03,21.01,21.84,56.81,Healthy
49.23,6.89,1.81,54.4,36.42,47.26,26.54,24.66,77.77,Healthy
57.41,6.92,1.52,56.61,37.23,61.17,23.66,30.69,62.58,Healthy
54.41,6.99,1.27,67.16,29.46,47.69,23.81,23.21,69.38,Healthy
73.0,7.72,1.09,17.87,33.47,40.33,32.52,33.66,91.74,Moderate
48.8,6.66,1.46,42.93,31.27,37.59,22.25,24.83,62.69,Healthy
55.4,7.16,1.72,52.43,42.32,42.44,27.72,23.74,78.31,Healthy
39.5,6.45,1.67,58.78,41.21,62.22,22.51,25.44,66.22,Healthy
61.08,6.6,1.22,40.15,47.52,62.0,17.47,19.73,73.23,Healthy
39.17,5.63,0.91,24.0,17.17,45.26,31.67,31.91,52.51,Moderate
90.23,4.99,0.69,19.04,9.56,20.26,18.54,39.98,32.07,Needs Attention
84.38,4.56,2.61,18.39,17.19,11.93,15.86,36.16,24.83,Needs Attention
44.49,7.15,1.74,69.39,35.25,70.05,29.53,28.1,67.81,Healthy
94.01,4.7,2.78,25.84,8.96,16.73,15.45,21.16,26.2,Needs Attention
41.24,6.78,1.25,48.96,42.34,52.44,27.52,30.49,72.55,Healthy
34.38,8.1,0.5,30.41,20.12,17.22,34.05,31.28,57.74,Moderate
39.87,6.85,1.32,46.89,35.81,56.51,24.3,25.55,68.79,Healthy
79.0,4.94,2.41,34.39,16.48,21.72,30.04,34.5,47.97,Moderate
41.71,6.59,1.61,70.91,36.91,41.9,25.7,28.52,74.16,Healthy
59.94,5.73,2.44,20.46,25.98,21.04,30.73,30.63,83.95,Moderate
17.94,4.86,2.65,5.25,14.03,10.42,15.08,20.82,100.0,Needs Attention
42.34,6.55,1.53,44.34,35.78,39.37,23.45,34.15,82.7,Healthy
74.48,7.45,1.88,43.27,24.64,31.85,35.86,35.35,93.29,Moderate
35.1,5.01,2.3,23.17,16.49,32.85,33.7,32.78,75.45,Moderate
49.26,7.18,1.81,60.5,39.59,59.29,23.58,30.13,67.28,Healthy
9.47,8.78,0.42,17.57,10.87,15.8,35.45,16.76,92.85,Needs Attention
68.98,5.52,1.93,38.61,25.03,22.86,31.97,36.06,43.56,Moderate
52.38,6.78,1.99,44.21,38.78,40.47,24.06,22.51,72.23,Healthy
44.82,6.81,1.32,53.67,44.8,63.85,25.5,32.38,65.65,Healthy
82.6,8.68,0.41,14.5,10.48,8.3,17.47,19.12,100.0,Needs Attention
33.65,7.85,2.29,47.45,26.0,24.84,33.86,29.63,85.97,Moderate
61.41,6.26,1.46,65.54,51.67,70.89,27.69,26.59,77.22,Healthy
79.12,8.56,1.24,49.72,18.57,29.48,31.21,37.8,91.73,Moderate
50.99,6.22,1.53,36.82,26.62,72.02,23.6,31.28,64.71,Healthy
59.3,7.13,1.53,63.27,47.59,38.04,25.12,28.66,59.09,Healthy
67.99,6.25,2.43,29.64,31.41,31.28,34.68,35.42,52.0,Moderate
71.91,5.97,0.8,38.59,31.11,37.51,30.97,33.51,57.72,Moderate
21.02,4.82,0.72,21.8,7.2,6.84,14.77,19.52,28.37,Needs Attention
46.76,7.76,2.17,30.33,24.68,34.44,29.07,36.72,86.44,Moderate
29.0,4.78,2.18,32.01,21.31,26.23,28.47,30.84,87.43,Moderate
5.69,4.84,0.41,15.59,13.84,17.96,34.41,39.33,94.7,Needs Attention
79.54,5.98,1.01,33.37,13.57,19.64,35.29,33.92,89.48,Moderate
49.87,6.65,1.62,50.39,50.12,61.4,26.67,25.02,70.95,Healthy
40.53,6.53,1.88,52.31,33.82,53.88,20.98,26.93,64.81,Healthy
9.2,8.32,2.91,20.29,13.94,17.88,35.96,15.99,29.19,Needs Attention
67.32,6.49,1.74,56.74,28.16,50.12,23.13,28.73,72.82,Healthy
62.26,6.39,1.25,60.91,36.47,52.89,26.66,22.36,78.79,Healthy
7.23,4.82,2.72,5.94,11.31,27.68,17.26,19.94,36.29,Needs Attention
25.33,5.24,0.93,32.17,25.15,28.08,30.32,35.36,84.45,Moderate
45.48,6.43,1.19,55.89,26.24,54.95,19.74,27.49,59.84,Healthy
73.88,7.96,0.43,15.28,14.14,14.04,30.47,35.46,52.19,Moderate
47.73,6.24,1.25,53.84,48.97,56.64,26.1,26.92,79.41,Healthy
59.26,5.92,1.55,64.03,37.86,45.54,23.02,26.01,69.28,Healthy
10.33,5.46,3.01,24.47,13.19,18.32,15.65,38.28,33.26,Needs Attention
39.43,6.62,2.18,44.7,47.09,44.39,20.87,25.16,59.21,Healthy
73.33,8.35,1.03,32.21,28.47,24.45,32.06,33.74,36.04,Moderate
50.63,6.94,1.89,77.48,39.5,46.68,22.2,29.93,59.65,Healthy
89.07,5.32,2.86,15.69,11.79,7.55,33.07,36.57,95.87,Needs Attention
85.21,6.19,2.49,36.89,22.82,31.04,34.13,32.03,56.67,Moderate
27.3,8.14,2.21,49.09,24.02,25.72,34.14,36.31,85.18,Moderate
49.88,6.19,1.1,70.2,46.05,54.2,26.75,23.02,69.96,Healthy
82.81,4.78,2.64,25.88,13.34,30.81,14.65,35.97,95.26,Needs Attention
90.43,8.35,0.32,20.62,11.23,13.0,15.72,16.92,93.08,Needs Attention
54.09,6.37,1.32,66.2,37.75,49.77,21.85,27.59,62.29,Healthy
79.76,5.05,2.39,19.93,16.73,52.29,31.17,36.71,38.64,Moderate
62.28,6.21,1.9,37.53,20.76,29.8,33.19,35.73,44.58,Moderate
88.85,8.39,2.69,15.19,15.11,23.85,12.08,36.66,25.93,Needs Attention
43.64,6.95,1.49,56.21,43.69,62.12,24.4,25.29,73.06,Healthy
60.48,7.06,1.24,47.21,38.37,46.24,20.83,24.74,47.27,Healthy
35.1,6.1,1.95,34.4,18.36,28.42,34.87,35.56,46.57,Moderate
31.14,6.49,2.2,44.72,34.38,24.69,27.44,33.27,42.75,Moderate
77.34,5.38,2.8,39.63,33.69,38.14,33.15,28.66,92.55,Moderate
60.61,6.73,1.2,66.75,53.78,43.14,24.6,30.27,73.04,Healthy
49.33,6.66,1.46,51.24,27.51,34.6,22.68,30.54,82.5,Healthy
43.76,6.98,2.15,42.1,44.04,48.86,25.62,25.14,49.68,Healthy
75.52,5.88,1.03,45.0,27.06,29.58,33.42,30.17,48.27,Moderate
58.77,5.38,2.08,29.33,42.72,38.81,33.96,32.98,63.0,Moderate
41.34,7.74,0.77,56.69,18.27,34.87,28.25,34.33,92.73,Moderate
67.33,8.23,0.82,42.16,20.51,27.14,34.79,37.5,83.28,Moderate
47.55,6.76,1.02,64.19,42.57,46.18,22.21,24.94,60.09,Healthy
53.84,6.17,1.23,70.54,54.17,51.12,24.06,24.0,84.78,Healthy
26.27,7.79,0.61,46.33,19.74,39.7,30.24,32.11,40.62,Moderate
38.26,6.59,1.78,47.54,50.6,47.67,29.79,24.95,70.7,Healthy
71.03,7.89,2.69,41.51,28.3,48.24,35.36,33.7,61.52,Moderate
14.57,8.39,2.74,21.32,8.47,19.93,16.71,35.77,21.38,Needs Attention
18.77,7.85,0.8,39.44,17.0,36.15,35.25,35.97,86.93,Moderate
27.83,6.36,2.29,28.81,17.87,17.37,28.07,30.98,52.53,Moderate
39.97,6.29,1.59,65.09,35.52,66.09,18.87,23.22,64.58,Healthy
61.71,8.3,0.83,37.07,11.96,38.62,29.01,37.88,91.9,Moderate
21.91,5.5,2.29,26.61,18.43,34.81,30.63,36.43,38.07,Moderate
56.0,6.54,1.29,56.75,29.8,56.07,27.12,24.87,75.92,Healthy
49.27,6.8,1.33,57.65,43.36,46.13,26.7,28.75,70.38,Healthy
93.75,8.85,2.73,22.87,19.77,10.34,35.27,19.83,30.19,Needs Attention
72.94,7.95,2.51,34.43,29.37,29.77,34.85,29.94,91.78,Moderate
5.47,8.42,0.56,21.13,13.25,13.16,35.51,16.71,96.98,Needs Attention
63.24,8.22,2.36,35.08,24.48,29.27,30.51,31.57,44.46,Moderate
67.72,6.91,0.51,38.32,24.05,38.92,29.8,35.44,46.63,Moderate
90.27,5.55,0.56,21.95,10.84,6.16,35.86,20.17,25.67,Needs Attention
34.3,6.47,0.7,28.79,22.74,40.06,34.07,34.32,94.69,Moderate
77.32,7.94,2.31,39.42,22.5,35.34,32.16,35.05,40.41,Moderate
66.79,5.73,0.97,34.86,17.0,27.6,31.0,33.39,100.0,Moderate
10.67,4.53,2.7,18.39,13.83,9.59,17.16,21.96,97.93,Needs Attention
34.01,6.1,1.43,58.18,37.64,60.84,22.16,22.84,64.57,Healthy
16.31,8.62,2.83,18.68,16.85,19.55,16.05,17.34,100.0,Needs Attention
100.0,8.45,0.46,17.75,7.89,12.87,34.41,34.61,96.74,Needs Attention
47.02,6.95,1.5,65.07,31.23,53.21,23.35,28.11,54.49,Healthy
69.54,8.1,2.12,33.57,21.79,51.15,28.36,31.68,89.88,Moderate
47.91,7.25,1.34,53.29,24.99,49.83,22.15,26.25,74.16,Healthy
55.62,6.17,1.63,57.6,48.04,52.49,28.03,28.72,81.91,Healthy
47.57,7.02,1.73,60.68,57.14,58.5,24.76,26.5,71.57,Healthy
35.21,5.96,2.02,38.61,14.93,31.37,33.68,38.77,77.71,Moderate
51.18,6.63,1.34,61.41,32.77,43.34,26.89,28.29,60.24,Healthy
63.25,5.86,0.75,48.89,19.95,26.86,27.5,31.29,82.92,Moderate
62.57,5.49,0.86,27.17,26.82,34.07,30.81,35.83,96.41,Moderate
91.3,4.94,2.77,28.33,8.15,13.19,34.49,17.28,23.11,Needs Attention
66.77,8.05,1.41,37.51,23.64,43.55,33.74,34.77,82.32,Moderate
49.44,7.07,1.57,50.87,41.9,51.5,25.68,26.04,61.13,Healthy
22.54,7.68,0.88,26.91,18.64,27.38,31.88,32.68,88.6,Moderate
13.97,8.74,2.84,19.88,12.48,15.62,36.0,20.64,35.26,Needs Attention
44.31,6.87,1.42,48.56,42.99,47.05,25.63,21.9,69.36,Healthy
66.41,7.39,1.67,69.83,43.95,47.68,28.61,24.15,80.72,Healthy
7.93,8.2,2.83,13.17,9.09,13.75,33.89,22.26,29.8,Needs Attention
31.97,7.15,1.47,56.88,38.98,56.8,27.1,26.13,75.69,Healthy
66.62,8.14,0.71,29.16,15.11,16.99,30.84,36.18,98.92,Moderate
64.62,6.61,1.62,46.74,57.47,40.06,29.69,26.59,51.89,Healthy
40.26,6.06,1.3,63.26,31.38,52.97,20.81,26.3,61.68,Healthy
15.01,8.5,0.54,13.93,11.62,19.09,14.96,38.11,29.45,Needs Attention
85.63,5.04,0.5,22.91,9.63,5.68,15.51,36.49,98.37,Needs Attention
66.26,5.73,2.09,34.61,28.74,33.23,35.56,36.83,97.58,Moderate
27.38,8.06,1.13,20.44,17.46,31.75,35.93,27.18,77.3,Moderate
55.86,6.66,1.88,44.35,47.45,51.32,26.02,19.84,69.65,Healthy
53.1,7.44,1.22,56.73,36.91,76.13,22.1,26.52,68.72,Healthy
12.15,5.16,2.89,18.59,14.57,18.05,33.37,35.84,29.06,Needs Attention
62.28,6.68,1.36,56.25,43.64,41.66,25.57,27.77,55.9,Healthy
13.04,8.12,2.55,28.06,27.88,29.0,28.96,39.11,42.0,Moderate
90.33,5.52,0.36,16.63,9.04,19.62,17.63,20.35,31.08,Needs Attention
85.35,5.0,1.59,24.23,39.91,27.96,28.43,34.06,94.05,Moderate
60.63,6.43,0.47,29.17,24.95,30.44,28.5,34.96,100.0,Moderate
45.85,6.68,1.58,37.43,50.71,51.5,17.45,27.51,68.1,Healthy
42.5,7.26,1.31,50.3,32.48,48.76,26.94,25.55,81.63,Healthy
48.73,6.95,1.6,66.75,27.57,52.58,23.83,26.74,70.09,Healthy
46.93,6.78,1.51,84.38,41.15,47.7,24.53,24.53,56.9,Healthy
26.94,5.87,1.14,27.73,31.12,15.62,33.93,32.36,100.0,Moderate
44.18,6.97,1.33,50.02,48.66,55.5,26.24,24.64,69.44,Healthy
13.86,5.0,0.29,19.48,12.24,22.39,37.72,17.02,28.22,Needs Attention
49.96,5.88,1.4,68.91,47.17,51.14,28.75,25.85,65.55,Healthy
45.83,6.66,1.26,56.39,55.12,65.85,25.39,26.92,79.6,Healthy
52.7,6.67,1.38,78.69,38.28,56.5,24.2,27.72,76.97,Healthy
61.07,6.61,1.37,67.18,35.17,52.87,19.51,26.08,83.75,Healthy
94.34,5.4,0.5,28.66,15.91,15.45,33.9,36.82,25.95,Needs Attention
72.63,5.65,0.68,40.23,11.95,35.05,29.97,29.8,97.3,Moderate
32.22,8.24,1.49,25.59,11.5,46.42,35.54,28.62,78.31,Moderate
21.82,5.19,0.34,27.89,7.75,20.39,14.21,21.95,95.97,Needs Attention
63.1,7.22,2.29,39.79,17.04,40.35,31.73,31.03,45.87,Moderate
58.71,6.42,2.22,38.67,18.18,23.43,32.15,29.86,91.95,Moderate
90.01,8.63,2.76,20.85,12.17,18.62,34.13,19.42,26.05,Needs Attention
72.6,7.75,0.72,40.43,21.32,25.27,30.33,34.0,49.68,Moderate
67.25,6.65,1.49,36.47,47.75,61.44,25.51,30.56,64.96,Healthy
62.79,6.92,1.46,64.92,46.04,48.0,24.02,36.14,68.4,Healthy
79.66,9.0,0.45,12.06,15.5,17.45,36.26,20.66,25.63,Needs Attention
86.89,4.85,0.51,24.74,2.37,6.81,18.13,20.11,33.77,Needs Attention
10.04,4.73,0.18,23.48,11.0,17.69,34.4,35.5,97.29,Needs Attention
14.22,5.16,0.46,14.89,13.29,8.72,19.04,36.78,96.26,Needs Attention
45.31,6.58,1.45,38.28,51.97,73.61,24.93,29.0,81.73,Healthy
25.99,7.8,0.93,34.36,13.19,21.12,31.47,36.83,86.91,Moderate
65.57,6.54,1.49,55.27,39.61,58.67,19.0,27.45,68.61,Healthy
23.69,5.8,1.17,33.19,15.57,46.8,29.26,31.94,47.26,Moderate
54.77,7.18,1.66,44.3,39.07,62.41,25.81,27.55,57.24,Healthy
56.32,6.75,1.43,64.46,32.41,59.72,22.22,31.54,82.25,Healthy
56.21,5.24,1.04,29.53,21.75,24.43,36.98,28.27,44.5,Moderate
53.75,6.68,1.56,67.25,48.96,53.72,21.66,23.26,61.63,Healthy
51.38,6.57,1.65,68.25,39.5,50.83,28.48,26.94,72.68,Healthy
82.6,5.61,1.14,20.95,1.07,37.57,34.41,29.54,98.71,Moderate
61.52,5.58,0.73,32.57,33.33,20.64,31.99,31.21,39.91,Moderate
54.17,6.61,1.29,50.42,42.1,52.43,25.0,27.54,71.35,Healthy
51.74,6.66,1.14,60.17,45.79,46.69,23.22,29.38,87.39,Healthy
57.67,6.74,1.54,52.56,40.3,49.28,24.77,22.03,61.96,Healthy
51.61,7.2,1.62,68.4,33.89,43.73,24.66,29.25,76.78,Healthy
8.94,8.31,0.57,15.42,18.39,27.55,35.95,21.48,26.86,Needs Attention
4.33,8.89,0.4,18.97,21.58,16.43,35.04,17.3,93.91,Needs Attention
34.28,7.69,0.6,28.37,21.05,33.36,31.19,37.07,88.53,Moderate
37.78,6.59,1.04,61.32,53.04,60.96,22.98,28.52,75.14,Healthy
51.98,6.77,1.31,57.45,41.07,45.84,24.18,23.98,93.11,Healthy
8.82,8.5,2.61,15.9,13.45,9.46,31.28,37.21,24.55,Needs Attention
35.01,7.73,0.95,26.67,24.63,40.51,37.15,37.51,46.8,Moderate
10.38,5.08,2.66,15.28,13.49,7.27,13.76,18.68,97.79,Needs Attention
17.45,5.72,0.83,40.91,18.1,33.32,33.27,31.33,86.52,Moderate
45.08,6.62,1.54,52.96,32.58,46.7,25.45,29.73,60.56,Healthy
62.48,7.07,1.68,58.65,31.43,37.94,23.75,29.1,67.48,Healthy
50.08,6.36,1.72,58.21,45.43,39.84,24.94,28.72,53.61,Healthy
30.86,8.48,0.92,7.23,22.44,38.46,31.54,32.85,48.87,Moderate
92.48,8.6,2.77,14.21,15.09,10.91,14.41,36.52,35.13,Needs Attention
86.67,8.21,2.65,20.57,8.28,24.64,35.0,37.31,98.44,Needs Attention
41.97,6.14,1.23,57.52,23.16,46.56,23.88,26.35,66.04,Healthy
29.61,5.36,1.05,33.07,19.98,41.25,30.95,33.89,62.3,Moderate
87.12,4.64,0.35,15.57,12.77,7.79,14.4,23.47,100.0,Needs Attention
56.48,7.84,2.14,33.72,13.67,36.4,30.3,33.1,40.42,Moderate
89.89,8.99,0.4,18.61,20.17,21.4,34.22,35.93,27.02,Needs Attention
89.09,5.66,2.62,20.89,15.38,16.43,34.44,16.84,32.18,Needs Attention
86.68,8.66,0.36,30.52,9.66,8.33,35.85,21.4,98.09,Needs Attention
10.73,8.39,2.76,23.26,10.41,27.24,14.79,22.55,31.94,Needs Attention
73.58,7.09,0.98,35.37,17.18,38.72,31.36,33.91,48.15,Moderate
49.04,7.4,1.34,70.41,43.05,51.83,27.93,27.87,71.13,Healthy
62.32,6.65,1.41,65.1,17.23,42.18,27.02,27.46,70.06,Healthy
86.51,8.42,0.38,23.18,20.12,22.92,34.25,19.21,27.87,Needs Attention
77.94,5.52,2.32,31.67,25.45,24.6,29.64,33.26,49.85,Moderate
54.14,6.61,1.46,65.51,40.65,67.08,27.32,26.64,70.22,Healthy
95.2,8.45,0.46,15.0,7.63,24.6,34.96,18.87,28.15,Needs Attention
33.48,5.74,1.19,30.17,17.02,51.98,29.18,36.14,90.25,Moderate
8.95,8.96,2.73,27.96,12.83,18.15,36.76,20.1,94.54,Needs Attention
49.13,6.97,1.2,56.91,37.49,40.49,21.89,27.38,72.99,Healthy
23.44,7.45,2.37,28.66,20.78,40.45,33.38,34.17,86.61,Moderate
19.24,7.98,2.66,38.35,35.36,36.72,34.71,33.1,84.86,Moderate
8.75,5.06,0.27,20.18,10.32,13.69,15.46,20.39,94.65,Needs Attention
63.82,6.32,2.26,37.2,21.34,13.75,28.84,35.54,87.25,Moderate
49.68,6.89,1.37,51.33,49.96,48.8,28.05,26.02,71.85,Healthy
37.12,7.81,0.8,31.89,22.07,37.36,36.12,35.46,86.6,Moderate
48.58,6.33,1.91,66.31,31.58,55.69,20.79,26.59,70.42,Healthy
23.52,7.98,0.32,47.25,23.65,35.42,32.93,32.43,45.53,Moderate
94.53,4.99,0.37,20.85,13.43,21.69,33.32,20.79,31.17,Needs Attention
58.07,6.68,1.48,58.0,34.05,43.7,23.48,23.58,67.5,Healthy
14.5,8.75,2.89,22.65,9.29,4.54,34.66,38.4,92.68,Needs Attention
16.82,7.68,2.44,35.1,29.13,30.08,33.06,38.13,82.64,Moderate
86.49,4.9,2.68,16.62,16.13,26.87,14.6,39.61,93.21,Needs Attention
62.67,7.68,1.17,32.66,30.98,19.41,33.26,30.39,75.89,Moderate
57.78,7.04,1.38,63.09,45.41,50.52,21.72,25.13,68.59,Healthy
88.78,8.83,0.41,23.9,14.54,18.12,35.46,37.85,94.37,Needs Attention
50.51,6.91,1.3,32.63,33.9,59.48,25.6,25.82,78.66,Healthy
82.61,5.82,2.48,43.18,31.49,23.51,34.41,36.55,95.39,Moderate
49.64,6.88,1.69,65.12,49.87,75.28,26.26,25.62,76.61,Healthy
77.87,7.87,1.15,19.18,18.66,25.09,29.81,33.04,42.43,Moderate
11.05,8.17,2.17,37.23,25.39,37.89,35.18,35.58,49.11,Moderate
9.93,8.71,0.46,28.54,5.87,19.81,15.64,37.02,36.97,Needs Attention
63.47,6.39,1.89,67.71,37.52,26.65,27.98,32.31,65.75,Healthy
28.58,5.69,1.97,34.43,33.45,28.57,31.68,30.62,82.82,Moderate
8.15,8.59,0.45,24.97,13.96,25.01,32.09,37.17,32.8,Needs Attention
65.25,7.41,2.22,43.25,18.46,31.81,28.26,30.96,93.43,Moderate
37.72,6.23,2.45,41.57,19.89,34.64,30.25,29.69,40.22,Moderate
60.93,7.8,0.94,18.05,20.82,25.0,33.34,33.33,82.79,Moderate
33.2,5.01,1.98,23.05,21.04,26.71,30.82,35.85,41.53,Moderate
36.71,5.97,0.52,25.33,22.33,40.84,35.07,33.88,42.05,Moderate
33.96,6.67,1.18,62.96,46.45,30.25,22.56,28.06,59.32,Healthy
48.42,6.55,1.79,74.3,43.12,53.44,23.24,26.94,61.16,Healthy
57.95,6.38,1.36,44.18,47.53,51.08,22.37,27.28,61.17,Healthy
62.13,5.48,2.01,38.43,35.77,41.0,29.35,33.25,46.37,Moderate
84.48,8.61,2.66,29.25,13.87,10.27,18.19,20.49,94.34,Needs Attention
36.48,7.63,1.45,58.87,50.1,48.07,27.73,26.08,88.46,Healthy
49.03,7.06,1.59,68.59,37.57,61.09,22.77,25.62,73.17,Healthy
51.63,6.79,1.42,57.02,40.64,42.58,27.68,26.73,68.37,Healthy
50.19,6.02,1.45,45.62,35.84,55.05,24.19,28.07,73.41,Healthy
53.14,6.62,1.83,55.67,33.91,55.47,22.41,27.7,86.82,Healthy
12.71,8.67,2.82,19.19,18.31,21.09,36.98,38.6,97.21,Needs Attention
65.79,6.83,1.59,58.31,42.13,49.71,22.19,28.02,81.22,Healthy
69.57,7.21,1.27,55.26,38.29,53.46,22.75,28.32,85.07,Healthy
61.13,6.94,1.45,72.83,37.22,52.54,23.89,20.61,83.45,Healthy
53.84,6.19,1.33,50.95,43.97,47.16,21.07,25.3,77.39,Healthy
40.43,6.68,1.43,68.36,44.91,56.57,23.49,30.65,100.0,Healthy
10.34,5.17,2.97,20.76,6.01,19.26,34.75,18.05,31.06,Needs Attention
43.3,6.59,1.36,59.75,38.77,59.64,17.63,24.06,89.05,Healthy
65.12,5.53,0.72,39.88,16.41,33.42,33.41,30.98,90.44,Moderate
8.39,4.91,0.29,13.5,14.5,25.75,32.86,17.16,96.85,Needs Attention
15.23,5.19,0.1,23.05,18.36,11.82,17.29,37.66,30.33,Needs Attention
80.07,5.22,1.82,48.83,21.88,51.15,30.41,32.73,51.33,Moderate
23.02,5.67,0.7,43.87,37.17,24.28,28.73,32.91,86.19,Moderate
53.07,6.59,1.55,64.82,40.03,44.57,21.49,27.56,58.68,Healthy
56.83,6.65,1.62,61.85,42.08,42.56,24.69,27.76,91.81,Healthy
4.69,5.42,0.52,22.76,12.69,21.79,36.63,17.26,96.98,Needs Attention
59.94,7.4,2.22,28.13,27.74,22.64,30.28,35.95,39.43,Moderate
75.19,8.54,2.01,24.88,26.36,28.8,35.67,33.47,35.34,Moderate
23.81,7.66,2.22,31.67,10.65,39.4,33.28,33.97,84.56,Moderate
6.87,8.35,2.79,14.27,17.66,12.27,35.59,19.59,37.23,Needs Attention
88.09,4.49,0.48,12.31,16.09,10.65,15.97,32.97,34.7,Needs Attention
39.41,6.98,1.39,52.36,34.75,39.59,24.52,26.5,60.18,Healthy
42.91,6.24,1.06,68.47,47.53,46.16,27.92,28.85,73.83,Healthy
49.54,4.95,0.84,47.85,12.27,49.47,33.09,35.18,77.47,Moderate
79.99,5.99,0.53,40.31,17.11,31.59,32.52,34.64,95.16,Moderate
53.82,7.01,1.39,60.15,36.13,50.66,27.04,31.17,60.56,Healthy
37.1,6.95,1.16,54.22,46.13,42.25,28.07,27.77,76.16,Healthy
72.98,7.82,1.2,30.47,18.21,29.79,36.64,36.09,91.97,Moderate
28.37,8.41,1.03,28.65,22.02,36.41,34.78,36.24,62.38,Moderate
54.81,7.35,1.59,52.41,48.85,45.69,24.91,23.12,62.7,Healthy
29.4,7.74,2.17,29.32,10.92,20.65,33.47,34.59,84.06,Moderate
31.54,6.18,2.39,32.71,24.5,34.11,31.94,31.56,49.5,Moderate
50.02,6.85,2.23,57.92,34.43,56.81,26.34,27.9,73.41,Healthy
37.83,7.98,2.4,52.05,21.71,25.31,33.75,39.91,39.44,Moderate
27.09,8.5,2.15,39.26,15.62,19.92,31.83,31.16,45.23,Moderate
6.8,8.48,0.49,21.44,11.99,12.05,33.31,17.25,33.63,Needs Attention
22.09,5.68,0.92,32.82,10.08,14.1,33.84,32.34,84.09,Moderate
44.18,5.78,2.06,30.7,34.52,33.33,33.87,34.5,88.72,Moderate
70.02,8.01,2.26,29.12,20.96,30.96,32.54,36.77,35.18,Moderate
79.73,4.71,0.51,19.86,12.62,17.85,16.64,20.84,37.55,Needs Attention
10.78,8.62,2.99,21.61,12.96,18.51,35.48,41.56,27.75,Needs Attention
55.39,6.93,1.08,59.8,44.96,35.96,25.21,24.97,76.88,Healthy
53.84,6.59,1.25,40.9,39.26,40.42,20.79,27.56,80.72,Healthy
51.47,6.48,1.2,46.54,36.5,54.5,19.72,26.86,85.64,Healthy
65.38,6.54,1.29,45.44,50.14,67.03,25.43,24.05,71.94,Healthy
40.96,7.2,1.31,67.2,49.28,58.03,22.77,25.98,47.91,Healthy
90.93,5.06,0.38,23.99,17.37,26.09,13.56,17.74,94.91,Needs Attention
57.27,6.35,1.28,62.75,42.83,41.5,26.37,24.33,83.73,Healthy
80.99,4.98,0.63,27.99,12.76,21.13,18.07,19.82,95.65,Needs Attention
70.8,5.65,0.84,23.2,28.66,23.14,33.06,29.33,44.52,Moderate
43.61,7.37,1.43,42.69,47.8,39.79,27.9,26.95,60.54,Healthy
26.29,8.09,0.86,24.99,32.14,23.71,32.91,32.76,95.54,Moderate
97.99,8.48,2.65,22.02,17.67,23.68,13.56,19.95,32.86,Needs Attention
25.1,5.54,2.18,47.57,25.04,38.27,27.46,29.75,42.0,Moderate
32.05,5.61,2.59,31.55,25.86,38.03,31.51,36.87,54.66,Moderate
29.78,5.83,0.9,42.76,18.32,28.7,29.43,34.48,86.18,Moderate
25.59,5.35,1.12,49.35,30.79,17.83,34.97,38.63,95.58,Moderate
94.18,5.02,2.91,24.12,14.42,9.72,34.59,17.55,23.27,Needs Attention
39.03,6.52,1.8,50.73,36.2,43.71,28.56,20.1,66.99,Healthy
51.8,6.5,1.42,75.98,45.17,72.59,21.79,25.86,75.74,Healthy
26.03,7.9,0.72,38.26,20.95,20.79,35.98,34.3,90.8,Moderate
51.22,7.43,1.35,61.42,40.8,53.98,30.05,27.19,66.89,Healthy
68.37,8.0,1.34,25.34,32.07,21.07,31.34,34.78,80.99,Moderate
89.53,5.36,2.65,13.07,17.67,14.92,16.32,36.5,31.22,Needs Attention
11.63,5.11,2.77,8.61,8.77,20.95,18.77,20.96,28.81,Needs Attention
12.51,5.74,1.14,26.25,19.03,35.2,29.22,33.73,89.48,Moderate
90.16,9.05,2.54,15.98,14.23,22.99,16.27,35.34,27.74,Needs Attention
57.9,6.73,1.22,67.31,19.61,44.86,23.75,29.56,92.16,Healthy
30.97,8.69,0.67,39.57,16.91,22.48,31.72,35.59,100.0,Moderate
21.75,8.54,2.22,42.83,21.63,39.98,30.97,37.96,42.57,Moderate
80.96,5.67,2.17,18.11,12.05,29.37,31.45,33.97,86.0,Moderate
57.28,6.62,1.69,59.36,37.66,40.3,25.25,26.34,80.12,Healthy
29.56,6.03,1.8,56.26,30.9,52.03,31.0,27.01,89.23,Healthy
28.22,5.96,2.25,35.29,25.04,17.27,34.3,35.78,61.83,Moderate
84.61,7.69,1.22,29.59,26.51,28.32,28.86,36.25,40.24,Moderate
18.0,8.34,2.25,22.76,15.68,39.5,36.35,32.45,46.33,Moderate
14.39,8.6,0.37,32.13,10.13,10.64,33.39,19.53,33.58,Needs Attention
43.33,7.17,1.38,55.79,24.16,50.73,26.21,25.71,60.47,Healthy
45.01,6.98,1.44,61.94,41.41,51.44,25.32,29.53,73.08,Healthy
33.91,7.82,2.61,21.65,22.94,46.65,28.91,33.71,52.36,Moderate
19.45,4.55,0.35,12.45,19.14,21.98,31.4,21.55,94.6,Needs Attention
9.51,8.73,2.78,14.4,13.46,25.77,15.2,19.35,96.12,Needs Attention
75.64,5.69,2.18,40.43,37.3,20.27,24.03,32.96,85.36,Moderate
38.18,7.01,1.73,66.89,32.05,53.24,24.46,32.31,77.55,Healthy
14.59,9.21,2.67,8.09,12.11,28.04,34.76,19.67,100.0,Needs Attention
57.39,6.43,1.98,69.59,30.2,68.38,26.32,26.55,78.08,Healthy
74.21,7.85,0.67,36.49,23.32,19.12,30.6,31.68,89.76,Moderate
57.72,6.51,1.54,48.84,45.42,52.37,26.01,28.18,59.35,Healthy
42.9,7.81,0.78,28.77,21.12,24.67,33.81,37.68,50.82,Moderate
45.47,6.31,1.62,70.77,43.42,57.66,22.28,25.21,60.46,Healthy
89.61,4.9,0.43,25.08,17.65,29.57,34.42,35.12,24.1,Needs Attention
48.69,6.54,0.96,66.64,35.6,81.58,22.65,33.32,78.74,Healthy
38.01,8.26,1.75,38.84,15.49,35.57,33.58,35.98,92.77,Moderate
56.07,6.48,1.47,63.41,33.68,48.99,24.75,30.99,61.11,Healthy
51.32,6.55,1.19,75.13,28.78,44.05,22.51,26.9,75.2,Healthy
47.73,6.84,1.58,65.49,45.3,50.77,21.63,28.5,76.07,Healthy
66.93,5.76,0.98,34.51,17.68,41.71,32.51,35.58,54.8,Moderate
70.26,6.24,2.65,46.1,32.43,36.48,26.72,31.4,90.45,Moderate
62.78,8.87,1.78,39.88,36.69,20.5,36.75,29.38,90.16,Moderate
8.73,5.24,0.35,20.45,9.71,19.72,33.82,17.59,34.1,Needs Attention
38.54,7.33,1.36,42.39,13.16,18.44,32.52,31.14,44.67,Moderate
47.4,6.13,0.97,57.32,36.18,42.9,21.81,27.4,83.72,Healthy
63.34,6.43,1.68,54.52,34.23,46.91,19.08,30.78,74.04,Healthy
72.27,7.69,0.96,10.84,22.01,44.08,25.51,36.06,34.93,Moderate
58.33,6.89,1.35,57.39,41.43,59.7,20.96,25.18,86.75,Healthy
47.33,6.71,1.37,34.2,52.42,37.64,22.45,23.21,83.69,Healthy
75.07,5.39,1.02,23.16,25.52,23.26,32.2,39.96,44.66,Moderate
23.29,8.4,0.37,29.72,8.27,15.65,37.11,34.81,94.94,Needs Attention
36.48,8.09,1.06,38.68,8.78,25.99,32.21,35.17,91.84,Moderate
89.17,4.46,2.7,17.94,14.41,16.55,11.68,35.79,36.09,Needs Attention
74.34,5.69,2.36,48.26,16.13,27.59,34.02,36.08,95.1,Moderate
44.81,6.23,1.5,69.84,51.37,41.11,26.47,27.25,50.44,Healthy
83.2,8.79,2.72,20.69,14.45,19.94,34.1,34.58,35.48,Needs Attention
36.26,5.69,0.67,39.03,18.9,24.13,29.74,34.23,44.76,Moderate
51.52,6.67,1.31,63.22,44.1,61.23,24.49,23.4,81.97,Healthy
45.57,6.5,1.56,53.7,49.77,47.34,22.45,26.99,75.92,Healthy
64.44,7.78,1.89,32.11,25.15,23.83,31.59,37.52,100.0,Moderate
36.06,7.95,1.69,29.88,16.67,32.98,33.55,34.81,41.02,Moderate
37.52,7.29,1.87,53.54,46.02,61.68,22.73,29.74,66.28,Healthy
14.29,8.47,2.62,14.88,14.04,32.36,37.35,20.8,91.82,Needs Attention
13.47,8.7,2.76,26.96,8.43,11.21,39.97,19.88,97.08,Needs Attention
20.62,8.43,2.62,22.41,11.38,9.67,18.42,21.24,96.07,Needs Attention
59.2,8.53,2.08,11.11,9.8,36.06,35.14,32.05,33.93,Moderate
76.03,5.08,1.23,22.61,22.7,27.8,31.35,34.76,80.25,Moderate
94.49,8.1,0.5,23.09,18.21,7.03,17.12,40.08,28.55,Needs Attention
67.25,5.4,1.99,32.44,17.56,34.1,35.48,35.29,52.76,Moderate
71.93,6.17,0.92,53.31,17.6,21.52,31.97,33.07,40.43,Moderate
59.8,6.97,1.19,59.81,21.01,46.26,26.9,26.62,73.06,Healthy
60.14,5.85,1.61,53.06,43.2,38.34,23.42,22.19,68.11,Healthy
56.93,7.73,0.88,22.81,18.52,39.17,31.47,32.45,49.5,Moderate
54.18,7.04,1.51,41.46,29.3,51.53,29.21,25.38,77.45,Healthy
94.12,9.04,2.8,22.79,5.94,12.95,16.21,36.27,94.01,Needs Attention
59.34,6.04,0.6,24.42,22.68,31.72,30.6,37.23,31.74,Moderate
50.72,5.08,1.07,37.24,8.06,35.31,29.55,33.75,91.55,Moderate
98.62,5.46,2.75,29.01,9.23,14.61,33.54,17.6,99.19,Needs Attention
68.33,5.6,2.37,30.98,24.68,33.01,29.17,32.84,96.98,Moderate
52.5,6.35,1.24,40.18,23.54,47.24,25.63,26.66,82.44,Healthy
36.31,6.81,1.33,59.62,55.55,59.89,25.94,26.86,75.73,Healthy
32.65,7.3,1.47,68.13,44.05,66.4,25.02,22.91,71.05,Healthy
13.87,8.61,3.09,16.14,4.38,9.55,14.49,18.21,97.74,Needs Attention
16.31,8.18,2.35,37.41,27.48,36.73,30.04,34.56,86.02,Moderate
45.7,6.5,1.41,61.92,37.25,52.14,24.98,26.33,69.05,Healthy
66.23,8.03,2.29,48.38,14.83,27.63,31.16,37.14,39.45,Moderate
56.06,6.01,2.39,40.07,22.54,34.81,33.43,34.96,45.6,Moderate
8.18,5.39,3.09,8.65,9.67,1.39,36.62,17.18,93.36,Needs Attention
52.76,7.11,1.51,82.62,34.59,59.4,21.73,31.83,84.23,Healthy
90.34,8.23,2.67,9.71,10.14,17.84,38.9,38.08,29.5,Needs Attention
63.69,5.44,1.1,26.16,6.2,28.2,37.11,31.34,42.17,Moderate
89.2,5.44,1.07,32.64,22.25,35.9,40.01,32.55,33.16,Moderate
43.78,7.12,1.63,65.06,32.26,67.99,20.01,29.38,73.75,Healthy
41.42,6.6,1.12,49.55,40.71,50.82,32.16,22.96,70.87,Healthy
48.69,8.01,2.18,22.74,31.7,28.3,29.57,35.36,85.49,Moderate
49.01,6.27,1.18,73.23,34.86,60.08,21.79,26.96,68.03,Healthy
53.34,6.12,1.78,52.52,31.69,79.01,24.45,26.37,78.73,Healthy
83.27,7.57,0.56,16.99,13.87,31.96,35.18,36.49,39.42,Moderate
68.07,5.54,2.32,35.37,27.58,31.13,39.95,34.38,76.03,Moderate
11.98,7.9,0.4,27.06,12.36,10.87,33.48,16.18,97.87,Needs Attention
29.91,8.37,2.56,25.79,20.62,16.65,32.36,33.26,86.84,Moderate
27.01,5.15,0.91,36.01,30.11,45.72,35.78,36.29,83.64,Moderate
74.38,6.27,0.91,40.64,26.96,49.02,26.16,32.84,42.64,Moderate
34.22,6.45,1.08,73.67,46.72,55.98,23.08,25.63,64.26,Healthy
56.9,6.16,1.21,51.13,40.96,40.7,24.26,25.07,70.78,Healthy
19.07,7.84,1.89,39.14,23.5,44.12,33.04,35.38,73.02,Moderate
32.42,6.1,0.98,18.36,21.9,23.35,35.21,36.83,87.68,Moderate
61.2,7.81,0.58,36.98,14.36,26.54,32.69,33.47,90.33,Moderate
71.27,5.85,0.51,35.58,21.18,35.36,34.08,35.19,94.53,Moderate
61.87,7.55,2.25,36.42,26.67,47.01,30.06,32.55,94.57,Moderate
35.51,7.32,1.74,59.99,38.07,55.9,22.9,26.47,58.72,Healthy
30.95,7.19,1.55,41.01,31.1,51.47,31.21,33.77,86.31,Moderate
59.59,7.16,0.73,44.78,20.24,44.24,32.93,29.68,51.61,Moderate
66.22,6.74,1.48,71.43,33.0,46.79,25.21,22.57,69.86,Healthy
31.56,6.11,2.14,37.29,21.91,35.63,33.99,36.47,41.37,Moderate
27.11,7.58,0.67,42.14,19.03,28.23,31.09,37.11,47.87,Moderate
39.97,7.11,1.66,38.23,41.81,55.37,23.7,33.29,89.9,Healthy
56.35,7.25,2.26,32.28,27.33,32.18,33.19,34.71,55.98,Moderate
6.83,8.32,0.51,13.84,12.16,18.32,36.26,17.81,21.85,Needs Attention
84.07,8.6,0.48,23.61,11.85,29.02,16.88,21.49,93.64,Needs Attention
80.97,5.5,2.4,36.9,21.11,28.99,34.83,34.6,38.49,Moderate
77.41,8.2,2.25,38.76,18.1,25.66,30.3,33.81,42.15,Moderate
0.0,8.55,2.83,24.19,7.55,15.06,17.77,35.0,93.62,Needs Attention
92.9,8.08,0.29,9.58,13.84,16.41,37.33,39.27,94.66,Needs Attention
21.96,7.95,1.72,39.42,23.74,14.04,31.71,31.98,35.63,Moderate
23.75,8.35,2.28,23.4,31.83,37.54,33.96,31.87,90.63,Moderate
57.59,5.37,1.12,42.12,16.24,26.1,28.07,29.52,39.02,Moderate
15.77,8.34,2.64,14.19,14.03,13.49,32.78,17.86,29.19,Needs Attention
13.82,8.43,0.69,18.57,16.33,24.78,15.95,33.55,94.37,Needs Attention
39.27,7.17,1.41,53.3,40.93,43.29,24.04,21.49,50.79,Healthy
71.6,7.19,2.03,23.32,32.04,35.03,31.93,32.59,51.94,Moderate
16.21,5.96,0.86,42.21,21.24,34.07,29.3,34.88,78.92,Moderate
14.57,8.45,0.44,7.25,17.58,20.7,15.74,17.11,21.31,Needs Attention
44.34,6.95,2.1,59.34,30.42,50.39,24.53,29.27,83.18,Healthy
29.88,5.22,0.72,29.17,21.38,31.42,32.02,38.35,100.0,Moderate
50.42,6.73,1.55,75.4,30.36,63.42,23.58,30.81,69.0,Healthy
73.62,6.11,2.18,27.24,38.2,40.46,33.82,36.82,85.55,Moderate
9.27,4.92,0.24,17.66,12.08,12.55,33.24,15.21,36.12,Needs Attention
91.86,8.24,0.54,19.78,19.6,20.68,15.37,18.8,95.65,Needs Attention
11.9,8.41,2.75,8.27,18.94,14.77,36.8,39.18,27.3,Needs Attention
40.52,6.7,1.78,47.81,28.13,55.99,20.31,31.69,85.84,Healthy
93.83,5.27,0.39,18.2,2.31,21.25,34.4,36.33,38.31,Needs Attention
71.26,5.25,2.0,32.37,35.89,23.53,29.56,31.17,87.71,Moderate
86.77,4.94,0.27,24.92,17.37,17.64,32.78,38.52,28.34,Needs Attention
32.13,6.49,1.56,62.4,44.14,54.08,21.64,24.66,92.85,Healthy
43.64,7.03,1.05,63.97,44.21,72.14,27.11,28.09,84.23,Healthy
56.57,6.96,1.47,67.49,41.17,48.68,20.58,30.81,71.14,Healthy
22.76,5.71,2.89,29.6,12.7,35.66,31.99,31.97,83.29,Moderate
17.73,4.97,0.57,25.42,17.66,20.53,12.98,37.02,35.68,Needs Attention
45.02,6.59,1.39,63.84,31.66,66.58,25.96,18.79,72.77,Healthy
92.17,4.86,2.82,18.46,12.53,16.68,35.46,36.53,32.95,Needs Attention
43.89,6.76,1.5,70.31,32.04,35.88,27.99,27.24,79.29,Healthy
17.81,7.76,2.45,26.62,27.41,24.61,31.78,34.81,89.88,Moderate
85.55,8.53,2.73,13.02,15.18,11.9,16.14,20.53,34.95,Needs Attention
54.58,6.47,1.29,72.08,46.13,48.94,22.42,29.85,79.89,Healthy
64.9,6.92,1.59,64.72,28.31,56.6,21.96,25.23,91.46,Healthy
48.28,6.63,1.39,62.19,24.61,54.88,22.33,25.98,57.95,Healthy
26.01,5.59,2.18,20.31,26.91,26.46,32.94,36.22,93.59,Moderate
42.77,7.45,2.04,76.66,40.97,55.44,28.23,26.28,76.87,Healthy
78.12,8.55,0.73,27.99,27.29,29.03,33.03,38.83,60.94,Moderate
11.04,5.59,0.87,21.78,22.18,23.81,28.94,36.17,55.48,Moderate
5.69,8.1,0.61,18.14,10.47,10.86,33.81,20.34,94.39,Needs Attention
62.45,7.0,1.22,55.33,38.12,46.62,20.22,24.97,84.5,Healthy
50.87,6.34,1.26,65.92,48.88,54.77,23.79,25.14,76.85,Healthy
61.48,8.6,0.85,25.77,40.08,34.73,31.95,36.3,43.8,Moderate
83.58,4.96,0.61,22.72,6.95,12.93,14.74,22.66,23.8,Needs Attention
38.19,7.13,0.57,19.71,24.59,41.54,31.45,36.96,78.39,Moderate
41.45,8.06,2.34,34.44,30.53,25.48,28.96,34.69,87.54,Moderate
62.41,6.46,2.07,53.39,56.03,71.99,20.12,31.4,69.44,Healthy
35.11,6.83,1.28,58.0,30.35,48.29,24.56,27.71,80.06,Healthy
8.62,8.48,0.54,18.46,16.06,11.88,34.72,20.04,39.22,Needs Attention
32.58,5.64,0.76,39.83,23.96,39.03,32.93,31.84,84.06,Moderate
75.81,6.31,1.55,46.05,42.45,61.82,24.58,29.92,68.19,Healthy
51.3,7.09,1.31,59.08,34.82,55.98,22.87,24.94,75.72,Healthy
35.01,6.07,2.42,17.11,27.72,32.47,32.5,31.89,43.26,Moderate
69.16,5.71,0.46,23.8,23.35,26.89,31.14,33.85,41.52,Moderate
9.35,4.46,0.71,22.67,11.46,20.33,35.39,19.24,30.97,Needs Attention
47.29,6.53,1.5,59.46,40.77,49.97,24.39,31.97,74.47,Healthy
9.7,6.34,2.22,40.87,9.98,31.58,32.16,38.66,85.33,Moderate
87.84,5.05,2.72,19.75,14.61,11.8,15.42,21.59,31.7,Needs Attention
33.52,6.06,0.94,28.52,26.87,38.52,30.49,29.26,92.4,Moderate
67.89,5.89,0.79,25.76,28.14,30.19,30.92,33.53,41.29,Moderate
